verso,cancion
Podés pasear en limousine,DE LA CAMA AL LIVING
cortar las flores del jardín,DE LA CAMA AL LIVING
podés cambiar el sol,DE LA CAMA AL LIVING
y esconderte si no quieres verme.,DE LA CAMA AL LIVING
Puedes ver amanecer,DE LA CAMA AL LIVING
con caviar desde un hotel,DE LA CAMA AL LIVING
y no tienes un poquito de amor para dar.,DE LA CAMA AL LIVING
Yendo de la cama al living,DE LA CAMA AL LIVING
sientes el encierro,DE LA CAMA AL LIVING
yendo de la cama al living.,DE LA CAMA AL LIVING
Podés saltar de un trampolín,DE LA CAMA AL LIVING
batir un record en patín,DE LA CAMA AL LIVING
"podés hacer un gol,",DE LA CAMA AL LIVING
podés llevar tu luna al cielo,DE LA CAMA AL LIVING
Puedes ser un gran campeón,DE LA CAMA AL LIVING
jugar en la selección,DE LA CAMA AL LIVING
y no tienes un poquito de amor para dar.,DE LA CAMA AL LIVING
Yendo de la cama al living,DE LA CAMA AL LIVING
sientes el encierro,DE LA CAMA AL LIVING
yendo de la cama al living.,DE LA CAMA AL LIVING
Oh no no no,DE LA CAMA AL LIVING
no hay ninguna vibración,DE LA CAMA AL LIVING
aunque vives en el mundo de cine,DE LA CAMA AL LIVING
no hay señales de algo que vive en mí.,DE LA CAMA AL LIVING
Voy yendo de la cama al living,DE LA CAMA AL LIVING
sientes el encierro,DE LA CAMA AL LIVING
voy yendo de la cama al living.,DE LA CAMA AL LIVING
La indómita luz,POR VOS
se hizo carne en mí,POR VOS
y lo dejé todo por esta soledad,POR VOS
y leo revistas,POR VOS
en la tempestad,POR VOS
Hice sacrificio,POR VOS
abracé la cruz al amanecer,POR VOS
"rezo, rezo, rezo, rezo por vos",POR VOS
Morí sin morir,POR VOS
y me abracé al dolor,POR VOS
y lo dejé todo por esta soledad,POR VOS
ya se hizo de noche,POR VOS
y ahora estoy aquí,POR VOS
Mi cuerpo se cae,POR VOS
sólo veo la cruz al amanecer,POR VOS
"rezo, rezo, rezo, rezo por vos",POR VOS
Y curé mis heridas,POR VOS
y me encendí de amor,POR VOS
y quemé las cortinas,POR VOS
"y me encendí de amor,",POR VOS
de amor sagrado,POR VOS
Y entonces,POR VOS
"rezo, rezo, rezo, rezo por vos",POR VOS
No voy a parar,3FANKY
yo no tengo dudas,3FANKY
no voy a bajar,3FANKY
déjalo que suba.,3FANKY
Por eso no quiero parar,3FANKY
ya no tengo dudas,3FANKY
no voy a bajar,3FANKY
déjalo que suba.,3FANKY
"Gozar, es tan parecido al amor",3FANKY
Gozar es tan diferente al amor.,3FANKY
El cambió una dirección,3FANKY
otra oportunidad merece alguna decisión.,3FANKY
Basta!,3FANKY
No voy a parar,3FANKY
yo no tengo dudas,3FANKY
no voy a bajar,3FANKY
déjalo que suba.,3FANKY
Gozar es tan parecido al amor,3FANKY
Gozar es tan diferente a matar.,3FANKY
Cuando pienso en el fin,3FANKY
cuando pienso en todo lo que dí.,3FANKY
Cuando miro el final,3FANKY
cuando sueño que todo va a acabar.,3FANKY
"Gozar es tan necesario, mi amor",3FANKY
Gozar es tan diferente al amor.,3FANKY
"Ella está por embarcar,",EN TRANCE
quizás consiga un pasaje,EN TRANCE
en la borda.,EN TRANCE
Ella está por despegar,EN TRANCE
ella se va.,EN TRANCE
Ella viaja sin pagar,EN TRANCE
el viejo truco de andar,EN TRANCE
por la sombra.,EN TRANCE
Ella baila sobre el mar,EN TRANCE
ella se va.,EN TRANCE
Pasajera en trance,EN TRANCE
pasajera en tránsito perpetuo,EN TRANCE
Pasajera en trance,EN TRANCE
transitando los lugares ciertos.,EN TRANCE
"Un amor real,",EN TRANCE
es cómo dormir y estar despierto,EN TRANCE
Un amor real,EN TRANCE
es como vivir en aeropuerto,EN TRANCE
EITI LEDA,LEDA - VIERNES 3 AM
Quiero verte la cara,LEDA - VIERNES 3 AM
brillando como una esclava negra,LEDA - VIERNES 3 AM
sonriendo con ganas.,LEDA - VIERNES 3 AM
"Lejos, lejos de casa",LEDA - VIERNES 3 AM
no tengo nadie que me acompañe,LEDA - VIERNES 3 AM
a ver la mañana.,LEDA - VIERNES 3 AM
"Y que me de la inyección a tiempo,",LEDA - VIERNES 3 AM
antes que se me pudra el corazón.,LEDA - VIERNES 3 AM
"y calienten estos huesos fríos, nena.",LEDA - VIERNES 3 AM
Quiero verte desnuda,LEDA - VIERNES 3 AM
el día que desfilen los cuervos,LEDA - VIERNES 3 AM
"que han sido salvados, nena.",LEDA - VIERNES 3 AM
"Sobre alguna autopista,",LEDA - VIERNES 3 AM
que tenga infinitos carteles,LEDA - VIERNES 3 AM
que no digan nada.,LEDA - VIERNES 3 AM
Y realmente quiero que te rías,LEDA - VIERNES 3 AM
y que digas que es un juego nomás,LEDA - VIERNES 3 AM
"o me mates este mediodía, nena.",LEDA - VIERNES 3 AM
"Entrando al cuarto, volando bajo",LEDA - VIERNES 3 AM
la alondra ya está,LEDA - VIERNES 3 AM
"cerca de tu cama, nena.",LEDA - VIERNES 3 AM
"Quiero quedarme , no digas nada",LEDA - VIERNES 3 AM
espera que las sombras,LEDA - VIERNES 3 AM
se hayan ido nena.,LEDA - VIERNES 3 AM
No ves ni capa azul,LEDA - VIERNES 3 AM
mi pelo hasta los hombros,LEDA - VIERNES 3 AM
la luz fatal,LEDA - VIERNES 3 AM
la espada vengadora,LEDA - VIERNES 3 AM
"No ves que blanco soy, no ves?",LEDA - VIERNES 3 AM
"No ves que blanco soy, no ves?",LEDA - VIERNES 3 AM
Quiero quemar de a poco,LEDA - VIERNES 3 AM
las velas de los barcos anclados,LEDA - VIERNES 3 AM
"en mares helados, nena.",LEDA - VIERNES 3 AM
Este invierno fue malo,LEDA - VIERNES 3 AM
"y creo, creo que olvidé mi sombra",LEDA - VIERNES 3 AM
en un subterráneo.,LEDA - VIERNES 3 AM
Y tus piernas cada vez más larga,LEDA - VIERNES 3 AM
saben que no es bueno volver a atrás,LEDA - VIERNES 3 AM
"la ciudad se nos mea de risa, nena.",LEDA - VIERNES 3 AM
VIERNES 3 AM,LEDA - VIERNES 3 AM
La fiebre de un sábado azul,LEDA - VIERNES 3 AM
y un domingo sin tristezas.,LEDA - VIERNES 3 AM
Esquivas a tu corazón,LEDA - VIERNES 3 AM
"y destrozas tu cabeza,",LEDA - VIERNES 3 AM
"y en tu voz, sólo un pálido adiós",LEDA - VIERNES 3 AM
y el reloj en tu puño marcó las tres.,LEDA - VIERNES 3 AM
El sueño de un sol y de un mar,LEDA - VIERNES 3 AM
y una vida peligrosa,LEDA - VIERNES 3 AM
cambiando lo amargo por miel,LEDA - VIERNES 3 AM
y la gris ciudad por rosas,LEDA - VIERNES 3 AM
"te hace bien, tanto como hace mal",LEDA - VIERNES 3 AM
"te hace odiar, tanto como querer y más.",LEDA - VIERNES 3 AM
Cambiaste de tiempo y de amor,LEDA - VIERNES 3 AM
y de música y de ideas,LEDA - VIERNES 3 AM
Cambiaste de sexo y de Dios,LEDA - VIERNES 3 AM
de color y de fronteras,LEDA - VIERNES 3 AM
"pero en sí, nada más cambiarás",LEDA - VIERNES 3 AM
y un sensual abandono vendrá y el fin.,LEDA - VIERNES 3 AM
Y llevas el caño a tu sien,LEDA - VIERNES 3 AM
apretando bien las muelas,LEDA - VIERNES 3 AM
y cierras los ojos y ves,LEDA - VIERNES 3 AM
todo el mar en primavera,LEDA - VIERNES 3 AM
"bang, bang, bang",LEDA - VIERNES 3 AM
"hojas muertas que caen,",LEDA - VIERNES 3 AM
"siempre igual,",LEDA - VIERNES 3 AM
los que no pueden más,LEDA - VIERNES 3 AM
se van.,LEDA - VIERNES 3 AM
Por qué no vienes hasta mí,DE LA REVOLUCIÓN
por qué no puedo amarte,DE LA REVOLUCIÓN
por qué no vienes hasta mí,DE LA REVOLUCIÓN
por qué no cambias como el sol,DE LA REVOLUCIÓN
por qué eres tan distante,DE LA REVOLUCIÓN
por qué no cambias como el sol,DE LA REVOLUCIÓN
Me siento solo y confundido a la vez,DE LA REVOLUCIÓN
los analistas no podrán entender,DE LA REVOLUCIÓN
ya no sé bien que decir,DE LA REVOLUCIÓN
ya no sé más que hacer,DE LA REVOLUCIÓN
todo el mundo loco y yo sin poderte ver,DE LA REVOLUCIÓN
"pero si insisto, yo sé muy bien, te conseguiré",DE LA REVOLUCIÓN
Cerca de la revolución,DE LA REVOLUCIÓN
el pueblo pide sangre,DE LA REVOLUCIÓN
cerca de la revolución,DE LA REVOLUCIÓN
yo estoy cantando esta canción,DE LA REVOLUCIÓN
que alguna vez fue hambre,DE LA REVOLUCIÓN
yo estoy cantando esta canción,DE LA REVOLUCIÓN
Y si mañana es como ayer otra vez,DE LA REVOLUCIÓN
lo que fue hermoso será horrible,DE LA REVOLUCIÓN
"después, no es sólo una cuestión de elecciones",DE LA REVOLUCIÓN
"no elegí este mundo, pero aprendí a querer",DE LA REVOLUCIÓN
"pero si insisto yo sé muy bien, te conseguiré",DE LA REVOLUCIÓN
Si estas palabras te pudieran dar fe,DE LA REVOLUCIÓN
si esta armonía te ayudara a creer,DE LA REVOLUCIÓN
"yo sería tan feliz, tan feliz en el mundo,",DE LA REVOLUCIÓN
"que moriría, arrodillado a tus pies",DE LA REVOLUCIÓN
"pero si insisto, yo sé muy bien, te conseguiré",DE LA REVOLUCIÓN
"Por favor,",SOBRE EL BIDET
no hagas promesas sobre el bidet,SOBRE EL BIDET
"por favor,",SOBRE EL BIDET
no me abras más los sobres,SOBRE EL BIDET
"por favor,",SOBRE EL BIDET
yo te prometo te escribiré,SOBRE EL BIDET
si es que paras de correr,SOBRE EL BIDET
"Por favor,",SOBRE EL BIDET
sigue la sombra de mi bebé,SOBRE EL BIDET
"por favor,",SOBRE EL BIDET
"no bebas más, no llores",SOBRE EL BIDET
"por favor,",SOBRE EL BIDET
yo te prometo te escribiré,SOBRE EL BIDET
si es que para de llover,SOBRE EL BIDET
Porque me tratas tan bien,SOBRE EL BIDET
me tratas tan mal,SOBRE EL BIDET
sabes que no aprendí a vivir,SOBRE EL BIDET
A veces estoy tan bien,SOBRE EL BIDET
estoy tan down,SOBRE EL BIDET
calambres en el alma,SOBRE EL BIDET
cada cual tiene un trip,SOBRE EL BIDET
en el bocho,SOBRE EL BIDET
difícil que lleguemos,SOBRE EL BIDET
a ponernos,SOBRE EL BIDET
"de acuerdo, de acuerdo",SOBRE EL BIDET
Acabo de llegar,SOY UN EXTRAÑO
no soy un extraño,SOY UN EXTRAÑO
conozco esta ciudad,SOY UN EXTRAÑO
no es como en los diarios,SOY UN EXTRAÑO
desde allá,SOY UN EXTRAÑO
"Dos tipos en un bar,",SOY UN EXTRAÑO
se toman las manos,SOY UN EXTRAÑO
prenden un grabador,SOY UN EXTRAÑO
y bailan un tango,SOY UN EXTRAÑO
de verdad,SOY UN EXTRAÑO
Y yo los miro sin querer mirar,SOY UN EXTRAÑO
enciendo un faso para despistar,SOY UN EXTRAÑO
me quedo piola y empiezo a pensar,SOY UN EXTRAÑO
que no hay que pescar,SOY UN EXTRAÑO
dos veces con la misma red,SOY UN EXTRAÑO
Acabo de mirar las luces que pasan,SOY UN EXTRAÑO
acabo de cruzar las plazas las rayas y el Colón,SOY UN EXTRAÑO
Y siento un aroma poco familiar,SOY UN EXTRAÑO
alguien se acerca y comienza a hablar,SOY UN EXTRAÑO
Me quedo piola y digo que tal,SOY UN EXTRAÑO
vamos a pescar,SOY UN EXTRAÑO
dos veces con la misma red,SOY UN EXTRAÑO
Desprejuiciados son los que vendrán,SOY UN EXTRAÑO
y los que están ya no me importan más,SOY UN EXTRAÑO
los carceleros de la humanidad,SOY UN EXTRAÑO
no me atraparán,SOY UN EXTRAÑO
dos veces con la misma red.,SOY UN EXTRAÑO
Los amigos del barrio pueden desaparecer,DINOSAURIOS
los cantores de radio pueden desaparecer,DINOSAURIOS
los que están en los diarios pueden desaparecer,DINOSAURIOS
la persona que amas puede desaparecer.,DINOSAURIOS
Los que están en el aire,DINOSAURIOS
pueden desaparecer en el aire,DINOSAURIOS
los que están en la calle,DINOSAURIOS
pueden desaparecer en la calle.,DINOSAURIOS
"Los amigos del barrio pueden desaparecer,",DINOSAURIOS
pero los dinosaurios van a desaparecer.,DINOSAURIOS
"No estoy tranquilo mi amor,",DINOSAURIOS
"hoy es sábado a la noche,",DINOSAURIOS
un amigo está en cana.,DINOSAURIOS
Oh mi amor,DINOSAURIOS
desaparece el mundo,DINOSAURIOS
Si los pesados mi amor llevan,DINOSAURIOS
todo ese montón de equipajes en la mano,DINOSAURIOS
oh mi amor yo quiero estar liviano.,DINOSAURIOS
Cuando el mundo tira para abajo,DINOSAURIOS
yo no quiero estar atado a nada,DINOSAURIOS
imaginen a los dinosaurios en la cama,DINOSAURIOS
Cuando el mundo tira para abajo,DINOSAURIOS
yo no quiero estar atado a nada,DINOSAURIOS
imaginen a los dinosaurios en la cama,DINOSAURIOS
Los amigos del barrio,DINOSAURIOS
pueden desaparecer,DINOSAURIOS
los cantores de radio,DINOSAURIOS
pueden desaparecer,DINOSAURIOS
los que están en los diarios,DINOSAURIOS
pueden desaparecer,DINOSAURIOS
la persona que amas,DINOSAURIOS
puede desaparecer.,DINOSAURIOS
Los que están en el aire,DINOSAURIOS
pueden desaparecer en el aire,DINOSAURIOS
los que están en la calle,DINOSAURIOS
pueden desaparecer en la calle.,DINOSAURIOS
Los amigos del barrio,DINOSAURIOS
"pueden desaparecer,",DINOSAURIOS
pero los dinosaurios,DINOSAURIOS
van a desaparecer.,DINOSAURIOS
Yo nunca fui a New York,CHIPI
no sé lo que es París,CHIPI
vivo bajo la tierra,CHIPI
vivo dentro de mi,CHIPI
Yo no tengo un espejo,CHIPI
no tengo un souvenir,CHIPI
la lágrima me habla,CHIPI
y está dentro de mi,CHIPI
Yo solo tengo esta pobre antena,CHIPI
que me transmite lo que decís,CHIPI
"una canción, mi ilusión, mis penas,",CHIPI
y este souvenir.,CHIPI
Yo subo la escalera,CHIPI
yo cumplo una misión,CHIPI
la lágrima me dice,CHIPI
que yo tampoco soy,CHIPI
la hija de una amor,CHIPI
la hija del dolor,CHIPI
la hija que no espera,CHIPI
tu tiempo se acabó,CHIPI
Si este dolor durará por siempre,CHIPI
no digas nada vete de aquí,CHIPI
porque yo estoy donde nunca voy,CHIPI
donde nunca fui,CHIPI
Tomalo con calma,CHIPI
la cosa es así,CHIPI
ya se hace de noche,CHIPI
me tengo que ir,CHIPI
Chipi chipi chipi,CHIPI
chipi bombón bombón,CHIPI
bombón,CHIPI
chipi chipi bombón,CHIPI
Ya no te pienso esperar por siempre,CHIPI
porque el mercurio lo tengo aquí,CHIPI
"ya no digas mas palabras, men",CHIPI
ya me voy de aquí,CHIPI
Y no te olvides nunca que..,CHIPI
.,CHIPI
Esta canción durará por siempre,CHIPI
por eso mismo yo la hice así,CHIPI
una canción sin amor,CHIPI
sin dolor,CHIPI
la canción sin fin.,CHIPI
A donde voy no llego,SAL NO SALA
a donde estoy resbalo,SAL NO SALA
no es porque sea bueno,SAL NO SALA
tampoco soy tan malo,SAL NO SALA
pero yo se que...,SAL NO SALA
La sal no sala,SAL NO SALA
y el azúcar no endulza,SAL NO SALA
La sal no sala,SAL NO SALA
y el azúcar no endulza,SAL NO SALA
La madre de mi hermana,SAL NO SALA
hizo un pacto con Dios,SAL NO SALA
se inyectó mercurio,SAL NO SALA
y ahora te lo da a vos,SAL NO SALA
Pero sabes que...,SAL NO SALA
La sal no sala,SAL NO SALA
y el azúcar no endulza,SAL NO SALA
La sal no sala,SAL NO SALA
y el azúcar no endulza,SAL NO SALA
No soporto la mañana,SAL NO SALA
no soporto el sol,SAL NO SALA
Estoy harto de tu hermana,SAL NO SALA
estoy harto,SAL NO SALA
La chica de la esquina,SAL NO SALA
me está tratando mal,SAL NO SALA
me vende una droga,SAL NO SALA
que no puedo pagar,SAL NO SALA
Pero sabes que...,SAL NO SALA
La sal no sala,SAL NO SALA
y el azúcar no endulza,SAL NO SALA
La sal no sala,SAL NO SALA
y el azúcar no endulza,SAL NO SALA
(Me dijeron que hay alguien,SAL NO SALA
que tiene de la buena),SAL NO SALA
La sal no sala,SAL NO SALA
y el azúcar no endulza,SAL NO SALA
La sal no sala,SAL NO SALA
y el azúcar no endulza.,SAL NO SALA
"Ella es menor, él es normal",SIGUEN PEGANDO ABAJO (PECADO MORTAL)
y lo que están haciendo es un pecado mortal,SIGUEN PEGANDO ABAJO (PECADO MORTAL)
ella se quedó sin boda ni arroz,SIGUEN PEGANDO ABAJO (PECADO MORTAL)
y al novio lo agarraron entre muchos más que dos.,SIGUEN PEGANDO ABAJO (PECADO MORTAL)
Miren lo están golpeando todo el tiempo,SIGUEN PEGANDO ABAJO (PECADO MORTAL)
"lo vuelven, vuelven a golpear",SIGUEN PEGANDO ABAJO (PECADO MORTAL)
nos siguen pegando abajo.,SIGUEN PEGANDO ABAJO (PECADO MORTAL)
Yo estaba en un club,SIGUEN PEGANDO ABAJO (PECADO MORTAL)
no había casi luz,SIGUEN PEGANDO ABAJO (PECADO MORTAL)
la puerta de salida tenía un farolito azul.,SIGUEN PEGANDO ABAJO (PECADO MORTAL)
El se desmayó delante de mí,SIGUEN PEGANDO ABAJO (PECADO MORTAL)
no fueron las pastillas,SIGUEN PEGANDO ABAJO (PECADO MORTAL)
fueron los hombres de gris,SIGUEN PEGANDO ABAJO (PECADO MORTAL)
Miren lo están golpeando todo el tiempo,SIGUEN PEGANDO ABAJO (PECADO MORTAL)
"lo vuelven, vuelven a golpear",SIGUEN PEGANDO ABAJO (PECADO MORTAL)
nos siguen pegando abajo.,SIGUEN PEGANDO ABAJO (PECADO MORTAL)
Estoy yéndome,SIGUEN PEGANDO ABAJO (PECADO MORTAL)
soy como una luz apagándose,SIGUEN PEGANDO ABAJO (PECADO MORTAL)
"desde el piso los pude ver,",SIGUEN PEGANDO ABAJO (PECADO MORTAL)
locos de placer alejándose,SIGUEN PEGANDO ABAJO (PECADO MORTAL)
Miren lo están golpeando todo el tiempo,SIGUEN PEGANDO ABAJO (PECADO MORTAL)
"lo vuelven, vuelven a golpear",SIGUEN PEGANDO ABAJO (PECADO MORTAL)
nos siguen pegando abajo.,SIGUEN PEGANDO ABAJO (PECADO MORTAL)
No tengo agua en el calefón,DE VIDEOTAPE
no tengo que escribir canciones de amor.,DE VIDEOTAPE
No ves que espero resucitar,DE VIDEOTAPE
mientras miras esos ojos de videotape.,DE VIDEOTAPE
Ya llega aquél examen del bien y el mal.,DE VIDEOTAPE
Ya llegan las noticias cruzando el mar.,DE VIDEOTAPE
"No ves que el mundo gira al revés,",DE VIDEOTAPE
mientras miras esos ojos de videotape.,DE VIDEOTAPE
Este mundo exclamará por siempre,DE VIDEOTAPE
la película que vi una vez,DE VIDEOTAPE
y este mundo te dirá por siempre,DE VIDEOTAPE
que es mejor mirar a la pared.,DE VIDEOTAPE
Ya tienes las postales del Paraguay,DE VIDEOTAPE
ya tienes las valijas sobre el diván.,DE VIDEOTAPE
"Te vas, el mundo gira al revés",DE VIDEOTAPE
mientras miras esos ojos de videotape.,DE VIDEOTAPE
Este mundo exclamará por siempre,DE VIDEOTAPE
la película que vi una vez,DE VIDEOTAPE
y este mundo te dirá por siempre,DE VIDEOTAPE
que es mejor mirar a la pared.,DE VIDEOTAPE
Yo que nací con Videla,HOTELES
yo que nací sin poder,HOTELES
yo que luché por la libertad,HOTELES
y nunca la pude tener,HOTELES
Yo que viví entre fachistas,HOTELES
yo que morí en el altar,HOTELES
yo que crecí con los que estaban bien,HOTELES
pero a la noche estaba todo mal.,HOTELES
"Hoy pasó el tiempo,",HOTELES
demoliendo hoteles,HOTELES
mientras los plomos juntan los cables,HOTELES
cazan rehenes.,HOTELES
Hoy pasó el tiempo,HOTELES
demoliendo hoteles,HOTELES
mientras los chicos allá en la esquina,HOTELES
pegan carteles.,HOTELES
Yo fui educado con odio,HOTELES
y odiaba la humanidad,HOTELES
un día me fui con los hippies,HOTELES
y tuve un amor y mucho más.,HOTELES
"Ahora no estoy más tranquilo,",HOTELES
y por qué tendría que estar,HOTELES
todos crecimos sin entender,HOTELES
y todavía me siento un anormal,HOTELES
"Hoy pasó el tiempo,",HOTELES
demoliendo hoteles,HOTELES
mientras los plomos juntan los cables,HOTELES
cazan rehenes.,HOTELES
Hoy pasó el tiempo,HOTELES
demoliendo hoteles,HOTELES
mientras los chicos allá en la esquina,HOTELES
pegan carteles.,HOTELES
(INSTRUMENTAL),FOREVER
Yo miro por el día que vendrá,(CON NITO MESTRE)
hermoso como un sol en la ciudad,(CON NITO MESTRE)
y si me escuchas bien,(CON NITO MESTRE)
creo que entenderás,(CON NITO MESTRE)
por qué yo esperé en vano,(CON NITO MESTRE)
que me dieras tu mano,(CON NITO MESTRE)
de mis huesos la humanidad,(CON NITO MESTRE)
debes salvar,(CON NITO MESTRE)
"Los magos, los acróbatas, los clowns",(CON NITO MESTRE)
mueven los hilos con habilidad,(CON NITO MESTRE)
¿pero no es el terror a la soledad,(CON NITO MESTRE)
lo que hace a los payasos,(CON NITO MESTRE)
"uno rojo, otro blanco",(CON NITO MESTRE)
y a los viejos romper la voz,(CON NITO MESTRE)
para cantar?,(CON NITO MESTRE)
"Oye, hijo, las cosas están de este modo",(CON NITO MESTRE)
una radio en mi cuarto me lo dice todo,(CON NITO MESTRE)
¡no preguntes más!,(CON NITO MESTRE)
"tenés sábados, hembras y televisores",(CON NITO MESTRE)
tenés días para andar aún sin los pantalones,(CON NITO MESTRE)
¡no preguntes más!,(CON NITO MESTRE)
Siempre el mismo terror a la soledad,(CON NITO MESTRE)
me hizo esperar en vano,(CON NITO MESTRE)
que me dieras tu mano,(CON NITO MESTRE)
cuando el sol me viene a buscar,(CON NITO MESTRE)
a llevar mis sueños al justo lugar,(CON NITO MESTRE)
"Ella está por embarcar,",EN TRANCE
quizás consiga un pasaje,EN TRANCE
en la borda.,EN TRANCE
Ella está por despegar,EN TRANCE
ella se va.,EN TRANCE
Ella viaja sin pagar,EN TRANCE
el viejo truco de andar,EN TRANCE
por la sombra.,EN TRANCE
Ella baila sobre el mar,EN TRANCE
ella se va.,EN TRANCE
Pasajera en trance,EN TRANCE
pasajera en tránsito perpetuo,EN TRANCE
Pasajera en trance,EN TRANCE
transitando los lugares ciertos.,EN TRANCE
"Un amor real,",EN TRANCE
es cómo dormir y estar despierto,EN TRANCE
Un amor real,EN TRANCE
es como vivir en aeropuerto,EN TRANCE
La indómita luz,POR VOS
se hizo carne en mí,POR VOS
y lo dejé todo por esta soledad,POR VOS
y leo revistas,POR VOS
en la tempestad,POR VOS
Hice sacrificio,POR VOS
abracé la cruz al amanecer,POR VOS
"rezo, rezo, rezo, rezo por vos",POR VOS
Morí sin morir,POR VOS
y me abracé al dolor,POR VOS
y lo dejé todo por esta soledad,POR VOS
ya se hizo de noche,POR VOS
y ahora estoy aquí,POR VOS
Mi cuerpo se cae,POR VOS
sólo veo la cruz al amanecer,POR VOS
"rezo, rezo, rezo, rezo por vos",POR VOS
Y curé mis heridas,POR VOS
y me encendí de amor,POR VOS
y quemé las cortinas,POR VOS
"y me encendí de amor,",POR VOS
de amor sagrado,POR VOS
Y entonces,POR VOS
"rezo, rezo, rezo, rezo por vos",POR VOS
Podés pasear en limousine,DE LA CAMA AL LIVING
cortar las flores del jardín,DE LA CAMA AL LIVING
podés cambiar el sol,DE LA CAMA AL LIVING
y esconderte si no quieres verme.,DE LA CAMA AL LIVING
Puedes ver amanecer,DE LA CAMA AL LIVING
con caviar desde un hotel,DE LA CAMA AL LIVING
y no tienes un poquito de amor para dar.,DE LA CAMA AL LIVING
Yendo de la cama al living,DE LA CAMA AL LIVING
sientes el encierro,DE LA CAMA AL LIVING
yendo de la cama al living.,DE LA CAMA AL LIVING
Podés saltar de un trampolín,DE LA CAMA AL LIVING
batir un record en patín,DE LA CAMA AL LIVING
"podés hacer un gol,",DE LA CAMA AL LIVING
podés llevar tu luna al cielo,DE LA CAMA AL LIVING
Puedes ser un gran campeón,DE LA CAMA AL LIVING
jugar en la selección,DE LA CAMA AL LIVING
y no tienes un poquito de amor para dar.,DE LA CAMA AL LIVING
Yendo de la cama al living,DE LA CAMA AL LIVING
sientes el encierro,DE LA CAMA AL LIVING
yendo de la cama al living.,DE LA CAMA AL LIVING
Oh no no no,DE LA CAMA AL LIVING
no hay ninguna vibración,DE LA CAMA AL LIVING
aunque vives en el mundo de cine,DE LA CAMA AL LIVING
no hay señales de algo que vive en mí.,DE LA CAMA AL LIVING
Voy yendo de la cama al living,DE LA CAMA AL LIVING
sientes el encierro,DE LA CAMA AL LIVING
voy yendo de la cama al living.,DE LA CAMA AL LIVING
Voy a cambiar,TU AMOR
voy a insistir,TU AMOR
voy a pelear,TU AMOR
voy a seguir.,TU AMOR
Yo necesito tu amor,TU AMOR
tu amor me salva y me sirve,TU AMOR
yo necesito tu amor,TU AMOR
cada día un poco más.,TU AMOR
Yo tengo el vicio de,TU AMOR
dejarme llevar,TU AMOR
y poner mi cabeza en Marte.,TU AMOR
Tengo prejuicios que,TU AMOR
no puedo sacar,TU AMOR
tengo un cuerpo que,TU AMOR
quiere amarte.,TU AMOR
Yo vi tu amor,TU AMOR
yo vi tu amor.,TU AMOR
Dentro del mal,TU AMOR
cerca del fin,TU AMOR
"cerca de vos,",TU AMOR
dentro de mí.,TU AMOR
Yo necesito tu amor,TU AMOR
tu amor me salva y me sirve,TU AMOR
yo necesito tu amor,TU AMOR
cada día un poco más.,TU AMOR
No tengo nadie,TU AMOR
que yo quiera escuchar,TU AMOR
ni pasiones para abrigarme,TU AMOR
"no tengo máscara,",TU AMOR
no tengo disfraz,TU AMOR
ni señales para guiarme,TU AMOR
al menos hoy,TU AMOR
al menos hoy.,TU AMOR
Oh no puedes ser feliz,A TU CORAZÓN
con tanta gente hablando a tu alrededor,A TU CORAZÓN
oh dame tu amor a mí,A TU CORAZÓN
"le estoy hablando, hablando, hablando a tu corazón",A TU CORAZÓN
"Cuando estás muy sola, sola en la calle",A TU CORAZÓN
"con tanta gente hablando, hablando a tu alrededor",A TU CORAZÓN
necesitas a alguien que te acompañe,A TU CORAZÓN
"le estoy hablando, hablando, hablando a tu corazón",A TU CORAZÓN
No importa el lenguaje ni las palabras,A TU CORAZÓN
ni las fronteras que separan a nuestro amor,A TU CORAZÓN
quiero que me escuches y que te abras,A TU CORAZÓN
"le estoy hablando, hablando, hablando a tu corazón",A TU CORAZÓN
"Puedo ver y decir,",7INFLUENCIA
puedo ver y decir y sentir:,7INFLUENCIA
algo ha cambiado.,7INFLUENCIA
para mí no es extraño.,7INFLUENCIA
"Yo no voy a correr,",7INFLUENCIA
yo no voy a correr ni a escapar,7INFLUENCIA
"de mi destino,",7INFLUENCIA
yo pienso en peligro.,7INFLUENCIA
Si fue hecho para mí,7INFLUENCIA
lo tengo que saber.,7INFLUENCIA
"pero es muy difícil ver,",7INFLUENCIA
si algo controla mi ser.,7INFLUENCIA
"En el fondo de mí,",7INFLUENCIA
en el fondo de mí veo temor,7INFLUENCIA
y veo sospechas,7INFLUENCIA
con mi fascinación nueva.,7INFLUENCIA
"Yo no sé bien qué es,",7INFLUENCIA
"Yo no sé bien que es,",7INFLUENCIA
"vos dirás: ""Son intuiciones""",7INFLUENCIA
verdaderas alertas.,7INFLUENCIA
"Debo confiar en mí,",7INFLUENCIA
lo tengo que saber.,7INFLUENCIA
"pero es muy difícil ver,",7INFLUENCIA
si algo controla mi ser.,7INFLUENCIA
Puedo ver y decir y sentir,7INFLUENCIA
mi mente dormir,7INFLUENCIA
bajo tu influencia.,7INFLUENCIA
"Una parte de mi,",7INFLUENCIA
"una parte de mi dice: Stop!,",7INFLUENCIA
"fuiste muy lejos,",7INFLUENCIA
no puedo contenerlo.,7INFLUENCIA
"Trato de resistir,",7INFLUENCIA
trato de resistir,7INFLUENCIA
y al final no es un problema.,7INFLUENCIA
que placer esta pena.,7INFLUENCIA
Si yo fuera otro ser,7INFLUENCIA
no lo podría entender.,7INFLUENCIA
"pero es tan difícil ver,",7INFLUENCIA
si algo controla mi ser.,7INFLUENCIA
Puedo ver y sentir y decir:,7INFLUENCIA
"mi vida dormir,",7INFLUENCIA
será por tu influencia.,7INFLUENCIA
esta extraña influencia.,7INFLUENCIA
"Detrás de las paredes, no puedo esperar mil años que cambie el viento, tengo que volverte a ver.",TRAJES DE LÁGRIMAS II (CON GRACIELA BORGES)
Siento las preguntas de tu voz y empiezo a amarte con toda mi piel.,TRAJES DE LÁGRIMAS II (CON GRACIELA BORGES)
"No pregunten más, soy un ser que quiere andar, sin pedir permiso para ir a llorar.",TRAJES DE LÁGRIMAS II (CON GRACIELA BORGES)
"Cuando el sol me viene a buscar, a llevar mis sueños al justo lugar.",TRAJES DE LÁGRIMAS II (CON GRACIELA BORGES)
"Será porque nos queremos sentir bien, que ahora estamos bailando entre la gente?",TRAJES DE LÁGRIMAS II (CON GRACIELA BORGES)
Quiero verte desnuda el día que desfilen los cuerpos que han sido salvados.,TRAJES DE LÁGRIMAS II (CON GRACIELA BORGES)
"No fueron las pastillas, fueron los hombres de gris.",TRAJES DE LÁGRIMAS II (CON GRACIELA BORGES)
Cuánto tiempo más llevará? Mi capricho es ley.,TRAJES DE LÁGRIMAS II (CON GRACIELA BORGES)
Siempre que salgo tengo al lado un monitor,9FANTASY
y no sé quién está aquí.,9FANTASY
Alguien me llama por el maldito amor,9FANTASY
y no sé quién está aquí.,9FANTASY
No conozco a nadie,9FANTASY
y todos saben de mí,9FANTASY
pero es así,9FANTASY
porque siempre estoy en Fantasy.,9FANTASY
Cuando estoy sólo ya no se por quien vivir,9FANTASY
porque nunca estás aquí.,9FANTASY
Ya mis pies congelados llegan hasta mí,9FANTASY
porque nunca estás aquí,9FANTASY
No sabes de nada,9FANTASY
y todos hablan de ti,9FANTASY
pero es así,9FANTASY
porque siempre estás en Fantasy.,9FANTASY
Fantasy es un lugar,9FANTASY
del que nadie puede regresar,9FANTASY
del que nadie puede regresar.,9FANTASY
Fantasy es ilusión,9FANTASY
porque nunca hay nadie alrededor,9FANTASY
porque nunca hay nadie alrededor.,9FANTASY
No conozco a nadie,9FANTASY
quisiera verte a ti,9FANTASY
pero es así,9FANTASY
porque siempre estás.,9FANTASY
Fantasy es un lugar,9FANTASY
del que nadie puede regresar,9FANTASY
del que nadie puede regresar.,9FANTASY
Fantasy es ilusión,9FANTASY
porque nunca hay nadie alrededor,9FANTASY
porque nunca hay nadie alrededor.,9FANTASY
No conozco a nadie,9FANTASY
quisiera verte a ti,9FANTASY
pero es así,9FANTASY
porque siempre estás.,9FANTASY
"Quién sabe Alicia, este país",DE ALICIA EN EL PAÍS
no estuvo hecho porque sí,DE ALICIA EN EL PAÍS
"Te vas a ir, vas a salir",DE ALICIA EN EL PAÍS
"pero te quedas,",DE ALICIA EN EL PAÍS
¿dónde más vas a ir?,DE ALICIA EN EL PAÍS
"Y es que aquí, sabés",DE ALICIA EN EL PAÍS
"el trabalenguas, trabalenguas",DE ALICIA EN EL PAÍS
el asesino te asesina,DE ALICIA EN EL PAÍS
y es mucho para ti,DE ALICIA EN EL PAÍS
Se acabó ese juego que te hacía feliz,DE ALICIA EN EL PAÍS
"No cuentes lo que viste en los jardines,",DE ALICIA EN EL PAÍS
el sueño acabó,DE ALICIA EN EL PAÍS
ya no hay morsas ni tortugas,DE ALICIA EN EL PAÍS
Un río de cabezas aplastadas,DE ALICIA EN EL PAÍS
por el mismo pie,DE ALICIA EN EL PAÍS
juegan cricket,DE ALICIA EN EL PAÍS
bajo la luna,DE ALICIA EN EL PAÍS
"Estamos en la tierra de nadie,",DE ALICIA EN EL PAÍS
pero es mía,DE ALICIA EN EL PAÍS
"los inocentes son los culpables,",DE ALICIA EN EL PAÍS
"dice su señoría,",DE ALICIA EN EL PAÍS
el rey de espadas,DE ALICIA EN EL PAÍS
No cuentes que hay,DE ALICIA EN EL PAÍS
"detrás de aquel espejo,",DE ALICIA EN EL PAÍS
no tendrás poder,DE ALICIA EN EL PAÍS
"ni abogados, ni testigos",DE ALICIA EN EL PAÍS
Enciende los candiles,DE ALICIA EN EL PAÍS
que los brujos piensan en volver,DE ALICIA EN EL PAÍS
a nublarnos el camino,DE ALICIA EN EL PAÍS
"Estamos en la tierra de todos,",DE ALICIA EN EL PAÍS
en la mía,DE ALICIA EN EL PAÍS
"sobre el pasado y sobre el futuro,",DE ALICIA EN EL PAÍS
"ruinas sobre ruinas,",DE ALICIA EN EL PAÍS
querida Alicia,DE ALICIA EN EL PAÍS
"Quién sabe Alicia, este país",DE ALICIA EN EL PAÍS
no estuvo hecho porque sí,DE ALICIA EN EL PAÍS
"te vas a ir, vas a salir",DE ALICIA EN EL PAÍS
"pero te quedas,",DE ALICIA EN EL PAÍS
¿dónde más vas a ir?,DE ALICIA EN EL PAÍS
"Y es que aquí, sabés",DE ALICIA EN EL PAÍS
"el trabalenguas, trabalenguas",DE ALICIA EN EL PAÍS
"el asesino, te asesina",DE ALICIA EN EL PAÍS
y es mucho para ti,DE ALICIA EN EL PAÍS
Se acabó,DE ALICIA EN EL PAÍS
se acabó ese,DE ALICIA EN EL PAÍS
se acabó ese juego,DE ALICIA EN EL PAÍS
se acabó ese juego,DE ALICIA EN EL PAÍS
que te hacía feliz...,DE ALICIA EN EL PAÍS
"Acabo de llegar,",SOY UN EXTRAÑO
no soy un extraño,SOY UN EXTRAÑO
conozco esta ciudad,SOY UN EXTRAÑO
"no es como en los diarios,",SOY UN EXTRAÑO
desde allá.,SOY UN EXTRAÑO
"Dos tipos en un bar,",SOY UN EXTRAÑO
se toman las manos.,SOY UN EXTRAÑO
Prenden un grabador,SOY UN EXTRAÑO
"y bailan un tango,",SOY UN EXTRAÑO
de verdad.,SOY UN EXTRAÑO
"Y yo los miro sin querer mirar,",SOY UN EXTRAÑO
"enciendo un faso para despistar,",SOY UN EXTRAÑO
me quedo piola y empiezo a pensar,SOY UN EXTRAÑO
que no hay que pescar,SOY UN EXTRAÑO
dos veces con la misma red.,SOY UN EXTRAÑO
Acabo de mirar las luces que pasan,SOY UN EXTRAÑO
acabo de cruzar las plazas las rayas y el color.,SOY UN EXTRAÑO
Y siento un aroma poco familiar,SOY UN EXTRAÑO
alguien se acerca y comienza a hablar,SOY UN EXTRAÑO
"Me quedo piola y digo que tal,",SOY UN EXTRAÑO
vamos a pescar,SOY UN EXTRAÑO
dos veces con la misma red.,SOY UN EXTRAÑO
"Desprejuiciados son los que vendrán,",SOY UN EXTRAÑO
y los que están ya no me importan más,SOY UN EXTRAÑO
los carceleros de la humanidad,SOY UN EXTRAÑO
"no me atraparán,",SOY UN EXTRAÑO
dos veces con la misma red.,SOY UN EXTRAÑO
"Estoy verde, no me dejan salir.",ME DEJAN SALIR
"estoy verde, no me dejan salir.",ME DEJAN SALIR
"No puedo largar, no puedo salir",ME DEJAN SALIR
no puedo sentir amor a este sentimiento,ME DEJAN SALIR
tengo que volverte a ver.,ME DEJAN SALIR
Tengo que volverte a ver,ME DEJAN SALIR
no puedo salir,ME DEJAN SALIR
por amor a este sentimiento.,ME DEJAN SALIR
"Estoy verde, no me dejan salir",ME DEJAN SALIR
"estoy verde, no me dejan salir.",ME DEJAN SALIR
"No puedo pensar, no puedo vivir",ME DEJAN SALIR
no puedo pensar si amor es un pensamiento,ME DEJAN SALIR
tengo que volverte a ver.,ME DEJAN SALIR
Tengo que volverte a ver,ME DEJAN SALIR
"no puedo perder, por amor a ese sentimiento.",ME DEJAN SALIR
Tengo que confiar en mi amor,ME DEJAN SALIR
tengo que confiar en mi sentimiento,ME DEJAN SALIR
tengo que confiar en mi amor,ME DEJAN SALIR
tengo que confiar en mi sentimiento.,ME DEJAN SALIR
Ya no sirve vivir para sufrir,ME DEJAN SALIR
"te das cuenta, sacate el mocasín.",ME DEJAN SALIR
"No puedo calmar, no puedo parir",ME DEJAN SALIR
no puedo esperar mil años que cambie el viento,ME DEJAN SALIR
tengo que volverte a ver.,ME DEJAN SALIR
Tengo que volverte a ver,ME DEJAN SALIR
"no puedo perder, por amor a ese sentimiento",ME DEJAN SALIR
Tengo que confiar en mi amor,ME DEJAN SALIR
tengo que confiar en mi sentimiento.,ME DEJAN SALIR
Hay en este lugar,13CUCHILLOS
mucho para dar,13CUCHILLOS
no te puedo mentir,13CUCHILLOS
porque sos tan fiel,13CUCHILLOS
me viste crecer,13CUCHILLOS
me viste nacer,13CUCHILLOS
y yo te vi reír,13CUCHILLOS
Cuando el cristal,13CUCHILLOS
se apague en el mal,13CUCHILLOS
"verás, que toda",13CUCHILLOS
esta canción,13CUCHILLOS
es alegría,13CUCHILLOS
"Hoy, hoy tal como ayer",13CUCHILLOS
desaparecer,13CUCHILLOS
es todos sonreír,13CUCHILLOS
De tanto darte amor,13CUCHILLOS
te hice feliz,13CUCHILLOS
cortando el aire,13CUCHILLOS
solo hasta sentir,13CUCHILLOS
que no había perdón,13CUCHILLOS
que no había razón,13CUCHILLOS
ya no puedo morir,13CUCHILLOS
Esa navaja gris,13CUCHILLOS
te cortó la voz,13CUCHILLOS
se hizo cuchillo,13CUCHILLOS
al fin,13CUCHILLOS
"Nace una flor, todos los días sale el sol",COLECTIVO
de vez en cuando escuchas aquella voz.,COLECTIVO
"Cómo de pan, gustosa de cantar,",COLECTIVO
en los aleros de mi mente con las chicharras.,COLECTIVO
Pero a la vez existe un transformador,COLECTIVO
que te consume lo mejor que tenés,COLECTIVO
"te tira atrás, te pide más y más",COLECTIVO
y llega un punto en que no querés.,COLECTIVO
"Mamá la libertad, siempre la llevarás",COLECTIVO
dentro del corazón,COLECTIVO
te pueden corromper,COLECTIVO
te puedes olvidar,COLECTIVO
pero ella siempre está,COLECTIVO
"Mamá la libertad, siempre la llevarás",COLECTIVO
dentro del corazón,COLECTIVO
te pueden corromper,COLECTIVO
te puedes olvidar,COLECTIVO
pero ella siempre está,COLECTIVO
"Ayer soñé con los hambrientos, los locos,",COLECTIVO
"los que se fueron, los que están en prisión",COLECTIVO
hoy desperté cantando esta canción,COLECTIVO
que ya fue escrita hace tiempo atrás.,COLECTIVO
"Es necesario cantar de nuevo,",COLECTIVO
una vez más.,COLECTIVO
"Mamá la libertad, siempre la llevarás",COLECTIVO
dentro del corazón,COLECTIVO
te pueden corromper,COLECTIVO
te puedes olvidar,COLECTIVO
pero ella siempre está,COLECTIVO
"Mamá la libertad, siempre la llevarás",COLECTIVO
dentro del corazón,COLECTIVO
te pueden corromper,COLECTIVO
te puedes olvidar,COLECTIVO
pero ella siempre está.,COLECTIVO
A donde voy no llego,SAL NO SALA (CON JUANSE)
a donde estoy resbalo,SAL NO SALA (CON JUANSE)
no es porque sea bueno,SAL NO SALA (CON JUANSE)
tampoco soy tan malo,SAL NO SALA (CON JUANSE)
pero yo se que...,SAL NO SALA (CON JUANSE)
La sal no sala,SAL NO SALA (CON JUANSE)
y el azúcar no endulza,SAL NO SALA (CON JUANSE)
La sal no sala,SAL NO SALA (CON JUANSE)
y el azúcar no endulza,SAL NO SALA (CON JUANSE)
La madre de mi hermana,SAL NO SALA (CON JUANSE)
hizo un pacto con Dios,SAL NO SALA (CON JUANSE)
se inyectó mercurio,SAL NO SALA (CON JUANSE)
y ahora te lo da a vos,SAL NO SALA (CON JUANSE)
Pero sabes que...,SAL NO SALA (CON JUANSE)
La sal no sala,SAL NO SALA (CON JUANSE)
y el azúcar no endulza,SAL NO SALA (CON JUANSE)
La sal no sala,SAL NO SALA (CON JUANSE)
y el azúcar no endulza,SAL NO SALA (CON JUANSE)
No soporto la mañana,SAL NO SALA (CON JUANSE)
no soporto el sol,SAL NO SALA (CON JUANSE)
Estoy harto de tu hermana,SAL NO SALA (CON JUANSE)
estoy harto,SAL NO SALA (CON JUANSE)
La chica de la esquina,SAL NO SALA (CON JUANSE)
me está tratando mal,SAL NO SALA (CON JUANSE)
me vende una droga,SAL NO SALA (CON JUANSE)
que no puedo pagar,SAL NO SALA (CON JUANSE)
Pero sabes que...,SAL NO SALA (CON JUANSE)
La sal no sala,SAL NO SALA (CON JUANSE)
y el azúcar no endulza,SAL NO SALA (CON JUANSE)
La sal no sala,SAL NO SALA (CON JUANSE)
y el azúcar no endulza,SAL NO SALA (CON JUANSE)
(Me dijeron que hay alguien,SAL NO SALA (CON JUANSE)
que tiene de la buena),SAL NO SALA (CON JUANSE)
La sal no sala,SAL NO SALA (CON JUANSE)
y el azúcar no endulza,SAL NO SALA (CON JUANSE)
La sal no sala,SAL NO SALA (CON JUANSE)
y el azúcar no endulza.,SAL NO SALA (CON JUANSE)
"Por favor,",SOBRE EL BIDET
no hagas promesas sobre el bidet,SOBRE EL BIDET
"por favor,",SOBRE EL BIDET
no me abras más los sobres,SOBRE EL BIDET
"por favor,",SOBRE EL BIDET
yo te prometo te escribiré,SOBRE EL BIDET
si es que paras de correr,SOBRE EL BIDET
"Por favor,",SOBRE EL BIDET
sigue la sombra de mi bebé,SOBRE EL BIDET
"por favor,",SOBRE EL BIDET
"no bebas más, no llores",SOBRE EL BIDET
"por favor,",SOBRE EL BIDET
yo te prometo te escribiré,SOBRE EL BIDET
si es que para de llover,SOBRE EL BIDET
Porque me tratas tan bien,SOBRE EL BIDET
me tratas tan mal,SOBRE EL BIDET
sabes que no aprendí a vivir,SOBRE EL BIDET
A veces estoy tan bien,SOBRE EL BIDET
estoy tan down,SOBRE EL BIDET
calambres en el alma,SOBRE EL BIDET
cada cual tiene un trip,SOBRE EL BIDET
en el bocho,SOBRE EL BIDET
difícil que lleguemos,SOBRE EL BIDET
a ponernos,SOBRE EL BIDET
"de acuerdo, de acuerdo",SOBRE EL BIDET
Hablamos al pasar,ANDALUZ (CON PEDRO AZNAR)
acerca de alguien que conozco bien.,ANDALUZ (CON PEDRO AZNAR)
Me dejo atravesar,ANDALUZ (CON PEDRO AZNAR)
soy como un túnel donde corre el tren,ANDALUZ (CON PEDRO AZNAR)
Te hacés mi amiga,ANDALUZ (CON PEDRO AZNAR)
si estás conmigo.,ANDALUZ (CON PEDRO AZNAR)
pero cuando estás con otro,ANDALUZ (CON PEDRO AZNAR)
me deshacés.,ANDALUZ (CON PEDRO AZNAR)
Te encanta caretear,ANDALUZ (CON PEDRO AZNAR)
ser aceptada donde te odian más.,ANDALUZ (CON PEDRO AZNAR)
"Velocidad mental,",ANDALUZ (CON PEDRO AZNAR)
estratagemas y saber actuar,ANDALUZ (CON PEDRO AZNAR)
"Quien más, quien menos",ANDALUZ (CON PEDRO AZNAR)
conoce el  juego,ANDALUZ (CON PEDRO AZNAR)
"Si así es como nos tratamos,",ANDALUZ (CON PEDRO AZNAR)
esto va mal,ANDALUZ (CON PEDRO AZNAR)
muy mal!,ANDALUZ (CON PEDRO AZNAR)
Soy un tonto en seguirte,ANDALUZ (CON PEDRO AZNAR)
como un perro andalúz,ANDALUZ (CON PEDRO AZNAR)
pero mi amor se acabará,ANDALUZ (CON PEDRO AZNAR)
alguno de estos días,ANDALUZ (CON PEDRO AZNAR)
alguna de estas noches.,ANDALUZ (CON PEDRO AZNAR)
Soy un tonto en seguirte,ANDALUZ (CON PEDRO AZNAR)
como un perro andalúz,ANDALUZ (CON PEDRO AZNAR)
pero mi amor se acabará,ANDALUZ (CON PEDRO AZNAR)
alguno de estos días,ANDALUZ (CON PEDRO AZNAR)
alguna de estas noches.,ANDALUZ (CON PEDRO AZNAR)
Tu amor te espera,"LLORES POR MÍ, ARGENTINA (CON PEDRO AZNAR)"
no esperes más.,"LLORES POR MÍ, ARGENTINA (CON PEDRO AZNAR)"
en qué perdiste tanto tiempo?,"LLORES POR MÍ, ARGENTINA (CON PEDRO AZNAR)"
indecisa al hablar,"LLORES POR MÍ, ARGENTINA (CON PEDRO AZNAR)"
tan dura como Humpfrey Bogart,"LLORES POR MÍ, ARGENTINA (CON PEDRO AZNAR)"
Entre lujurias y represión,"LLORES POR MÍ, ARGENTINA (CON PEDRO AZNAR)"
bailaste los discos de moda,"LLORES POR MÍ, ARGENTINA (CON PEDRO AZNAR)"
y era tu diversión,"LLORES POR MÍ, ARGENTINA (CON PEDRO AZNAR)"
burlarte de los ilusionistas.,"LLORES POR MÍ, ARGENTINA (CON PEDRO AZNAR)"
No llores por las heridas,"LLORES POR MÍ, ARGENTINA (CON PEDRO AZNAR)"
que no paran de sangrar.,"LLORES POR MÍ, ARGENTINA (CON PEDRO AZNAR)"
"no llores por mí, Argentina","LLORES POR MÍ, ARGENTINA (CON PEDRO AZNAR)"
te quiero cada días más.,"LLORES POR MÍ, ARGENTINA (CON PEDRO AZNAR)"
Estás enferma de frustración,"LLORES POR MÍ, ARGENTINA (CON PEDRO AZNAR)"
y en tu locura no hay acuerdo.,"LLORES POR MÍ, ARGENTINA (CON PEDRO AZNAR)"
una hiena al reír,"LLORES POR MÍ, ARGENTINA (CON PEDRO AZNAR)"
pero al almuerzo con los cerdos.,"LLORES POR MÍ, ARGENTINA (CON PEDRO AZNAR)"
Si las estrellas de cabaret,"LLORES POR MÍ, ARGENTINA (CON PEDRO AZNAR)"
se ríen de tus movimientos,"LLORES POR MÍ, ARGENTINA (CON PEDRO AZNAR)"
no es preciso mentir,"LLORES POR MÍ, ARGENTINA (CON PEDRO AZNAR)"
la mierda que hay en tus pensamientos,"LLORES POR MÍ, ARGENTINA (CON PEDRO AZNAR)"
No llores por las heridas,"LLORES POR MÍ, ARGENTINA (CON PEDRO AZNAR)"
que no paran de sangrar.,"LLORES POR MÍ, ARGENTINA (CON PEDRO AZNAR)"
"no llores por mí, Argentina","LLORES POR MÍ, ARGENTINA (CON PEDRO AZNAR)"
"te quiero cada día,","LLORES POR MÍ, ARGENTINA (CON PEDRO AZNAR)"
te quiero cada día más.,"LLORES POR MÍ, ARGENTINA (CON PEDRO AZNAR)"
Alguien se quiere ir.,"LLORES POR MÍ, ARGENTINA (CON PEDRO AZNAR)"
alguien quiere volver,"LLORES POR MÍ, ARGENTINA (CON PEDRO AZNAR)"
alguien que está atrapado,"LLORES POR MÍ, ARGENTINA (CON PEDRO AZNAR)"
en el medio de un recuerdo.,"LLORES POR MÍ, ARGENTINA (CON PEDRO AZNAR)"
Esto yo ya lo vi,"LLORES POR MÍ, ARGENTINA (CON PEDRO AZNAR)"
esto ya lo escuché,"LLORES POR MÍ, ARGENTINA (CON PEDRO AZNAR)"
ella no quiere ser amiga,"LLORES POR MÍ, ARGENTINA (CON PEDRO AZNAR)"
de un chico de este pueblo.,"LLORES POR MÍ, ARGENTINA (CON PEDRO AZNAR)"
No llores por las heridas,"LLORES POR MÍ, ARGENTINA (CON PEDRO AZNAR)"
que no paran de sangrar.,"LLORES POR MÍ, ARGENTINA (CON PEDRO AZNAR)"
"no llores por mí, Argentina","LLORES POR MÍ, ARGENTINA (CON PEDRO AZNAR)"
"te quiero cada día,","LLORES POR MÍ, ARGENTINA (CON PEDRO AZNAR)"
te quiero cada día más.,"LLORES POR MÍ, ARGENTINA (CON PEDRO AZNAR)"
Detrás de las paredes,LAS PIEDRAS
que ayer te han levantado,LAS PIEDRAS
te ruego que respires todavía.,LAS PIEDRAS
Apoyo mis espaldas y espero que abraces,LAS PIEDRAS
atravesando el muro de mis días.,LAS PIEDRAS
"Y rasguña las piedras,",LAS PIEDRAS
y rasguña las piedras.,LAS PIEDRAS
y rasguña las piedras hasta mí.,LAS PIEDRAS
"Apenas perceptibles, escucho tus palabras",LAS PIEDRAS
se acercan las bandas de rock and roll,LAS PIEDRAS
"y sacuden un poco,",LAS PIEDRAS
las paredes gastadas,LAS PIEDRAS
y siento las preguntas de tu voz.,LAS PIEDRAS
"Y rasguña las piedras,",LAS PIEDRAS
y rasguña las piedras.,LAS PIEDRAS
y rasguña las piedras hasta mí.,LAS PIEDRAS
Y si estoy cansado de gritarte,LAS PIEDRAS
es que sólo quiero despertarte.,LAS PIEDRAS
Y por fin veo tus ojos,LAS PIEDRAS
que lloran desde el fondo,LAS PIEDRAS
y empiezo a amarte con toda mi piel,LAS PIEDRAS
Y escarbo hasta abrazarte,LAS PIEDRAS
y me sangran las manos,LAS PIEDRAS
pero qué libres vamos a crecer,LAS PIEDRAS
"Y rasguña las piedras,",LAS PIEDRAS
y rasguña las piedras.,LAS PIEDRAS
y rasguña las piedras hasta mí.,LAS PIEDRAS
"Y rasguña las piedras,",LAS PIEDRAS
y rasguña las piedras.,LAS PIEDRAS
y rasguña las piedras hasta mí.,LAS PIEDRAS
No voy a parar,20FANKY
yo no tengo dudas,20FANKY
no voy a bajar,20FANKY
déjalo que suba.,20FANKY
Por eso no quiero parar,20FANKY
ya no tengo dudas,20FANKY
no voy a bajar,20FANKY
déjalo que suba.,20FANKY
"Gozar, es tan parecido al amor",20FANKY
Gozar es tan diferente al amor.,20FANKY
El cambió una dirección,20FANKY
otra oportunidad merece alguna decisión.,20FANKY
Basta!,20FANKY
No voy a parar,20FANKY
yo no tengo dudas,20FANKY
no voy a bajar,20FANKY
déjalo que suba.,20FANKY
Gozar es tan parecido al amor,20FANKY
Gozar es tan diferente a matar.,20FANKY
Cuando pienso en el fin,20FANKY
cuando pienso en todo lo que dí.,20FANKY
Cuando miro el final,20FANKY
cuando sueño que todo va a acabar.,20FANKY
"Gozar es tan necesario, mi amor",20FANKY
Gozar es tan diferente al amor.,20FANKY
Hay en este lugar,1CUCHILLOS
mucho para dar,1CUCHILLOS
no te puedo mentir,1CUCHILLOS
porque sos tan fiel,1CUCHILLOS
me viste crecer,1CUCHILLOS
me viste nacer,1CUCHILLOS
y yo te vi reír,1CUCHILLOS
Cuando el cristal,1CUCHILLOS
se apague en el mal,1CUCHILLOS
"verás, que toda",1CUCHILLOS
esta canción,1CUCHILLOS
es alegría,1CUCHILLOS
"Hoy, hoy tal como ayer",1CUCHILLOS
desaparecer,1CUCHILLOS
es todos sonreír,1CUCHILLOS
De tanto darte amor,1CUCHILLOS
te hice feliz,1CUCHILLOS
cortando el aire,1CUCHILLOS
solo hasta sentir,1CUCHILLOS
que no había perdón,1CUCHILLOS
que no había razón,1CUCHILLOS
ya no puedo morir,1CUCHILLOS
Esa navaja gris,1CUCHILLOS
te cortó la voz,1CUCHILLOS
se hizo cuchillo,1CUCHILLOS
al fin,1CUCHILLOS
"Por favor,",SOBRE EL BIDET
no hagas promesas sobre el bidet,SOBRE EL BIDET
"por favor,",SOBRE EL BIDET
no me abras más los sobres,SOBRE EL BIDET
"por favor,",SOBRE EL BIDET
yo te prometo te escribiré,SOBRE EL BIDET
si es que paras de correr,SOBRE EL BIDET
"Por favor,",SOBRE EL BIDET
sigue la sombra de mi bebé,SOBRE EL BIDET
"por favor,",SOBRE EL BIDET
"no bebas más, no llores",SOBRE EL BIDET
"por favor,",SOBRE EL BIDET
yo te prometo te escribiré,SOBRE EL BIDET
si es que para de llover,SOBRE EL BIDET
Porque me tratas tan bien,SOBRE EL BIDET
me tratas tan mal,SOBRE EL BIDET
sabes que no aprendí a vivir,SOBRE EL BIDET
A veces estoy tan bien,SOBRE EL BIDET
estoy tan down,SOBRE EL BIDET
calambres en el alma,SOBRE EL BIDET
cada cual tiene un trip,SOBRE EL BIDET
en el bocho,SOBRE EL BIDET
difícil que lleguemos,SOBRE EL BIDET
a ponernos,SOBRE EL BIDET
"de acuerdo, de acuerdo",SOBRE EL BIDET
La indómita luz,POR VOS
se hizo carne en mí,POR VOS
y lo dejé todo por esta soledad,POR VOS
y leo revistas,POR VOS
en la tempestad,POR VOS
Hice sacrificio,POR VOS
abracé la cruz al amanecer,POR VOS
"rezo, rezo, rezo, rezo por vos",POR VOS
Morí sin morir,POR VOS
y me abracé al dolor,POR VOS
y lo dejé todo por esta soledad,POR VOS
ya se hizo de noche,POR VOS
y ahora estoy aquí,POR VOS
Mi cuerpo se cae,POR VOS
sólo veo la cruz al amanecer,POR VOS
"rezo, rezo, rezo, rezo por vos",POR VOS
Y curé mis heridas,POR VOS
y me encendí de amor,POR VOS
y quemé las cortinas,POR VOS
"y me encendí de amor,",POR VOS
de amor sagrado,POR VOS
Y entonces,POR VOS
"rezo, rezo, rezo, rezo por vos",POR VOS
"Como mata el viento norte,",MATA EL VIENTO NORTE
"cuando agosto está en el día,",MATA EL VIENTO NORTE
y el espacio de estos cuerpos,MATA EL VIENTO NORTE
ilumina,MATA EL VIENTO NORTE
"Un mendigo muestra joyas,",MATA EL VIENTO NORTE
a los ciegos de la esquina,MATA EL VIENTO NORTE
y un cachorro del señor,MATA EL VIENTO NORTE
nos alucina,MATA EL VIENTO NORTE
"Háblame sólo,",MATA EL VIENTO NORTE
de nubes y sol,MATA EL VIENTO NORTE
"no quiero saber nada,",MATA EL VIENTO NORTE
con la miseria del mundo hoy,MATA EL VIENTO NORTE
"Y es un buen día,",MATA EL VIENTO NORTE
hay algo de paz.,MATA EL VIENTO NORTE
la Tierra es nuestra hermana,MATA EL VIENTO NORTE
"Marte no cede,",MATA EL VIENTO NORTE
"al poder del sol,",MATA EL VIENTO NORTE
"Venus nos enamora,",MATA EL VIENTO NORTE
la luna sabe de su atracción,MATA EL VIENTO NORTE
"Mientras nosotros,",MATA EL VIENTO NORTE
"morimos aquí,",MATA EL VIENTO NORTE
"con los ojos cerrados,",MATA EL VIENTO NORTE
no vemos más que nuestra nariz,MATA EL VIENTO NORTE
"Como mata el viento norte,",MATA EL VIENTO NORTE
"cuando agosto está en el día,",MATA EL VIENTO NORTE
y el espacio de estos cuerpos,MATA EL VIENTO NORTE
ilumina,MATA EL VIENTO NORTE
Señor noche,MATA EL VIENTO NORTE
"sé mi cuna,",MATA EL VIENTO NORTE
sé mi día,MATA EL VIENTO NORTE
"Mi pequeña almita baila de alegría,",MATA EL VIENTO NORTE
"de alegría,",MATA EL VIENTO NORTE
de alegría,MATA EL VIENTO NORTE
Tendré los ojos muy lejos,YA ME EMPIECE A QUEDAR SOLO
y un cigarrillo en la boca,YA ME EMPIECE A QUEDAR SOLO
el pecho dentro de un hueco,YA ME EMPIECE A QUEDAR SOLO
y una gata medio loca,YA ME EMPIECE A QUEDAR SOLO
Un escenario vacío,YA ME EMPIECE A QUEDAR SOLO
un libro muerto de pena,YA ME EMPIECE A QUEDAR SOLO
un dibujo destruido,YA ME EMPIECE A QUEDAR SOLO
y la caridad ajena,YA ME EMPIECE A QUEDAR SOLO
Un televisor inútil,YA ME EMPIECE A QUEDAR SOLO
eléctrica compañía,YA ME EMPIECE A QUEDAR SOLO
la radio a todo volumen,YA ME EMPIECE A QUEDAR SOLO
y una prisión que no es mía,YA ME EMPIECE A QUEDAR SOLO
Una vejez sin temores,YA ME EMPIECE A QUEDAR SOLO
y una vida reposada,YA ME EMPIECE A QUEDAR SOLO
ventanas muy agitadas,YA ME EMPIECE A QUEDAR SOLO
y una cama tan inmóvil,YA ME EMPIECE A QUEDAR SOLO
Y un montón de diarios apilados,YA ME EMPIECE A QUEDAR SOLO
y una flor cuidando mi pasado,YA ME EMPIECE A QUEDAR SOLO
y un rumor de voces que me gritan,YA ME EMPIECE A QUEDAR SOLO
y un millón de manos que me aplauden,YA ME EMPIECE A QUEDAR SOLO
Y el fantasma tuyo sobre todo,YA ME EMPIECE A QUEDAR SOLO
cuando ya me empiece a quedar solo,YA ME EMPIECE A QUEDAR SOLO
Oh no puedes ser feliz,A TU CORAZÓN
con tanta gente hablando a tu alrededor,A TU CORAZÓN
oh dame tu amor a mí,A TU CORAZÓN
"le estoy hablando, hablando, hablando a tu corazón",A TU CORAZÓN
"Cuando estás muy sola, sola en la calle",A TU CORAZÓN
"con tanta gente hablando, hablando a tu alrededor",A TU CORAZÓN
necesitas a alguien que te acompañe,A TU CORAZÓN
"le estoy hablando, hablando, hablando a tu corazón",A TU CORAZÓN
No importa el lenguaje ni las palabras,A TU CORAZÓN
ni las fronteras que separan a nuestro amor,A TU CORAZÓN
quiero que me escuches y que te abras,A TU CORAZÓN
"le estoy hablando, hablando, hablando a tu corazón",A TU CORAZÓN
Estamos ciegos de ver,SOBREVIVIENTES
cansados de tanto andar,SOBREVIVIENTES
estamos hartos de huir,SOBREVIVIENTES
en la ciudad,SOBREVIVIENTES
Nunca tendremos raíz,SOBREVIVIENTES
nunca tendremos hogar,SOBREVIVIENTES
y sin embargo ya ves,SOBREVIVIENTES
somos de acá,SOBREVIVIENTES
Vibramos como las campanas,SOBREVIVIENTES
como iglesias que se acercan,SOBREVIVIENTES
desde el sur como vestidos negros,SOBREVIVIENTES
que se quieren desvestir,SOBREVIVIENTES
Yo siempre te he llevado,SOBREVIVIENTES
bajo mi bufanda azul,SOBREVIVIENTES
por las calles como Cristo,SOBREVIVIENTES
a la cruz,SOBREVIVIENTES
Desnuda de frío y hermosa como ayer,TUERTO Y LOS CIEGOS
tan exacta como dos y dos son tres,TUERTO Y LOS CIEGOS
ella llegó a mí apenas la pude ver,TUERTO Y LOS CIEGOS
aprendí a disimular mi estupidez,TUERTO Y LOS CIEGOS
Bienvenida Casandra,TUERTO Y LOS CIEGOS
"bienvenida al sol y mi niñez,",TUERTO Y LOS CIEGOS
sigue y sigue bailando alrededor,TUERTO Y LOS CIEGOS
aunque siempre seamos pocos,TUERTO Y LOS CIEGOS
los que no te podamos creer,TUERTO Y LOS CIEGOS
Les contaste un cuento sabiéndolo contar,TUERTO Y LOS CIEGOS
y creyeron que tu alma andaba mal,TUERTO Y LOS CIEGOS
la mediocridad para algunos es normal,TUERTO Y LOS CIEGOS
la locura es poder ver mas allá,TUERTO Y LOS CIEGOS
Baila y baila Casandra,TUERTO Y LOS CIEGOS
"digo bien, bien, bien lo pude ver",TUERTO Y LOS CIEGOS
no hablo yo de fantasmas ni de Dios,TUERTO Y LOS CIEGOS
sólo te cuento las cosas,TUERTO Y LOS CIEGOS
que sé te suelen perder,TUERTO Y LOS CIEGOS
"Cuando estés mal, cuando estés solo",MÍ
cuando ya estés cansado de llorar,MÍ
no te olvides de mí,MÍ
porque sé que te puedo estimular,MÍ
Cuando me mires a los ojos,MÍ
y mi mirada esté en otro lugar,MÍ
no te acerques a mí,MÍ
porque sé que te puedo lastimar,MÍ
No pienses que estoy loco,MÍ
es sólo una manera de actuar,MÍ
no pienses que estoy solo,MÍ
estoy comunicado con todo lo demás,MÍ
"Por eso,",MÍ
"cuando estés mal, cuando estés sola",MÍ
cuando ya estés cansada de llorar,MÍ
no te olvides de mí,MÍ
porque sé que te puedo estimular,MÍ
Por qué no vienes hasta mí,DE LA REVOLUCIÓN
por qué no puedo amarte,DE LA REVOLUCIÓN
por qué no vienes hasta mí,DE LA REVOLUCIÓN
por qué no cambias como el sol,DE LA REVOLUCIÓN
por qué eres tan distante,DE LA REVOLUCIÓN
por qué no cambias como el sol,DE LA REVOLUCIÓN
Me siento solo y confundido a la vez,DE LA REVOLUCIÓN
los analistas no podrán entender,DE LA REVOLUCIÓN
ya no sé bien que decir,DE LA REVOLUCIÓN
ya no sé más que hacer,DE LA REVOLUCIÓN
todo el mundo loco y yo sin poderte ver,DE LA REVOLUCIÓN
"pero si insisto, yo sé muy bien, te conseguiré",DE LA REVOLUCIÓN
Cerca de la revolución,DE LA REVOLUCIÓN
el pueblo pide sangre,DE LA REVOLUCIÓN
cerca de la revolución,DE LA REVOLUCIÓN
yo estoy cantando esta canción,DE LA REVOLUCIÓN
que alguna vez fue hambre,DE LA REVOLUCIÓN
yo estoy cantando esta canción,DE LA REVOLUCIÓN
Y si mañana es como ayer otra vez,DE LA REVOLUCIÓN
lo que fue hermoso será horrible,DE LA REVOLUCIÓN
"después, no es sólo una cuestión de elecciones",DE LA REVOLUCIÓN
"no elegí este mundo, pero aprendí a querer",DE LA REVOLUCIÓN
"pero si insisto yo sé muy bien, te conseguiré",DE LA REVOLUCIÓN
Si estas palabras te pudieran dar fe,DE LA REVOLUCIÓN
si esta armonía te ayudara a creer,DE LA REVOLUCIÓN
"yo sería tan feliz, tan feliz en el mundo,",DE LA REVOLUCIÓN
"que moriría, arrodillado a tus pies",DE LA REVOLUCIÓN
"pero si insisto, yo sé muy bien, te conseguiré",DE LA REVOLUCIÓN
"Puedo deslizar en la oscuridad,",PUEDES OLVIDAR
puedo hasta eclipsar las luces,PUEDES OLVIDAR
con sólo mirar,PUEDES OLVIDAR
"Dicen ya entender,",PUEDES OLVIDAR
mienten,PUEDES OLVIDAR
porque en el fondo este misterio,PUEDES OLVIDAR
sólo sea esta estrella,PUEDES OLVIDAR
Quizás mañana alguien,PUEDES OLVIDAR
viaje para otro país,PUEDES OLVIDAR
lo podremos despedir,PUEDES OLVIDAR
Dame amor hasta mañana,PUEDES OLVIDAR
hasta que te quieras ir,PUEDES OLVIDAR
siempre puedes olvidar,PUEDES OLVIDAR
"Puedo aterrizar sin luces,",PUEDES OLVIDAR
"puedo aterrizar en la oscuridad,",PUEDES OLVIDAR
puedo hasta abrazar las cruces,PUEDES OLVIDAR
Es sólo amor,PUEDES OLVIDAR
dices al rezar,PUEDES OLVIDAR
entra,PUEDES OLVIDAR
Vamos a dar algunas vueltas por ahí,PUEDES OLVIDAR
a mirar de cerca,PUEDES OLVIDAR
Quizás mañana alguien,PUEDES OLVIDAR
viaje para este país,PUEDES OLVIDAR
lo podremos saludar,PUEDES OLVIDAR
Dame amor hasta mañana,PUEDES OLVIDAR
hasta que te quieras ir,PUEDES OLVIDAR
siempre puedes olvidar,PUEDES OLVIDAR
"Vi la luna, chorreando sin parar",SOBRE PLATEADO
su luz de catedral,SOBRE PLATEADO
y un barco viejo cruzando,SOBRE PLATEADO
el mar de Sudamérica a Europa,SOBRE PLATEADO
sobre un espejo lleno de sal,SOBRE PLATEADO
Aeroplanos cortando el celofán,SOBRE PLATEADO
de un cielo tropical,SOBRE PLATEADO
abriendo surcos van a llevar,SOBRE PLATEADO
hacia el exilio o la vuelta,SOBRE PLATEADO
a los que ya no aguantaron más,SOBRE PLATEADO
Huellas en el mar,SOBRE PLATEADO
sangre en nuestro hogar,SOBRE PLATEADO
porque tenemos que ir tan lejos,SOBRE PLATEADO
para estar acá,SOBRE PLATEADO
nos quedamos por tener fe,SOBRE PLATEADO
nos fuimos por amar,SOBRE PLATEADO
ganamos algo y algo se fue,SOBRE PLATEADO
y algunos hijos son padres,SOBRE PLATEADO
y algunas huellas ya son la piel,SOBRE PLATEADO
"Cuando estés mal, cuando estés solo",MÍ
cuando ya estés cansado de llorar,MÍ
no te olvides de mí,MÍ
porque sé que te puedo estimular,MÍ
Cuando me mires a los ojos,MÍ
y mi mirada esté en otro lugar,MÍ
no te acerques a mí,MÍ
porque sé que te puedo lastimar,MÍ
No pienses que estoy loco,MÍ
es sólo una manera de actuar,MÍ
no pienses que estoy solo,MÍ
estoy comunicado con todo lo demás,MÍ
"Por eso,",MÍ
"cuando estés mal, cuando estés sola",MÍ
cuando ya estés cansada de llorar,MÍ
no te olvides de mí,MÍ
porque sé que te puedo estimular,MÍ
Conozco un empleado,BARATA Y ZAPATOS DE GOMA
que fue muerto de pena,BARATA Y ZAPATOS DE GOMA
enamorado de las sirenas.,BARATA Y ZAPATOS DE GOMA
El cine de mi barrio,BARATA Y ZAPATOS DE GOMA
ya me mostró la escena,BARATA Y ZAPATOS DE GOMA
no vi tu alma y quería tus venas.,BARATA Y ZAPATOS DE GOMA
Y en este torbellino,BARATA Y ZAPATOS DE GOMA
dónde nada importa,BARATA Y ZAPATOS DE GOMA
me sentí solo y te perdí,BARATA Y ZAPATOS DE GOMA
pero sí vi tus ojos,BARATA Y ZAPATOS DE GOMA
y hasta comí la arena,BARATA Y ZAPATOS DE GOMA
quise quedarme pero me fui.,BARATA Y ZAPATOS DE GOMA
Filosofía barata y zapatos de goma,BARATA Y ZAPATOS DE GOMA
ni ésta mentira te hace feliz,BARATA Y ZAPATOS DE GOMA
quise quedarme cuando morí de pena,BARATA Y ZAPATOS DE GOMA
quise quedarme pero me fui.,BARATA Y ZAPATOS DE GOMA
Y en la terminal,BARATA Y ZAPATOS DE GOMA
y en la terminal,BARATA Y ZAPATOS DE GOMA
estoy descalzo,BARATA Y ZAPATOS DE GOMA
y te espero a ti.,BARATA Y ZAPATOS DE GOMA
El ómnibus se ha ido,BARATA Y ZAPATOS DE GOMA
el amor se ha vencido,BARATA Y ZAPATOS DE GOMA
quise quedarme pero me fui.,BARATA Y ZAPATOS DE GOMA
Filosofía barata y zapatos de goma,BARATA Y ZAPATOS DE GOMA
ni ésta mentira te hace feliz,BARATA Y ZAPATOS DE GOMA
quise quedarme cuando morí de pena,BARATA Y ZAPATOS DE GOMA
quise quedarme pero me fui.,BARATA Y ZAPATOS DE GOMA
Filosofía barata y zapatos de goma,BARATA Y ZAPATOS DE GOMA
quizás es todo lo que te di.,BARATA Y ZAPATOS DE GOMA
Una vez creí,DE PLASTILINA
que nada iba a pasarme,DE PLASTILINA
Una vez pensé,DE PLASTILINA
que nadie iba a matarme.,DE PLASTILINA
El tiempo pasó,DE PLASTILINA
entre rayuelas y cometas,DE PLASTILINA
entre un amor y bicicletas,DE PLASTILINA
y aunque estuviera sólo sabía jugar,DE PLASTILINA
aunque quisiera llorar.,DE PLASTILINA
Yo te quería amar,DE PLASTILINA
y no sabía tu nombre,DE PLASTILINA
Te quería encontrar,DE PLASTILINA
pero no sabía dónde,DE PLASTILINA
yo te fui a buscar,DE PLASTILINA
quería que todo fuera eterno,DE PLASTILINA
se fue el amor,DE PLASTILINA
llegó el invierno,DE PLASTILINA
y anduve tiritando en cualquier lugar,DE PLASTILINA
y sólo pude llorar.,DE PLASTILINA
Alcanzar lo interminable,DE PLASTILINA
rebotando en la pared,DE PLASTILINA
dando vueltas en el aire,DE PLASTILINA
mientras el payaso hace la red.,DE PLASTILINA
Nadie pudo ver,DE PLASTILINA
que el tiempo era una herida,DE PLASTILINA
lástima nacer,DE PLASTILINA
y no salir con vida,DE PLASTILINA
yo quiero llorar.,DE PLASTILINA
Reloj de plastilina,DE PLASTILINA
no existes más,DE PLASTILINA
ya no te puedo esperar,DE PLASTILINA
mientras el payaso hace la red.,DE PLASTILINA
Salgo a caminar,DE PLASTILINA
y sigo imaginando,DE PLASTILINA
fui lo que creí,DE PLASTILINA
soy lo que está pasando,DE PLASTILINA
No quiero llorar.,DE PLASTILINA
No quiero estar envuelto en penas,DE PLASTILINA
siempre arrastrando estas cadenas,DE PLASTILINA
si el tiempo no es amigo,DE PLASTILINA
no importa más,DE PLASTILINA
yo sólo quiero jugar.,DE PLASTILINA
"Jugar, jugar",DE PLASTILINA
solo quiero ver jugar,DE PLASTILINA
yo solo quiero jugar,DE PLASTILINA
solo quiero jugar.,DE PLASTILINA
Yo soy un gato de metal,DE METAL
vivo en un agujero,DE METAL
tengo una ansiedad,DE METAL
como de año nuevo.,DE METAL
Nunca sé dónde estoy,DE METAL
nunca sé dónde voy,DE METAL
tengo miedo de la escena de la calle,DE METAL
tengo miedo que en la calle no haya nadie,DE METAL
esa es la rapsodia de los que,DE METAL
decoran el tiempo.,DE METAL
Por eso vivo en los tejados,DE METAL
viajo en subterráneo,DE METAL
amo a los extraños,DE METAL
mi comodidad sólo es mi aventura,DE METAL
nunca será igual,DE METAL
nunca nada dura.,DE METAL
Vos te querías comprar un perro?,DE METAL
pero soy un gato,DE METAL
Vos te querías comprar un perro?,DE METAL
pero soy un gato.,DE METAL
No sé que mierda pasó en San Telmo,TE MUERAS EN MI CASA
aunque en verdad mucho no me interesa.,TE MUERAS EN MI CASA
Te veo deambular cual bicho enfermo,TE MUERAS EN MI CASA
raspándole los bordes a la mesa.,TE MUERAS EN MI CASA
Te he visto en situaciones similares,TE MUERAS EN MI CASA
presiento lo tremendo del momento,TE MUERAS EN MI CASA
se ve por tu temblor de maxilares,TE MUERAS EN MI CASA
que te cargaste un par de bolsas de cemento.,TE MUERAS EN MI CASA
Andá a la esquina a ver si llueve,TE MUERAS EN MI CASA
buscate un bar abierto que aún se puede,TE MUERAS EN MI CASA
tomate un whisky a ver si se te pasa,TE MUERAS EN MI CASA
pero por favor no te mueras en mi casa.,TE MUERAS EN MI CASA
El barrio fue y será una porquería,TE MUERAS EN MI CASA
(ya lo sé),TE MUERAS EN MI CASA
hay pocos como yo samaritanos,TE MUERAS EN MI CASA
te escucharé primor mas con el día,TE MUERAS EN MI CASA
rodarás barranca abajo por Belgrano.,TE MUERAS EN MI CASA
He visto muchos casos de epilepsia,TE MUERAS EN MI CASA
conozco la leyenda del colmillo,TE MUERAS EN MI CASA
tomemos el asunto con asepsia,TE MUERAS EN MI CASA
pero por favor no te mueras en mi altillo.,TE MUERAS EN MI CASA
"Yo te extraño, yo te extraño",6CURITAS
me extraño a mí.,6CURITAS
"Estoy solo, estoy solo",6CURITAS
no estás aquí.,6CURITAS
La chica que esperaba era infinita,6CURITAS
como el bajo que perdí.,6CURITAS
Pegaba las canciones con curitas,6CURITAS
hay algo sangrando,6CURITAS
hay algo que sangra porque,6CURITAS
"yo te extraño, yo te extraño",6CURITAS
"Estoy solo, estoy solo",6CURITAS
ya no soy mí.,6CURITAS
Y si ya no hay más noches estrelladas,6CURITAS
ni lugares dónde ir,6CURITAS
La música está ya muy separada,6CURITAS
"nadie va a grabar, nadie va a grabarme a mí.",6CURITAS
Hay veces que no puedo dormir,6CURITAS
hay veces que no quiero,6CURITAS
hay veces que me gustaría verte aquí.,6CURITAS
Todo el mundo tiene penas,6CURITAS
pero yo ya extraño hasta tus problemas,6CURITAS
"quiero eco, vuelve a mí,",6CURITAS
porque yo te extraño.,6CURITAS
La chica que esperaba era infinita,6CURITAS
como el bajo que perdí,6CURITAS
pegaba las canciones con curitas,6CURITAS
hay algo que sangra,6CURITAS
hay algo que sangra por mí.,6CURITAS
Hay noches que no puedo dormir,6CURITAS
Hay noches que no puedo dormir,6CURITAS
Hay noches que no puedo dormir,6CURITAS
sin curitas.,6CURITAS
"Dame uno más, dame un poquito",UN POQUITO NO MÁS
sólo un poquito no más,UN POQUITO NO MÁS
yo quiero más,UN POQUITO NO MÁS
"yo necesito, sólo un poquito no más.",UN POQUITO NO MÁS
"Dame uno más, dame un poquito",UN POQUITO NO MÁS
sólo un poquito no más,UN POQUITO NO MÁS
yo quiero más,UN POQUITO NO MÁS
"yo necesito, sólo un poquito no más.",UN POQUITO NO MÁS
"Dame uno más, dame un poquito",UN POQUITO NO MÁS
sólo un poquito no más,UN POQUITO NO MÁS
yo quiero más,UN POQUITO NO MÁS
"yo necesito, sólo un poquito no más.",UN POQUITO NO MÁS
"Dame uno más, dame un poquito",UN POQUITO NO MÁS
sólo un poquito no más,UN POQUITO NO MÁS
yo quiero más,UN POQUITO NO MÁS
sólo un poquito no más,UN POQUITO NO MÁS
dame uno más,UN POQUITO NO MÁS
sólo un poquito no más,UN POQUITO NO MÁS
"Yo quiero más, dame uno más",UN POQUITO NO MÁS
dame un poquito,UN POQUITO NO MÁS
sólo un poquito no más,UN POQUITO NO MÁS
yo quiero más,UN POQUITO NO MÁS
yo necesito,UN POQUITO NO MÁS
sólo un poquito no más,UN POQUITO NO MÁS
sólo un poquito no más.,UN POQUITO NO MÁS
"No razonar, desaparecer",SIENTO MUCHO MEJOR
cuando tenias que estar,SIENTO MUCHO MEJOR
te echaste a correr,SIENTO MUCHO MEJOR
Lo que hiciste en ti,SIENTO MUCHO MEJOR
no tiene perdón,SIENTO MUCHO MEJOR
y yo sé que me siento,SIENTO MUCHO MEJOR
mucho mas fuerte,SIENTO MUCHO MEJOR
sin tu amor.,SIENTO MUCHO MEJOR
Mucho tiempo atrás,SIENTO MUCHO MEJOR
me hiciste sentir,SIENTO MUCHO MEJOR
que nuestro amor era más,SIENTO MUCHO MEJOR
y de esa forma vivir,SIENTO MUCHO MEJOR
"No sé, más quien soy",SIENTO MUCHO MEJOR
de que te reís,SIENTO MUCHO MEJOR
y ahora sé que me siento,SIENTO MUCHO MEJOR
mucho mas fuerte sin tu amor,SIENTO MUCHO MEJOR
"oh, sin tu amor.",SIENTO MUCHO MEJOR
"No sé, que hacer",SIENTO MUCHO MEJOR
"no sé, que decir",SIENTO MUCHO MEJOR
cuando tenias que estar,SIENTO MUCHO MEJOR
te echaste a reír,SIENTO MUCHO MEJOR
Lo que hiciste en mi,SIENTO MUCHO MEJOR
no tiene perdón,SIENTO MUCHO MEJOR
y ahora sé que me siento,SIENTO MUCHO MEJOR
mucho mas fuerte sin tu amor.,SIENTO MUCHO MEJOR
Y yo sé que me siento,SIENTO MUCHO MEJOR
mucho mas fuerte,SIENTO MUCHO MEJOR
sin tu amor.,SIENTO MUCHO MEJOR
Puedo deslizar en la oscuridad,PUEDES OLVIDAR
puedo hasta eclipsar las luces,PUEDES OLVIDAR
con sólo mirar,PUEDES OLVIDAR
dicen ya entender,PUEDES OLVIDAR
mienten,PUEDES OLVIDAR
porque en el fondo este misterio,PUEDES OLVIDAR
sólo sea esta estrella,PUEDES OLVIDAR
quizás mañana alguien,PUEDES OLVIDAR
viaje para otro país,PUEDES OLVIDAR
lo podremos despedir,PUEDES OLVIDAR
dame amor hasta mañana,PUEDES OLVIDAR
hasta que te quieras ir,PUEDES OLVIDAR
siempre puedes olvidar.,PUEDES OLVIDAR
Puedo aterrizar sin luces,PUEDES OLVIDAR
puedo aterrizar en la oscuridad,PUEDES OLVIDAR
puedo hasta abrazar las cruces,PUEDES OLVIDAR
es sólo amor,PUEDES OLVIDAR
dices al rezar,PUEDES OLVIDAR
entra.,PUEDES OLVIDAR
Vamos a dar algunas vueltas por ahí,PUEDES OLVIDAR
a mirar de cerca,PUEDES OLVIDAR
quizás mañana alguien viaje para este país,PUEDES OLVIDAR
lo podremos saludar,PUEDES OLVIDAR
dame amor hasta mañana,PUEDES OLVIDAR
hasta que te quieras ir,PUEDES OLVIDAR
siempre puedes olvidar.,PUEDES OLVIDAR
Estupidez con las manos,CANCIÓN DEL INDECISO
bardo con los pies,CANCIÓN DEL INDECISO
altos y enanos,CANCIÓN DEL INDECISO
visten con la misma piel,CANCIÓN DEL INDECISO
arengador suburbano,CANCIÓN DEL INDECISO
dijo tente fe,CANCIÓN DEL INDECISO
creí que era hermano,CANCIÓN DEL INDECISO
pero siempre desconfié,CANCIÓN DEL INDECISO
porque yo soy un indeciso,CANCIÓN DEL INDECISO
la verdad es que nunca supe bien que hacer.,CANCIÓN DEL INDECISO
Estoy hasta las manos,CANCIÓN DEL INDECISO
pero sin dormir,CANCIÓN DEL INDECISO
la parca empuja,CANCIÓN DEL INDECISO
pero no voy a seguir,CANCIÓN DEL INDECISO
arengador suburbano,CANCIÓN DEL INDECISO
ya vete de aquí,CANCIÓN DEL INDECISO
si me margino,CANCIÓN DEL INDECISO
me margino porque sí,CANCIÓN DEL INDECISO
porque yo soy un indeciso,CANCIÓN DEL INDECISO
la verdad es que nunca supe bien qué hacer.,CANCIÓN DEL INDECISO
No pienses que estoy loco,CANCIÓN DEL INDECISO
es sólo una manera de actuar,CANCIÓN DEL INDECISO
no pienses que estoy solo,CANCIÓN DEL INDECISO
estoy comunicado con todo lo demás.,CANCIÓN DEL INDECISO
Te siguen hasta los perros,CANCIÓN DEL INDECISO
pero sin morder,CANCIÓN DEL INDECISO
me das los hongos,CANCIÓN DEL INDECISO
pero no voy a comer,CANCIÓN DEL INDECISO
arengador suburbano,CANCIÓN DEL INDECISO
dijo tente fe,CANCIÓN DEL INDECISO
porque yo soy un indeciso,CANCIÓN DEL INDECISO
la verdad es que nunca supe bien que hacer.,CANCIÓN DEL INDECISO
Estupidez con las manos,CANCIÓN DEL INDECISO
bardo con los pies,CANCIÓN DEL INDECISO
altos y enanos,CANCIÓN DEL INDECISO
visten con la misma piel,CANCIÓN DEL INDECISO
arengador suburbano,CANCIÓN DEL INDECISO
dijo tente fe,CANCIÓN DEL INDECISO
creí que era hermano,CANCIÓN DEL INDECISO
pero siempre desconfié,CANCIÓN DEL INDECISO
porque yo soy un indeciso,CANCIÓN DEL INDECISO
la verdad es que nunca supe bien que hacer.,CANCIÓN DEL INDECISO
porque yo soy un indeciso,CANCIÓN DEL INDECISO
la verdad es que nunca supe bien que hacer,CANCIÓN DEL INDECISO
supe bien que hacer,CANCIÓN DEL INDECISO
supe bien que hacer.,CANCIÓN DEL INDECISO
"Oíd, mortales, el grito sagrado:",NACIONAL ARGENTINO
¡Libertad! ¡Libertad! ¡Libertad!,NACIONAL ARGENTINO
"Oíd el ruido de rotas cadenas,",NACIONAL ARGENTINO
ved en trono a la noble igualdad.,NACIONAL ARGENTINO
"Ya su trono dignísimo abrieron,",NACIONAL ARGENTINO
las provincias unidas del sur.,NACIONAL ARGENTINO
Y los libres del mundo responden,NACIONAL ARGENTINO
al gran pueblo argentino: ¡Salud!,NACIONAL ARGENTINO
Al gran pueblo argentino: ¡Salud!,NACIONAL ARGENTINO
Y los libres del mundo responden,NACIONAL ARGENTINO
al gran pueblo argentino: ¡Salud!,NACIONAL ARGENTINO
Y los libres del mundo responden,NACIONAL ARGENTINO
al gran pueblo argentino: ¡Salud!,NACIONAL ARGENTINO
Sean eternos los laureles,NACIONAL ARGENTINO
"que supimos conseguir,",NACIONAL ARGENTINO
que supimos conseguir.,NACIONAL ARGENTINO
"Coronados de gloria vivamos,",NACIONAL ARGENTINO
o juremos con gloria morir.,NACIONAL ARGENTINO
¡O juremos con gloria morir!,NACIONAL ARGENTINO
¡O juremos con gloria morir!,NACIONAL ARGENTINO
"Yo no te quiero olvidar,",SHOW
Vos ya sos parte de mi historia.,SHOW
"Tu luz me va a iluminar,",SHOW
Aunque hagan polvo con tu obra.,SHOW
"Tu luz me va a iluminar,",SHOW
Ya no te puedo dejar.,SHOW
"Yo te voy a transportar,",SHOW
Desde las sombras a tu corazón.,SHOW
Good show!,SHOW
Dejo la pick up en el camino,CHICO DE FIN DE SEMANA
necesito volver,CHICO DE FIN DE SEMANA
tengo que encontrar la paz,CHICO DE FIN DE SEMANA
en mi destino hoy igual que ayer,CHICO DE FIN DE SEMANA
la chica que quiero yo,CHICO DE FIN DE SEMANA
me quiere un toco,CHICO DE FIN DE SEMANA
pero hoy no estoy tan bien,CHICO DE FIN DE SEMANA
"no esta bien, no esta tan mal,",CHICO DE FIN DE SEMANA
no la critiquen.,CHICO DE FIN DE SEMANA
mira al chico solo,CHICO DE FIN DE SEMANA
en el fin de semana,CHICO DE FIN DE SEMANA
sin saber que hacer.,CHICO DE FIN DE SEMANA
Tengo fotos de Gardel,CHICO DE FIN DE SEMANA
en las paredes,CHICO DE FIN DE SEMANA
que no me pueden ver,CHICO DE FIN DE SEMANA
no se aburrirán,CHICO DE FIN DE SEMANA
de estar colgadas,CHICO DE FIN DE SEMANA
hoy tal como ayer,CHICO DE FIN DE SEMANA
La chica que quiero yo,CHICO DE FIN DE SEMANA
me quiere un toco,CHICO DE FIN DE SEMANA
pero hoy no estoy tan bien,CHICO DE FIN DE SEMANA
"no esta bien, no esta tan mal,",CHICO DE FIN DE SEMANA
esta colgada.,CHICO DE FIN DE SEMANA
Mira al chico solo,CHICO DE FIN DE SEMANA
en el fin de semana,CHICO DE FIN DE SEMANA
vos podrás ser el.,CHICO DE FIN DE SEMANA
Yo nací en Jerusalén,PESO
Tenia un feeling,PESO
Que no podía ser,PESO
Necesitaba un lugar,PESO
A donde poner los pies,PESO
Cuando miro a un extranjero,PESO
Le pregunto que sitio es este,PESO
El me miró y simplemente,PESO
Me dijo que ya me tenía que ir,PESO
"Saquen este, peso sáquenlo de aquí,",PESO
"Saquen este peso,",PESO
El peso que pusieron en mi.,PESO
Cuarenta y siete botellas,PESO
Ocupan mucho lugar,PESO
Si me pidieron ayuda,PESO
"Como me voy a negar,",PESO
Mientras tanto las mujeres,PESO
Que consiguieron curarse,PESO
Aceptaron su destino,PESO
Y se largaron a llorar,PESO
"Saquen este, peso sáquenlo de aquí,",PESO
"Saquen este peso,",PESO
El peso que pusieron en mi.,PESO
"Saquen este, peso sáquenlo de aquí,",PESO
"Saquen este peso,",PESO
En el centro de la tierra,PESO
Existe una contradicción,PESO
Que tiene muchos adictos,PESO
Es parte de la religión,PESO
Creo en la virgen maría,PESO
Y en maría magdalena,PESO
Y en el espíritu santo,PESO
Que es como un humito nomás,PESO
"Saquen este, peso sáquenlo de aquí,",PESO
"Saquen este peso,",PESO
El peso que pusieron en mi.,PESO
"Saquen este, peso sáquenlo de aquí,",PESO
Saquen este peso.,PESO
Según la mitología,4POSEIDÓN
En el olimpo nació,4POSEIDÓN
Zeus fue su padre,4POSEIDÓN
Y un día todo el mar le regalo,4POSEIDÓN
Los atlantes los idolatran,4POSEIDÓN
Y los delfines ni hablar,4POSEIDÓN
Nada todos los estilos,4POSEIDÓN
Y todos los nada mal,4POSEIDÓN
Poseidón en el olimpo,4POSEIDÓN
Neptuno en roma imperial,4POSEIDÓN
Limpiemos al los pingüinos,4POSEIDÓN
El era el padre de Venus,4POSEIDÓN
Y la mando a trabajar,4POSEIDÓN
Ahora le dicen Valeria,4POSEIDÓN
Es la Valeria del mar,4POSEIDÓN
Ahí va cruzando el agua,4POSEIDÓN
El viejo Poseidón,4POSEIDÓN
Ahí va cruzando el agua,4POSEIDÓN
El viejo Poseidón,4POSEIDÓN
Debajo de sus escamas,4POSEIDÓN
Se esconde un ser superior,4POSEIDÓN
"Es pelado, no usa gorra",4POSEIDÓN
Pero nunca se olido,4POSEIDÓN
Que cuando izo e ballena,4POSEIDÓN
A pinocho se trago,4POSEIDÓN
Tanto le gusto el muñeco,4POSEIDÓN
Que en la playa se quedo,4POSEIDÓN
Ahora hace de guardavidas,4POSEIDÓN
Y trabaja en un comercial,4POSEIDÓN
Toco en pescado rabioso,4POSEIDÓN
Y hasta tiene club de fan´s,4POSEIDÓN
Con ese disfraz de goma,4POSEIDÓN
Que le dieron en Japón,4POSEIDÓN
"El fue Godzila, fue potra",4POSEIDÓN
Fue Flipper y tiburón,4POSEIDÓN
Ahí va cruzando el agua,4POSEIDÓN
El viejo Poseidón,4POSEIDÓN
Ahí va cruzando el agua,4POSEIDÓN
El viejo Poseidón,4POSEIDÓN
Hacia falta tanta agua,4POSEIDÓN
Dijo el prócer argentino,4POSEIDÓN
Pero vos prepara el vino,4POSEIDÓN
Que yo llevo la ensalada,4POSEIDÓN
El rescato a Litto Nebbia,4POSEIDÓN
Cuando se fue a naufragar,4POSEIDÓN
"Es mas, devolvió la balsa a Tango",4POSEIDÓN
Invento el rock nacional,4POSEIDÓN
Es mitad dios,4POSEIDÓN
Mitad hombre,4POSEIDÓN
Mitad pez,4POSEIDÓN
Mitad mortal,4POSEIDÓN
Mitad jamón,4POSEIDÓN
Mitad queso,4POSEIDÓN
Peronista y radical,4POSEIDÓN
Ahí va cruzando el agua,4POSEIDÓN
El viejo Poseidón,4POSEIDÓN
Ahí va cruzando el agua,4POSEIDÓN
El viejo Poseidón,4POSEIDÓN
En ira hizo de mostró,4POSEIDÓN
En la laguna fatal,4POSEIDÓN
Es nuestro querido Luís Alberto,4POSEIDÓN
Se lo podrías preguntar,4POSEIDÓN
Cuando nada mariposa,4POSEIDÓN
No le dicen Poseidón,4POSEIDÓN
Todos los peces le gritan,4POSEIDÓN
Viejo puto y bufaron,4POSEIDÓN
Ahí va cruzando el agua,4POSEIDÓN
El viejo Poseidón,4POSEIDÓN
Ahí va cruzando el agua,4POSEIDÓN
El viejo Poseidón,4POSEIDÓN
Este es el aguante,AGUANTE
hasta yo lo vi,AGUANTE
este es el aguante,AGUANTE
decímelo a mí,AGUANTE
Este es el aguante,AGUANTE
considéralo,AGUANTE
este es el aguante,AGUANTE
te lo digo yo,AGUANTE
"Aguante, aguante, aguante, aguante",AGUANTE
"aguante, aguante, aguante, aguante",AGUANTE
Aguanta Sofía,AGUANTE
aguanta Javier,AGUANTE
aguante la quía,AGUANTE
aguanta también,AGUANTE
Y si no te gusta,AGUANTE
te podés matar,AGUANTE
este es el aguante,AGUANTE
este es mi lugar,AGUANTE
aguante el aguante,AGUANTE
"Aguante, aguante, aguante, aguante",AGUANTE
"aguante, aguante, aguante, aguante",AGUANTE
Este es el aguante,AGUANTE
hasta yo lo vi,AGUANTE
decímelo a mí,AGUANTE
Este es el aguante,AGUANTE
consideralo,AGUANTE
este es el aguante,AGUANTE
esto es rock & roll,AGUANTE
"Por favor,",SOBRE EL BIDET
no hagas promesas sobre el bidet,SOBRE EL BIDET
"por favor,",SOBRE EL BIDET
no me abras más los sobres,SOBRE EL BIDET
"por favor,",SOBRE EL BIDET
yo te prometo te escribiré,SOBRE EL BIDET
si es que paras de correr,SOBRE EL BIDET
"Por favor,",SOBRE EL BIDET
sigue la sombra de mi bebé,SOBRE EL BIDET
"por favor,",SOBRE EL BIDET
"no bebas más, no llores",SOBRE EL BIDET
"por favor,",SOBRE EL BIDET
yo te prometo te escribiré,SOBRE EL BIDET
si es que para de llover,SOBRE EL BIDET
Porque me tratas tan bien,SOBRE EL BIDET
me tratas tan mal,SOBRE EL BIDET
sabes que no aprendí a vivir,SOBRE EL BIDET
A veces estoy tan bien,SOBRE EL BIDET
estoy tan down,SOBRE EL BIDET
calambres en el alma,SOBRE EL BIDET
cada cual tiene un trip,SOBRE EL BIDET
en el bocho,SOBRE EL BIDET
difícil que lleguemos,SOBRE EL BIDET
a ponernos,SOBRE EL BIDET
"de acuerdo, de acuerdo",SOBRE EL BIDET
Los amigos del barrio pueden desaparecer,DINOSAURIOS / JIRAFAS
los cantores de radio pueden desaparecer,DINOSAURIOS / JIRAFAS
los que están en los diarios pueden desaparecer,DINOSAURIOS / JIRAFAS
la persona que amas puede desaparecer.,DINOSAURIOS / JIRAFAS
Los que están en el aire,DINOSAURIOS / JIRAFAS
pueden desaparecer en el aire,DINOSAURIOS / JIRAFAS
los que están en la calle,DINOSAURIOS / JIRAFAS
pueden desaparecer en la calle.,DINOSAURIOS / JIRAFAS
"Los amigos del barrio pueden desaparecer,",DINOSAURIOS / JIRAFAS
pero los dinosaurios van a desaparecer.,DINOSAURIOS / JIRAFAS
"No estoy tranquilo mi amor,",DINOSAURIOS / JIRAFAS
"hoy es sábado a la noche,",DINOSAURIOS / JIRAFAS
un amigo está en cana.,DINOSAURIOS / JIRAFAS
Oh mi amor,DINOSAURIOS / JIRAFAS
desaparece el mundo,DINOSAURIOS / JIRAFAS
Si los pesados mi amor llevan,DINOSAURIOS / JIRAFAS
todo ese montón de equipajes en la mano,DINOSAURIOS / JIRAFAS
oh mi amor yo quiero estar liviano.,DINOSAURIOS / JIRAFAS
Cuando el mundo tira para abajo,DINOSAURIOS / JIRAFAS
yo no quiero estar atado a nada,DINOSAURIOS / JIRAFAS
imaginen a los dinosaurios en la cama,DINOSAURIOS / JIRAFAS
Cuando el mundo tira para abajo,DINOSAURIOS / JIRAFAS
yo no quiero estar atado a nada,DINOSAURIOS / JIRAFAS
imaginen a los dinosaurios en la cama,DINOSAURIOS / JIRAFAS
Los amigos del barrio,DINOSAURIOS / JIRAFAS
pueden desaparecer,DINOSAURIOS / JIRAFAS
los cantores de radio,DINOSAURIOS / JIRAFAS
pueden desaparecer,DINOSAURIOS / JIRAFAS
los que están en los diarios,DINOSAURIOS / JIRAFAS
pueden desaparecer,DINOSAURIOS / JIRAFAS
la persona que amas,DINOSAURIOS / JIRAFAS
puede desaparecer.,DINOSAURIOS / JIRAFAS
Los que están en el aire,DINOSAURIOS / JIRAFAS
pueden desaparecer en el aire,DINOSAURIOS / JIRAFAS
los que están en la calle,DINOSAURIOS / JIRAFAS
pueden desaparecer en la calle.,DINOSAURIOS / JIRAFAS
Los amigos del barrio,DINOSAURIOS / JIRAFAS
"pueden desaparecer,",DINOSAURIOS / JIRAFAS
pero los dinosaurios,DINOSAURIOS / JIRAFAS
van a desaparecer.,DINOSAURIOS / JIRAFAS
Los amigos del barrio pueden desaparecer,DINOSAURIOS
los cantores de radio pueden desaparecer,DINOSAURIOS
los que están en los diarios pueden desaparecer,DINOSAURIOS
la persona que amas puede desaparecer.,DINOSAURIOS
Los que están en el aire,DINOSAURIOS
pueden desaparecer en el aire,DINOSAURIOS
los que están en la calle,DINOSAURIOS
pueden desaparecer en la calle.,DINOSAURIOS
"Los amigos del barrio pueden desaparecer,",DINOSAURIOS
pero los dinosaurios van a desaparecer.,DINOSAURIOS
"No estoy tranquilo mi amor,",DINOSAURIOS
"hoy es sábado a la noche,",DINOSAURIOS
un amigo está en cana.,DINOSAURIOS
Oh mi amor,DINOSAURIOS
desaparece el mundo,DINOSAURIOS
Si los pesados mi amor llevan,DINOSAURIOS
todo ese montón de equipajes en la mano,DINOSAURIOS
oh mi amor yo quiero estar liviano.,DINOSAURIOS
Cuando el mundo tira para abajo,DINOSAURIOS
yo no quiero estar atado a nada,DINOSAURIOS
imaginen a los dinosaurios en la cama,DINOSAURIOS
Cuando el mundo tira para abajo,DINOSAURIOS
yo no quiero estar atado a nada,DINOSAURIOS
imaginen a los dinosaurios en la cama,DINOSAURIOS
Los amigos del barrio,DINOSAURIOS
pueden desaparecer,DINOSAURIOS
los cantores de radio,DINOSAURIOS
pueden desaparecer,DINOSAURIOS
los que están en los diarios,DINOSAURIOS
pueden desaparecer,DINOSAURIOS
la persona que amas,DINOSAURIOS
puede desaparecer.,DINOSAURIOS
Los que están en el aire,DINOSAURIOS
pueden desaparecer en el aire,DINOSAURIOS
los que están en la calle,DINOSAURIOS
pueden desaparecer en la calle.,DINOSAURIOS
Los amigos del barrio,DINOSAURIOS
"pueden desaparecer,",DINOSAURIOS
pero los dinosaurios,DINOSAURIOS
van a desaparecer.,DINOSAURIOS
"Ella es menor, él es normal",SIGUEN PEGANDO ABAJO (PECADO MORTAL)
y lo que están haciendo es un pecado mortal,SIGUEN PEGANDO ABAJO (PECADO MORTAL)
ella se quedó sin boda ni arroz,SIGUEN PEGANDO ABAJO (PECADO MORTAL)
y al novio lo agarraron entre muchos más que dos.,SIGUEN PEGANDO ABAJO (PECADO MORTAL)
Miren lo están golpeando todo el tiempo,SIGUEN PEGANDO ABAJO (PECADO MORTAL)
"lo vuelven, vuelven a golpear",SIGUEN PEGANDO ABAJO (PECADO MORTAL)
nos siguen pegando abajo.,SIGUEN PEGANDO ABAJO (PECADO MORTAL)
Yo estaba en un club,SIGUEN PEGANDO ABAJO (PECADO MORTAL)
no había casi luz,SIGUEN PEGANDO ABAJO (PECADO MORTAL)
la puerta de salida tenía un farolito azul.,SIGUEN PEGANDO ABAJO (PECADO MORTAL)
El se desmayó delante de mí,SIGUEN PEGANDO ABAJO (PECADO MORTAL)
no fueron las pastillas,SIGUEN PEGANDO ABAJO (PECADO MORTAL)
fueron los hombres de gris,SIGUEN PEGANDO ABAJO (PECADO MORTAL)
Miren lo están golpeando todo el tiempo,SIGUEN PEGANDO ABAJO (PECADO MORTAL)
"lo vuelven, vuelven a golpear",SIGUEN PEGANDO ABAJO (PECADO MORTAL)
nos siguen pegando abajo.,SIGUEN PEGANDO ABAJO (PECADO MORTAL)
Estoy yéndome,SIGUEN PEGANDO ABAJO (PECADO MORTAL)
soy como una luz apagándose,SIGUEN PEGANDO ABAJO (PECADO MORTAL)
"desde el piso los pude ver,",SIGUEN PEGANDO ABAJO (PECADO MORTAL)
locos de placer alejándose,SIGUEN PEGANDO ABAJO (PECADO MORTAL)
Miren lo están golpeando todo el tiempo,SIGUEN PEGANDO ABAJO (PECADO MORTAL)
"lo vuelven, vuelven a golpear",SIGUEN PEGANDO ABAJO (PECADO MORTAL)
nos siguen pegando abajo.,SIGUEN PEGANDO ABAJO (PECADO MORTAL)
Por qué no vienes hasta mí,DE LA REVOLUCIÓN
por qué no puedo amarte,DE LA REVOLUCIÓN
por qué no vienes hasta mí,DE LA REVOLUCIÓN
por qué no cambias como el sol,DE LA REVOLUCIÓN
por qué eres tan distante,DE LA REVOLUCIÓN
por qué no cambias como el sol,DE LA REVOLUCIÓN
Me siento solo y confundido a la vez,DE LA REVOLUCIÓN
los analistas no podrán entender,DE LA REVOLUCIÓN
ya no sé bien que decir,DE LA REVOLUCIÓN
ya no sé más que hacer,DE LA REVOLUCIÓN
todo el mundo loco y yo sin poderte ver,DE LA REVOLUCIÓN
"pero si insisto, yo sé muy bien, te conseguiré",DE LA REVOLUCIÓN
Cerca de la revolución,DE LA REVOLUCIÓN
el pueblo pide sangre,DE LA REVOLUCIÓN
cerca de la revolución,DE LA REVOLUCIÓN
yo estoy cantando esta canción,DE LA REVOLUCIÓN
que alguna vez fue hambre,DE LA REVOLUCIÓN
yo estoy cantando esta canción,DE LA REVOLUCIÓN
Y si mañana es como ayer otra vez,DE LA REVOLUCIÓN
lo que fue hermoso será horrible,DE LA REVOLUCIÓN
"después, no es sólo una cuestión de elecciones",DE LA REVOLUCIÓN
"no elegí este mundo, pero aprendí a querer",DE LA REVOLUCIÓN
"pero si insisto yo sé muy bien, te conseguiré",DE LA REVOLUCIÓN
Si estas palabras te pudieran dar fe,DE LA REVOLUCIÓN
si esta armonía te ayudara a creer,DE LA REVOLUCIÓN
"yo sería tan feliz, tan feliz en el mundo,",DE LA REVOLUCIÓN
"que moriría, arrodillado a tus pies",DE LA REVOLUCIÓN
"pero si insisto, yo sé muy bien, te conseguiré",DE LA REVOLUCIÓN
"Mi amor, no te puedo amar.",SE VA A LLAMAR MI AMOR
"Mi amor, no te puedo amar.",SE VA A LLAMAR MI AMOR
"Estás prohibida, estás prohibida, ya.",SE VA A LLAMAR MI AMOR
"Estás prohibida, pásenlo en la radio,",SE VA A LLAMAR MI AMOR
por mi amor.,SE VA A LLAMAR MI AMOR
"Salí, salí a pescar.",SE VA A LLAMAR MI AMOR
"Salí, salí a pescar.",SE VA A LLAMAR MI AMOR
"Es un rock, es un blues,",SE VA A LLAMAR MI AMOR
es una mesa de luz,SE VA A LLAMAR MI AMOR
es un mambo de Xuxú,SE VA A LLAMAR MI AMOR
un manual de Kapelusz,SE VA A LLAMAR MI AMOR
"es mi amor,",SE VA A LLAMAR MI AMOR
no se va a llamar.,SE VA A LLAMAR MI AMOR
"Estás prohibida, estás prohibida, ya.",SE VA A LLAMAR MI AMOR
"Estás prohibida, pásenlo en la radio,",SE VA A LLAMAR MI AMOR
por mi amor.,SE VA A LLAMAR MI AMOR
Por mi amor.,SE VA A LLAMAR MI AMOR
Daría cualquier cosa por amor,TRAPOS
daría cualquier cosa,TRAPOS
por poder llegar un poco más,TRAPOS
más de lo que puedo dar.,TRAPOS
Pero a la vez quiero decirte,TRAPOS
que te encargues de tu vida,TRAPOS
porque yo no soy mejor que vos,TRAPOS
vos no sos mejor que yo.,TRAPOS
Y aunque cambiemos de color las trincheras,TRAPOS
y aunque cambiemos de lugar las banderas,TRAPOS
siempre es como la primera vez.,TRAPOS
Y mientras todo el mundo sigue bailando,TRAPOS
se ven dos pibes que aún siguen buscando,TRAPOS
encontrarse por primera vez,TRAPOS
.,TRAPOS
Habiendo compartido aquél temor,TRAPOS
habiendo convivido en ésta desolación total,TRAPOS
ya no es necesario más.,TRAPOS
Y aunque cambiemos de color las trincheras,TRAPOS
y aunque cambiemos de lugar las banderas,TRAPOS
siempre es como la primera vez.,TRAPOS
Y mientras todo el mundo sigue bailando,TRAPOS
se ven dos pibes que aún siguen buscando,TRAPOS
encontrarse por primera vez.,TRAPOS
Rubias de New York,BAR
fantasmas de percal,BAR
"presten atención,",BAR
se ha abierto un piano bar,BAR
cerca del cabaret.,BAR
Será que nací en el sur?,BAR
será que encendí la luz de tu amor?,BAR
"Viudas de Nerón,",BAR
amantes de Gardel,BAR
"suena un bandoneón,",BAR
cerca del cabaret,BAR
Será que nací en el sur?,BAR
será que encendí la luz de tu amor?,BAR
Los chicos tienen un lugar,BAR
donde viven esas cosas que asombran,BAR
las chicas tienen un lugar donde ir a conversar.,BAR
"Usa tu rubor,",BAR
escoge tu disfraz,BAR
"plumas de gorrión,",BAR
sonrisas de zorzal.,BAR
Coloca vitrina al sur,BAR
"re loca titila luz, la ciudad.",BAR
"Tuve tu amor,",TU AMOR
tuve tu amor,TU AMOR
en mí ya.,TU AMOR
"Tuve tu amor,",TU AMOR
tú ves tu amor,TU AMOR
"tú ves tu amor,",TU AMOR
en mí ya.,TU AMOR
Tú ves tu amor.,TU AMOR
"El exilio te vistió de actriz,",TU AMOR
porque alguien se confudió,TU AMOR
"alguien te descubrió,",TU AMOR
cansado de esperar,TU AMOR
"como volverte a ver,",TU AMOR
"alguien se suicidó,",TU AMOR
alguien te traicionó.,TU AMOR
Los sitios girarán por siempre,TU AMOR
"sitios para transgredir,",TU AMOR
"hay algo en tu nariz,",TU AMOR
que escondes muy bien,TU AMOR
"te encentro feliz, triste.",TU AMOR
Susana se escapó,TU AMOR
Miguel también,TU AMOR
"Ana se quedó,",TU AMOR
Ana se quedó,TU AMOR
Te veo muy bien,TU AMOR
te ves muy bien,TU AMOR
"te ves muy bien,",TU AMOR
te ves muy bien así,TU AMOR
fumándote.,TU AMOR
"Te tengo que aplazar,",TU AMOR
como si fuera un bebé,TU AMOR
nadie podrá contar esto otra vez,TU AMOR
no importa adónde vas,TU AMOR
no importa donde estés.,TU AMOR
Yo me pude despedir en septiembre,TU AMOR
"pero antes de partir,",TU AMOR
tuve tu amor,TU AMOR
"tuve tu amor,",TU AMOR
tuve tu amor,TU AMOR
en mí ya.,TU AMOR
Tiene manos de marfil,INTERFERENCIA
y telados de Taiwán,INTERFERENCIA
un chico conectado con la ciencia.,INTERFERENCIA
Busca aliados de jazmín,INTERFERENCIA
y una daga de metal,INTERFERENCIA
y tiene apuro y a la vez paciencia.,INTERFERENCIA
"Tiene un radio, para vivir, para vivir.",INTERFERENCIA
Estamos como el,INTERFERENCIA
amor que se echa a perder,INTERFERENCIA
violando todo lo que amamos,INTERFERENCIA
"para vivir, para vivir",INTERFERENCIA
"Tiene agujeros que no ves,",INTERFERENCIA
picaduras de escorpión,INTERFERENCIA
que oculta un maquillaje de inocencia.,INTERFERENCIA
Todo lo que ves o es,INTERFERENCIA
como la imaginación,INTERFERENCIA
"se junta con total interferencia, en la radio",INTERFERENCIA
suena un violín,INTERFERENCIA
Estamos como el amor,INTERFERENCIA
que se echa a perder,INTERFERENCIA
violando todo lo que amamos,INTERFERENCIA
"para vivir, para vivir.",INTERFERENCIA
"Vi la luna, chorreando sin parar",SOBRE PLATEADO (HUELLAS EN EL MAR)
su luz de catedral,SOBRE PLATEADO (HUELLAS EN EL MAR)
y un barco viejo cruzando,SOBRE PLATEADO (HUELLAS EN EL MAR)
el mar de Sudamérica a Europa,SOBRE PLATEADO (HUELLAS EN EL MAR)
sobre un espejo lleno de sal,SOBRE PLATEADO (HUELLAS EN EL MAR)
Aeroplanos cortando el celofán,SOBRE PLATEADO (HUELLAS EN EL MAR)
de un cielo tropical,SOBRE PLATEADO (HUELLAS EN EL MAR)
abriendo surcos van a llevar,SOBRE PLATEADO (HUELLAS EN EL MAR)
hacia el exilio o la vuelta,SOBRE PLATEADO (HUELLAS EN EL MAR)
a los que ya no aguantaron más,SOBRE PLATEADO (HUELLAS EN EL MAR)
Huellas en el mar,SOBRE PLATEADO (HUELLAS EN EL MAR)
sangre en nuestro hogar,SOBRE PLATEADO (HUELLAS EN EL MAR)
porque tenemos que ir tan lejos,SOBRE PLATEADO (HUELLAS EN EL MAR)
para estar acá,SOBRE PLATEADO (HUELLAS EN EL MAR)
nos quedamos por tener fe,SOBRE PLATEADO (HUELLAS EN EL MAR)
nos fuimos por amar,SOBRE PLATEADO (HUELLAS EN EL MAR)
ganamos algo y algo se fue,SOBRE PLATEADO (HUELLAS EN EL MAR)
y algunos hijos son padres,SOBRE PLATEADO (HUELLAS EN EL MAR)
y algunas huellas ya son la piel,SOBRE PLATEADO (HUELLAS EN EL MAR)
(INSTRUMENTAL),ART DECÓ
"Tuve un amor en Paraguay,",DEL EXILIO
una flor que se quemó mal.,DEL EXILIO
"No alcancé a decir que sí,",DEL EXILIO
que ya se sacó el toque,DEL EXILIO
y me lo dejó a mí.,DEL EXILIO
"Si, me exilé en Madrid,",DEL EXILIO
y me fui a New York,DEL EXILIO
sólo porque seguí a Perón.,DEL EXILIO
Tenía un sólido futuro artístico,DEL EXILIO
y me comí el bajón.,DEL EXILIO
"Yo tenía tres libros,",DEL EXILIO
y una foto del Che,DEL EXILIO
ahora tengo mil años,DEL EXILIO
y muy poco que hacer.,DEL EXILIO
Vamo a baila,DEL EXILIO
vamo a baila,DEL EXILIO
vamo a baila,DEL EXILIO
Nunca Podrás amarme,MUERTAS
vivo sólo en la T.V.,MUERTAS
Nunca podré decirte cómo es,MUERTAS
nunca podrás tocarme,MUERTAS
sólo verme en un papel,MUERTAS
no dejes de mirarme,MUERTAS
en la pared.,MUERTAS
Yo nací para ti,MUERTAS
soy de Puerto Rico,MUERTAS
Te daré un surubí,MUERTAS
soy un rico tipo siempre,MUERTAS
y vos sos tan virgen para mi,MUERTAS
frotándote las piernas,MUERTAS
llorando en la capilla,MUERTAS
un amor de chicas muertas.,MUERTAS
Vuela un jet,TAMBIÉN ESTABAS VERDE
hacia el sur,TAMBIÉN ESTABAS VERDE
la cósmica cintura del folklórico ataúd de un DC-10,TAMBIÉN ESTABAS VERDE
que se hace estrellas contra el suelo,TAMBIÉN ESTABAS VERDE
Hoy estoy como un jet,TAMBIÉN ESTABAS VERDE
perdido entre las nubes,TAMBIÉN ESTABAS VERDE
sin señales para ver adónde voy.,TAMBIÉN ESTABAS VERDE
Pero mi corazón no es ciego,TAMBIÉN ESTABAS VERDE
puedo subir al cielo,TAMBIÉN ESTABAS VERDE
puedo vivir haciéndote el amor,TAMBIÉN ESTABAS VERDE
pero me voy.,TAMBIÉN ESTABAS VERDE
Otro whisky y ya van mil,TAMBIÉN ESTABAS VERDE
yo me pregunto entonces,TAMBIÉN ESTABAS VERDE
si aún estarías aquí cuando yo no era nadie,TAMBIÉN ESTABAS VERDE
y no tengo plata en el bolsillo.,TAMBIÉN ESTABAS VERDE
La nostalgia que otra vez,TAMBIÉN ESTABAS VERDE
no entiendo los que hacen,TAMBIÉN ESTABAS VERDE
lo mismo que yo hice ayer,TAMBIÉN ESTABAS VERDE
pero como hasta ahí nomás,TAMBIÉN ESTABAS VERDE
como viviendo en el pasado.,TAMBIÉN ESTABAS VERDE
"Me escapé sin pensar,",TAMBIÉN ESTABAS VERDE
escuché a los Beatles,TAMBIÉN ESTABAS VERDE
y me fui a buscar la soledad,TAMBIÉN ESTABAS VERDE
y vos también estabas verde.,TAMBIÉN ESTABAS VERDE
Puedo subir al cielo,TAMBIÉN ESTABAS VERDE
puedo morir haciéndote el amor,TAMBIÉN ESTABAS VERDE
pero me voy,TAMBIÉN ESTABAS VERDE
pero me voy.,TAMBIÉN ESTABAS VERDE
No tengo nada que hacer,DE 2X3
no tengo nada que dar,DE 2X3
no encuentro la gracia en mi manera de hablar,DE 2X3
no quiero volver nunca más.,DE 2X3
"Todos podemos perder, todos podemos ganar",DE 2X3
entre las sogas del circo y las trincheras del mal,DE 2X3
yo quiero olvidarme de hablar.,DE 2X3
Las pálidas figuras se acercaron hasta mí.,DE 2X3
Mi mente tuvo dudas y fingí que ya las vi.,DE 2X3
Ya no quiero vivir así,DE 2X3
repitiendo las agonías del pasado,DE 2X3
con los hermanos de mi niñez,DE 2X3
es muy duro sobrevivir,DE 2X3
aunque el tiempo ya los ha vuelto desconfiados.,DE 2X3
Tenemos algo para decir,DE 2X3
no es la misma canción de 2 x 3,DE 2X3
las cosas ya no son como las vez.,DE 2X3
Te recuerdo invierno,RECUERDO INVIERNO
ahora que estoy solo,RECUERDO INVIERNO
y me acuerdo del sol,RECUERDO INVIERNO
que no brillaba,RECUERDO INVIERNO
de tu mano helada,RECUERDO INVIERNO
cuando el viento hería,RECUERDO INVIERNO
tu cara y la mía,RECUERDO INVIERNO
por el parque húmedo de rocío,RECUERDO INVIERNO
íbamos los dos,RECUERDO INVIERNO
te esperaré de pie,RECUERDO INVIERNO
cuando el frío,RECUERDO INVIERNO
te traiga aquí,RECUERDO INVIERNO
otra vez como antes,RECUERDO INVIERNO
solamente puedo,RECUERDO INVIERNO
esperar tu vuelta,RECUERDO INVIERNO
por el parque húmedo de rocío,RECUERDO INVIERNO
íbamos los dos,RECUERDO INVIERNO
Te esperaré de pie,RECUERDO INVIERNO
cuando el frío,RECUERDO INVIERNO
te traiga aquí,RECUERDO INVIERNO
otra vez como antes,RECUERDO INVIERNO
solamente puedo,RECUERDO INVIERNO
esperar tu vuelta,RECUERDO INVIERNO
por el parque húmedo de rocío,RECUERDO INVIERNO
te veré venir,RECUERDO INVIERNO
te veré venir,RECUERDO INVIERNO
te veré venir,RECUERDO INVIERNO
(INSTRUMENTAL),SOBRE MÚSICA DEL ALMA
Tengo que seguir,EDIFICIOS DORADOS
tengo que seguir,EDIFICIOS DORADOS
lo que yo empecé,EDIFICIOS DORADOS
yo ya estoy cansado,EDIFICIOS DORADOS
pero igual lo haré,EDIFICIOS DORADOS
tengo mis fuerzas,EDIFICIOS DORADOS
basada aquí,EDIFICIOS DORADOS
Pronto verán;,EDIFICIOS DORADOS
Resurrecciones en el mundo,EDIFICIOS DORADOS
Cuando pase aquí,EDIFICIOS DORADOS
oirás mi voz,EDIFICIOS DORADOS
les diré mil cosas,EDIFICIOS DORADOS
del mundo de hoy,EDIFICIOS DORADOS
tengo mis fuerzas,EDIFICIOS DORADOS
basada aqui,EDIFICIOS DORADOS
pronto verán,EDIFICIOS DORADOS
resurrecciones en el mundo,EDIFICIOS DORADOS
Basta de mentira,EDIFICIOS DORADOS
basta de dolor,EDIFICIOS DORADOS
basta de ignorantes,EDIFICIOS DORADOS
dame un poquito de amor,EDIFICIOS DORADOS
hey hey hey,EDIFICIOS DORADOS
Tengo que seguir,EDIFICIOS DORADOS
lo que yo empecé...,EDIFICIOS DORADOS
yo estoy cansado,EDIFICIOS DORADOS
pero igual lo haré,EDIFICIOS DORADOS
tengo mis fuerzas,EDIFICIOS DORADOS
basada aquí,EDIFICIOS DORADOS
"pronto verán,",EDIFICIOS DORADOS
resurrecciones en el mundo...,EDIFICIOS DORADOS
"tengo que seguir, tengo que seguir",EDIFICIOS DORADOS
"No te copes mal, déjala",DE MALA SANGRE
"Te trata de encontrar, déjala",DE MALA SANGRE
Y cuando el tiempo pase por aquí,DE MALA SANGRE
Vos te das cuenta que no es el fin,DE MALA SANGRE
Vuelve a mi yo soy la vida,DE MALA SANGRE
"Si te da su voz, cántala",DE MALA SANGRE
Su rostro no se ve mírala,DE MALA SANGRE
Te digo lo que se porque seguí,DE MALA SANGRE
Seguí el tiempo confundido aquí,DE MALA SANGRE
Vuelve a mi yo soy la vida.,DE MALA SANGRE
Sentado solo aquí,EN EL UMBRAL DE DIOS
Bebiendo el universo,EN EL UMBRAL DE DIOS
Sentado en el umbral de Dios,EN EL UMBRAL DE DIOS
Sin nadie que me lleve,EN EL UMBRAL DE DIOS
Hasta donde mis ángeles,EN EL UMBRAL DE DIOS
Dejaron sus vestidos viejos,EN EL UMBRAL DE DIOS
Quién fue que les quitó,EN EL UMBRAL DE DIOS
El sol de sus cabezas,EN EL UMBRAL DE DIOS
Quién fue que les quitó su amor,EN EL UMBRAL DE DIOS
Como podría parar la lluvia de sus frentes,EN EL UMBRAL DE DIOS
Como hacerlos que vuelvan a este umbral,EN EL UMBRAL DE DIOS
"Y yo estoy aquí, derrumbándome",EN EL UMBRAL DE DIOS
Justo en el umbral de Dios,EN EL UMBRAL DE DIOS
Sin que nadie me aleje,EN EL UMBRAL DE DIOS
De aquí de aquí,EN EL UMBRAL DE DIOS
"Yo era un hombre bueno,",FANTASMA DE CANTERVILLE
si hay alguien bueno en este lugar,FANTASMA DE CANTERVILLE
pagué todas mis deudas,FANTASMA DE CANTERVILLE
pagué oportunidad de amar,FANTASMA DE CANTERVILLE
Sin embargo estoy tirado,FANTASMA DE CANTERVILLE
y nadie se acuerda de mi,FANTASMA DE CANTERVILLE
paso a través de la gente,FANTASMA DE CANTERVILLE
como el fantasma de Canterville,FANTASMA DE CANTERVILLE
Me han ofendido mucho,FANTASMA DE CANTERVILLE
y nadie dio una explicación,FANTASMA DE CANTERVILLE
Ay si pudiera matarlos,FANTASMA DE CANTERVILLE
lo haría sin ningún temor,FANTASMA DE CANTERVILLE
Pero siempre fui un tonto,FANTASMA DE CANTERVILLE
que creyó en la legalidad,FANTASMA DE CANTERVILLE
ahora que estoy afuera,FANTASMA DE CANTERVILLE
ya sé lo que es la libertad,FANTASMA DE CANTERVILLE
"Ahora que puedo amarte,",FANTASMA DE CANTERVILLE
nena. yo voy amarte de verdad,FANTASMA DE CANTERVILLE
"mientras me quede aire,",FANTASMA DE CANTERVILLE
calor nunca te va faltar,FANTASMA DE CANTERVILLE
Y jamás volveré a fijarme,FANTASMA DE CANTERVILLE
en la cara de los demás,FANTASMA DE CANTERVILLE
esa careta idiota,FANTASMA DE CANTERVILLE
que tira y tira para tras,FANTASMA DE CANTERVILLE
He muerto muchas veces,FANTASMA DE CANTERVILLE
acribillado en la ciudad,FANTASMA DE CANTERVILLE
pero es mejor ser muerto,FANTASMA DE CANTERVILLE
que un número que viene y va,FANTASMA DE CANTERVILLE
Y en mi tumba tengo perros,FANTASMA DE CANTERVILLE
y cosas que no me hacen mal,FANTASMA DE CANTERVILLE
después de muerto nena,FANTASMA DE CANTERVILLE
vos me vendrás a visitar,FANTASMA DE CANTERVILLE
"Las dulces promesas sufren, el viejo pretexto",DULCES PROMESAS
De que mañana se darán,DULCES PROMESAS
Porque ahora no hay tiempo,DULCES PROMESAS
Todo se posterga dice la vieja historia,DULCES PROMESAS
El regalo del final pesa todos los días y se va,DULCES PROMESAS
"Para usted señor, yo le ofrezco",DULCES PROMESAS
Un poco de comprensión,DULCES PROMESAS
Junto con un cuerpecito sin ropas,DULCES PROMESAS
Para un largo invierno,DULCES PROMESAS
Fascinantes son las playas y un hotel en las montañas,DULCES PROMESAS
Más prolija es mi pobreza que el lugar donde trabajo,DULCES PROMESAS
Hoy me muero un poco,DULCES PROMESAS
Y mañana me muero un poco más,DULCES PROMESAS
Toda mi vida esta regalada,DULCES PROMESAS
A unos cuantos en las semanas,DULCES PROMESAS
Hasta el fondo de su corazón.,ACABÁNDOSE EL VINO
Bebió diez vasos seguidos,ACABÁNDOSE EL VINO
Apoyado en su viejo balcón.,ACABÁNDOSE EL VINO
Qué pequeño que es todo desde aquí.,ACABÁNDOSE EL VINO
O acaso todo debe ser así.,ACABÁNDOSE EL VINO
Siete balcones abajo,ACABÁNDOSE EL VINO
Aprendí a ser hombre y fui feliz.,ACABÁNDOSE EL VINO
Un día dijo que me amaba,ACABÁNDOSE EL VINO
Al otro sólo se echó a reír.,ACABÁNDOSE EL VINO
Alcanzo a ver su casa desde aquí,ACABÁNDOSE EL VINO
Como la primera vez que la vi.,ACABÁNDOSE EL VINO
Hombres de gorras azules,ACABÁNDOSE EL VINO
Dispersan a la gente del lugar.,ACABÁNDOSE EL VINO
Sobre el asfalto hay un hombre,ACABÁNDOSE EL VINO
Pero a quién le puede importar.,ACABÁNDOSE EL VINO
Acá abajo todo sigue igual.,ACABÁNDOSE EL VINO
Hoy se vendieron cuatro diarios más.,ACABÁNDOSE EL VINO
Hoy se vendieron cuatro diarios...,ACABÁNDOSE EL VINO
Hoy se vendieron cuatro diarios...,ACABÁNDOSE EL VINO
Hoy se vendieron cuatro diarios más.,ACABÁNDOSE EL VINO
Con solo ver,DE LOS DEVOTOS
Tu cara señor,DE LOS DEVOTOS
Claro es mi sueño,DE LOS DEVOTOS
Se vuelve canción,DE LOS DEVOTOS
Y esto que fluye,DE LOS DEVOTOS
Es fruto de tu nombre,DE LOS DEVOTOS
No es nada difícil,DE LOS DEVOTOS
Amarte con tu amor,DE LOS DEVOTOS
Que bello día  que haces con tu sol,DE LOS DEVOTOS
Y en las mañanas recibo el nombre de Dios,DE LOS DEVOTOS
Ha venido a vernos al fin,DE LOS DEVOTOS
Hijo del hombre llego hasta mí,DE LOS DEVOTOS
Y es tan hermoso,DE LOS DEVOTOS
Que pasa la ilusión,DE LOS DEVOTOS
Gritos de contra,DE LOS DEVOTOS
Siempre nací tu amor,DE LOS DEVOTOS
Hace tiempo que yo,DE LOS DEVOTOS
Espero tu bendición,DE LOS DEVOTOS
Sale entonada,DE LOS DEVOTOS
Pero el viento tu honra en el,DE LOS DEVOTOS
Mundo esta feo,DE LOS DEVOTOS
Hoy hay dolor,DE LOS DEVOTOS
Ya nadie canta,DE LOS DEVOTOS
Canciones de amor,DE LOS DEVOTOS
Pero tu luz,DE LOS DEVOTOS
Al fin me ilumino,DE LOS DEVOTOS
Y tu mirada,DE LOS DEVOTOS
Al mundo ya violo,DE LOS DEVOTOS
Resolverás el dolor y tus hijos serán libres,DE LOS DEVOTOS
Como es libre una flor,DE LOS DEVOTOS
Simple esta canción es,DE LOS DEVOTOS
Como simple el amor,DE LOS DEVOTOS
Que es esto que estamos viviendo,DE LOS DEVOTOS
Señora,DE LOS DEVOTOS
Que es esto que estamos viviendo,DE LOS DEVOTOS
Es amor,DE LOS DEVOTOS
"Uh! Me quitan el sol, me sacan a Dios",PASES Y ABONOS
Me secan el sudor y el sabor,PASES Y ABONOS
"Quién se puede reír de tanto sufrir el frío y el calor, y el dolor?",PASES Y ABONOS
Quién escupe los ojos sin resistencia,PASES Y ABONOS
Del que trajo el vino dulce para podernos ver?,PASES Y ABONOS
Quién por poco dinero te supo hacer feliz?,PASES Y ABONOS
Quién fue amigo de tus hijos y quien,PASES Y ABONOS
Consiguió los boletos para verme cantar?,PASES Y ABONOS
Quién les dio un acabado cuadro de su mamá?,PASES Y ABONOS
"Madres, hijas, hermanas van a escuchar",PASES Y ABONOS
"El llanto del adiós, del Adiós",PASES Y ABONOS
"Pronto en esta ciudad me van a nombrar ciudadano legal, como vos",PASES Y ABONOS
Soy el hijo de todas y el amante también,PASES Y ABONOS
"No se atreve, dulce dama, a ser mi mujer infiel?",PASES Y ABONOS
"Soy el mendigo de azul, el que cantó para el rey",PASES Y ABONOS
No es verdad noble señora?,PASES Y ABONOS
Soy quién consiguió los boletos para verme cantar,PASES Y ABONOS
Quién les dio un acabado cuadro de su mamá?,PASES Y ABONOS
Gaby toca el saxo en las arenas del circo.,10GABY
"Fantasma lírico que aprendió a reír de noche,",10GABY
Bajo un techo eterno lleno de estrellas de invierno.,10GABY
"Vírgenes estrellas que lo vieron aquí abajo,",10GABY
Sentado en la pista frente al público ausente,10GABY
Hacer las cosas de siempre.,10GABY
Tiene un sombrero como Chapín con una flor,10GABY
Donde guarda su amor.,10GABY
Se esconde dentro de un saco,10GABY
Que es un estropajo y que lo hace invisible al mundo.,10GABY
Usa pantalones,10GABY
Que fueron hechos por algún duende de Venecia,10GABY
A medida,10GABY
Para un ángel,10GABY
Triste y deshilachado que se llamó Gaby.,10GABY
Recoge tus cosas y largo de aquí,AL TREN
En nombre de cristo no quieras seguir,AL TREN
"Si nadie me acepta, muy bien yo me iré",AL TREN
Estoy esperando que llegue mi tren.,AL TREN
Si tu eres mi dama jamás lo sabré,AL TREN
Si yo no te río pues bien mátame,AL TREN
Recógete el pelo ven a la estación,AL TREN
Si no me acompañas puedes decirme adiós,AL TREN
Pueden venir cuantos quieran,AL TREN
Que serán tratados bien,AL TREN
Y los que estén en el camino,AL TREN
Bienvenidos al tren,AL TREN
Si vendo mi alma quién la comprará,AL TREN
Si compro tu tiempo no me servirá,AL TREN
Por eso es que vago ésta es mi verdad,AL TREN
Si miento un poquito ya me perdonarás.,AL TREN
(INSTRUMENTAL),JAM
Música  del alma,DEL ALMA
Tan buena como   la luz que calma,DEL ALMA
Música del día,DEL ALMA
El sol nos dice que hay armonía,DEL ALMA
Armonía,DEL ALMA
Ya la noche ha pasado debe amanecer,DEL ALMA
Salgamos de las cuevas ya no hay mas que hacer,DEL ALMA
Por mí por voz y la humanidad,DEL ALMA
Mirémonos ya no hay mas que hablar,DEL ALMA
Tomemos todo el aire que nos queda para respirar,DEL ALMA
Una luz que se acaba vuelve a nacer,DEL ALMA
Viejas historias simples que nos dan placer,DEL ALMA
Abríamos a la humanidad,DEL ALMA
Mirémonos ya no hay mas que hablar,DEL ALMA
Tomemos todo el aire que nos queda para respirar,DEL ALMA
Música del alma tan buena como la luz que calma,DEL ALMA
Música del día El sol nos dice que hay armonía,DEL ALMA
Armonía,DEL ALMA
Rubias de New York,BAR
fantasmas de percal,BAR
"presten atención,",BAR
se ha abierto un piano bar,BAR
cerca del cabaret.,BAR
Será que nací en el sur?,BAR
será que encendí la luz de tu amor?,BAR
"Viudas de Nerón,",BAR
amantes de Gardel,BAR
"suena un bandoneón,",BAR
cerca del cabaret,BAR
Será que nací en el sur?,BAR
será que encendí la luz de tu amor?,BAR
Los chicos tienen un lugar,BAR
donde viven esas cosas que asombran,BAR
las chicas tienen un lugar donde ir a conversar.,BAR
"Usa tu rubor,",BAR
escoge tu disfraz,BAR
"plumas de gorrión,",BAR
sonrisas de zorzal.,BAR
Coloca vitrina al sur,BAR
"reloca titila luz, la ciudad.",BAR
No tengo nada que hacer,DE 2 X 3
no tengo nada que dar,DE 2 X 3
no encuentro la gracia en mi manera de hablar,DE 2 X 3
no quiero volver nunca más.,DE 2 X 3
"Todos podemos perder, todos podemos ganar",DE 2 X 3
entre las sogas del circo y las trincheras del mal,DE 2 X 3
yo quiero olvidarme de hablar.,DE 2 X 3
Las pálidas figuras se acercaron hasta mí.,DE 2 X 3
Mi mente tuvo dudas y fingí que ya las vi.,DE 2 X 3
Ya no quiero vivir así,DE 2 X 3
repitiendo las agonías del pasado,DE 2 X 3
con los hermanos de mi niñez,DE 2 X 3
es muy duro sobrevivir,DE 2 X 3
aunque el tiempo ya los ha vuelto desconfiados.,DE 2 X 3
Tenemos algo para decir,DE 2 X 3
no es la misma canción de 2 x 3,DE 2 X 3
las cosas ya no son como las vez.,DE 2 X 3
"Estoy andando por las vías del tren,",NOT IN LOVE
haciendo cosas que no quiero hacer.,NOT IN LOVE
Todo eso tiene una explicación:,NOT IN LOVE
Im not in love.,NOT IN LOVE
"Cuando la gente dice que estoy bien,",NOT IN LOVE
no pueden ver debajo de mi piel.,NOT IN LOVE
Sólo lo hacen por comodidad.,NOT IN LOVE
Im not in love.,NOT IN LOVE
"Es tu ley hacerme sentir culpable,",NOT IN LOVE
necesitas alguien para deshacer.,NOT IN LOVE
"¡Hey!, lo nuestro es interminable.",NOT IN LOVE
Necesito ser.,NOT IN LOVE
Para aburrirme prefiero sufrir.,NOT IN LOVE
Para venderme prefiero morir.,NOT IN LOVE
Lo único que quiero es no ser,NOT IN LOVE
como vos.,NOT IN LOVE
Im not in love.,NOT IN LOVE
"Vi la luna, chorreando sin parar",SOBRE PLATEADO
su luz de catedral,SOBRE PLATEADO
y un barco viejo cruzando,SOBRE PLATEADO
el mar de Sudamérica a Europa,SOBRE PLATEADO
sobre un espejo lleno de sal,SOBRE PLATEADO
Aeroplanos cortando el celofán,SOBRE PLATEADO
de un cielo tropical,SOBRE PLATEADO
abriendo surcos van a llevar,SOBRE PLATEADO
hacia el exilio o la vuelta,SOBRE PLATEADO
a los que ya no aguantaron más,SOBRE PLATEADO
Huellas en el mar,SOBRE PLATEADO
sangre en nuestro hogar,SOBRE PLATEADO
porque tenemos que ir tan lejos,SOBRE PLATEADO
para estar acá,SOBRE PLATEADO
nos quedamos por tener fe,SOBRE PLATEADO
nos fuimos por amar,SOBRE PLATEADO
ganamos algo y algo se fue,SOBRE PLATEADO
y algunos hijos son padres,SOBRE PLATEADO
y algunas huellas ya son la piel,SOBRE PLATEADO
"Corría el año mil novecientos sesenta y tantos,",CHICA QUE SE ROBÓ AL MUNDO (CON JUAN ALBERTO BADÍA)
cuando el disparo de la escopeta del Coronel Díaz,CHICA QUE SE ROBÓ AL MUNDO (CON JUAN ALBERTO BADÍA)
destruyó la bocina parlante,CHICA QUE SE ROBÓ AL MUNDO (CON JUAN ALBERTO BADÍA)
que interrumpía su sagrada siesta.,CHICA QUE SE ROBÓ AL MUNDO (CON JUAN ALBERTO BADÍA)
"Nuestra heroína,",CHICA QUE SE ROBÓ AL MUNDO (CON JUAN ALBERTO BADÍA)
"conocida en Paso del Rey como Say,",CHICA QUE SE ROBÓ AL MUNDO (CON JUAN ALBERTO BADÍA)
tuvo que conectar la radio,CHICA QUE SE ROBÓ AL MUNDO (CON JUAN ALBERTO BADÍA)
al viejo combinado ortofónico,CHICA QUE SE ROBÓ AL MUNDO (CON JUAN ALBERTO BADÍA)
para captar la señal de la pared de sonido.,CHICA QUE SE ROBÓ AL MUNDO (CON JUAN ALBERTO BADÍA)
La única emisora que daba noticias,CHICA QUE SE ROBÓ AL MUNDO (CON JUAN ALBERTO BADÍA)
de los platillos voladores.,CHICA QUE SE ROBÓ AL MUNDO (CON JUAN ALBERTO BADÍA)
"Ella, tenía la manía de robar globos terráqueos",CHICA QUE SE ROBÓ AL MUNDO (CON JUAN ALBERTO BADÍA)
"de escuelas, instituciones y bibiotecas.",CHICA QUE SE ROBÓ AL MUNDO (CON JUAN ALBERTO BADÍA)
"Se aferraba al mundo con vehemencia,",CHICA QUE SE ROBÓ AL MUNDO (CON JUAN ALBERTO BADÍA)
"sintiendo que en parte,",CHICA QUE SE ROBÓ AL MUNDO (CON JUAN ALBERTO BADÍA)
"ya se lo habían sacado un poco,",CHICA QUE SE ROBÓ AL MUNDO (CON JUAN ALBERTO BADÍA)
y no quería perderlo todo.,CHICA QUE SE ROBÓ AL MUNDO (CON JUAN ALBERTO BADÍA)
Una noche de lluvia,CHICA QUE SE ROBÓ AL MUNDO (CON JUAN ALBERTO BADÍA)
el tren plateado en donde Say viajaba,CHICA QUE SE ROBÓ AL MUNDO (CON JUAN ALBERTO BADÍA)
todos los días en busca de conocimientos imposibles,CHICA QUE SE ROBÓ AL MUNDO (CON JUAN ALBERTO BADÍA)
"se detuvo misteriosamente, así como los relojes, los automóviles,",CHICA QUE SE ROBÓ AL MUNDO (CON JUAN ALBERTO BADÍA)
y todo aquello que estaba a la vista,CHICA QUE SE ROBÓ AL MUNDO (CON JUAN ALBERTO BADÍA)
de los azorados pasajeros.,CHICA QUE SE ROBÓ AL MUNDO (CON JUAN ALBERTO BADÍA)
Sólo su radio a transistores siguió funcionando.,CHICA QUE SE ROBÓ AL MUNDO (CON JUAN ALBERTO BADÍA)
"Repetía continuamente Clatú, Bracta, Nicto,",CHICA QUE SE ROBÓ AL MUNDO (CON JUAN ALBERTO BADÍA)
"Clatú, Bracta, Nicto.",CHICA QUE SE ROBÓ AL MUNDO (CON JUAN ALBERTO BADÍA)
Dicen que ese mismo día,CHICA QUE SE ROBÓ AL MUNDO (CON JUAN ALBERTO BADÍA)
algunos seres espaciales embarazaron,CHICA QUE SE ROBÓ AL MUNDO (CON JUAN ALBERTO BADÍA)
a las más bonitas señoras de Paso del Rey.,CHICA QUE SE ROBÓ AL MUNDO (CON JUAN ALBERTO BADÍA)
"Si alguien te saluda con un Clatú,",CHICA QUE SE ROBÓ AL MUNDO (CON JUAN ALBERTO BADÍA)
"Bracta, Nicto, o levantando la mano derecha",CHICA QUE SE ROBÓ AL MUNDO (CON JUAN ALBERTO BADÍA)
"con un brazalete Say No More,",CHICA QUE SE ROBÓ AL MUNDO (CON JUAN ALBERTO BADÍA)
no dudes en considerarlo un amigo y aliado.,CHICA QUE SE ROBÓ AL MUNDO (CON JUAN ALBERTO BADÍA)
Sus poderes telepáticos y telequinéticos,CHICA QUE SE ROBÓ AL MUNDO (CON JUAN ALBERTO BADÍA)
"son capaces de paralizar la Tierra,",CHICA QUE SE ROBÓ AL MUNDO (CON JUAN ALBERTO BADÍA)
"como advertencia a los que no se imaginan nada,",CHICA QUE SE ROBÓ AL MUNDO (CON JUAN ALBERTO BADÍA)
"a los que se siguen llamando chabones,",CHICA QUE SE ROBÓ AL MUNDO (CON JUAN ALBERTO BADÍA)
"a los que piensan que todo tiempo pasado fue mejor,",CHICA QUE SE ROBÓ AL MUNDO (CON JUAN ALBERTO BADÍA)
a los que pretenden detener el poder del idealismo.,CHICA QUE SE ROBÓ AL MUNDO (CON JUAN ALBERTO BADÍA)
En estos días que están pasando,DÍA QUE APAGARON LA LUZ
ya sé muy bien que vos me estas buscando,DÍA QUE APAGARON LA LUZ
quiero saber lo que hicimos,DÍA QUE APAGARON LA LUZ
el día que apagaron la luz,DÍA QUE APAGARON LA LUZ
Con esa música que hay ahora,DÍA QUE APAGARON LA LUZ
entiendo mas por que estas tan sola,DÍA QUE APAGARON LA LUZ
paralizando la tierra,DÍA QUE APAGARON LA LUZ
el día que apagaron la luz,DÍA QUE APAGARON LA LUZ
No podes ver que ya me perteneces,DÍA QUE APAGARON LA LUZ
yo quiero ver casi todo lo que haces,DÍA QUE APAGARON LA LUZ
por eso,DÍA QUE APAGARON LA LUZ
Llegará el día en que estemos juntos,DÍA QUE APAGARON LA LUZ
haciendo todo para este mundo,DÍA QUE APAGARON LA LUZ
paralizando la tierra,DÍA QUE APAGARON LA LUZ
el día que apagaron la luz (say no more),DÍA QUE APAGARON LA LUZ
No podes ver que ya me perteneces,DÍA QUE APAGARON LA LUZ
yo puedo ver casi todo lo que haces,DÍA QUE APAGARON LA LUZ
por eso,DÍA QUE APAGARON LA LUZ
Ya llegó el día en que estemos juntos,DÍA QUE APAGARON LA LUZ
haciendo todo a pesar del mundo,DÍA QUE APAGARON LA LUZ
paralizando la tierra,DÍA QUE APAGARON LA LUZ
el día que apagaron la luz,DÍA QUE APAGARON LA LUZ
Paralizando la tierra,DÍA QUE APAGARON LA LUZ
el día que apagaron la luz,DÍA QUE APAGARON LA LUZ
paralizando la tierra,DÍA QUE APAGARON LA LUZ
el día que apagaron la luz,DÍA QUE APAGARON LA LUZ
el día que apagaron la luz,DÍA QUE APAGARON LA LUZ
"el día, el día, el día",DÍA QUE APAGARON LA LUZ
el día que apagaron la luz,DÍA QUE APAGARON LA LUZ
el día que apagaron la luz,DÍA QUE APAGARON LA LUZ
El día que apagaron la luz,DÍA QUE APAGARON LA LUZ
paralizando la tierra,DÍA QUE APAGARON LA LUZ
el día que apagaron la luz,DÍA QUE APAGARON LA LUZ
"el día, el día, el día,",DÍA QUE APAGARON LA LUZ
el día que apagaron la luz.,DÍA QUE APAGARON LA LUZ
"Che, si en verdad me tomas en serio",SABER PORQUÉ
Deberías saber por qué,SABER PORQUÉ
En el fondo no es un misterio,SABER PORQUÉ
Deberías saber por qué,SABER PORQUÉ
"Te vas, ahí nomás",SABER PORQUÉ
Todos van hasta ahí nomás,SABER PORQUÉ
Ahí nomás.,SABER PORQUÉ
"Che, si te pones la camiseta",SABER PORQUÉ
Deberías saber por qué,SABER PORQUÉ
Aunque digas que no me meta,SABER PORQUÉ
Deberías saber por qué,SABER PORQUÉ
Te vas ahí nomás,SABER PORQUÉ
Todos van hasta ahí nomás,SABER PORQUÉ
Ahí nomás.,SABER PORQUÉ
"Andando, preguntando, discutiendo, caminando",SABER PORQUÉ
Esquivando tu manera de ser,SABER PORQUÉ
"Gritando, discutiendo, corrompiendo, agonizando",SABER PORQUÉ
Hasta el día que te volveré a ver.,SABER PORQUÉ
"Che, si es que entraste a mi apartamento",SABER PORQUÉ
Deberías saber por qué,SABER PORQUÉ
Es muy fácil decir lo siento,SABER PORQUÉ
Es muy fácil sentirse bien igual,SABER PORQUÉ
Bien igual.,SABER PORQUÉ
"Che, si en verdad me tomas en serio",SABER PORQUÉ
Deberías saber porqué.,SABER PORQUÉ
Daría cualquier cosa por amor,TRAPOS
daría cualquier cosa,TRAPOS
por poder llegar un poco más,TRAPOS
más de lo que puedo dar.,TRAPOS
Pero a la vez quiero decirte,TRAPOS
que te encargues de tu vida,TRAPOS
porque yo no soy mejor que vos,TRAPOS
vos no sos mejor que yo.,TRAPOS
Y aunque cambiemos de color las trincheras,TRAPOS
y aunque cambiemos de lugar las banderas,TRAPOS
siempre es como la primera vez.,TRAPOS
Y mientras todo el mundo sigue bailando,TRAPOS
se ven dos pibes que aún siguen buscando,TRAPOS
encontrarse por primera vez,TRAPOS
.,TRAPOS
Habiendo compartido aquél temor,TRAPOS
habiendo convivido en ésta desolación total,TRAPOS
ya no es necesario más.,TRAPOS
Y aunque cambiemos de color las trincheras,TRAPOS
y aunque cambiemos de lugar las banderas,TRAPOS
siempre es como la primera vez.,TRAPOS
Y mientras todo el mundo sigue bailando,TRAPOS
se ven dos pibes que aún siguen buscando,TRAPOS
encontrarse por primera vez.,TRAPOS
"Mi amor entero es de mi novia Popotito,",9POPOTITOS
sus piernas son como un par de canillitos,9POPOTITOS
y cuando a la fiesta la llevo a bailar,9POPOTITOS
sus piernas flacas se parecen quebrar.,9POPOTITOS
Popotito no es un primor,9POPOTITOS
pero baila que da calor.,9POPOTITOS
a mi Popotito yo le di mi amor.,9POPOTITOS
"Cuando hay aire fuerte ella parece volar,",9POPOTITOS
"en plena lluvia no se va a mojar,",9POPOTITOS
"si con Popotito me voy a casar,",9POPOTITOS
de aquí en adelante la voy a alimentar.,9POPOTITOS
Popotito no es un primor,9POPOTITOS
pero baila que da calor.,9POPOTITOS
a mi Popotito yo le di mi amor.,9POPOTITOS
Popotito baila rock and roll,9POPOTITOS
y no la ves con la luz del sol.,9POPOTITOS
si está encerrada en su habitación,9POPOTITOS
bajale las luces que hace mucho calor.,9POPOTITOS
Popotito no es un primor,9POPOTITOS
pero baila que da calor.,9POPOTITOS
a mi Popotito yo le di mi amor.,9POPOTITOS
Te siento respirar,EN EL ESPEJO
lejos de tu lugar,EN EL ESPEJO
hoy tuve un sueño con vos,EN EL ESPEJO
Que locos éramos los dos,EN EL ESPEJO
en los buenos tiempos,EN EL ESPEJO
Vos dejarás salir,EN EL ESPEJO
de tu eterno jardín,EN EL ESPEJO
yo de mi tonto fulgor,EN EL ESPEJO
Cuando encontrarnos era el fin,EN EL ESPEJO
y la vida el motor,EN EL ESPEJO
La línea blanca se termino,EN EL ESPEJO
no hay señales en tus ojos y estoy,EN EL ESPEJO
llorando en el espejo y no puedo ver,EN EL ESPEJO
A un hábil jugador,EN EL ESPEJO
trascendental actor,EN EL ESPEJO
en busca de aquel papel,EN EL ESPEJO
"que justifique con la acción,",EN EL ESPEJO
toda fantasía,EN EL ESPEJO
Que toque el saxofón,EN EL ESPEJO
que cause inspiración,EN EL ESPEJO
baila en tu forma de ser,EN EL ESPEJO
que desintegra con un blues,EN EL ESPEJO
esta oscura ficción.,EN EL ESPEJO
Por qué te quedás en Vía Muerta?,TE ANIMÁS A DESPEGAR
Por qué te quedás en Vía Muerta?,TE ANIMÁS A DESPEGAR
No se por qué vas hacia ese lugar,TE ANIMÁS A DESPEGAR
donde todos han descarrilado,TE ANIMÁS A DESPEGAR
Porqué no te animás a despegar? Yo te digo,TE ANIMÁS A DESPEGAR
por qué te quedás en Vía Muerta?,TE ANIMÁS A DESPEGAR
Por qué te quedás en Vía Muerta?,TE ANIMÁS A DESPEGAR
No se por qué vas hacia ese lugar,TE ANIMÁS A DESPEGAR
donde todos han descarrilado,TE ANIMÁS A DESPEGAR
Porqué no te animás a despegar?,TE ANIMÁS A DESPEGAR
Yo te digo por qué.,TE ANIMÁS A DESPEGAR
El ángel vigía.,TRAJES DE LÁGRIMAS III (CON GRACIELA BORGES)
"Es larga la carretera cuando uno mira atrás, porqué tenemos que ir tan lejos para estar acá. Quiero verte la cara, adoro la teletransportación.",TRAJES DE LÁGRIMAS III (CON GRACIELA BORGES)
Y aunque cambiemos de lugar las banderas siempre es como la primera vez.,TRAJES DE LÁGRIMAS III (CON GRACIELA BORGES)
No quiero más que me des con cuenta gotas tu amor. Quiero verte desnuda el día que desfilen los cuerpos que han sido salvados.,TRAJES DE LÁGRIMAS III (CON GRACIELA BORGES)
"Desprejuiciados son los que vendrán, y los que están, ya no me importan más.",TRAJES DE LÁGRIMAS III (CON GRACIELA BORGES)
"Te encontraré una mañana, y prepararás la cama para dos.",TRAJES DE LÁGRIMAS III (CON GRACIELA BORGES)
Y si vas a la derecha,PEINADOS NUEVOS
"y cambiás hacia la izquierda, adelante.",PEINADOS NUEVOS
"Es mejor que estarse quieto,",PEINADOS NUEVOS
es mejor que ser un vigilante.,PEINADOS NUEVOS
Si me gustan las canciones de amor,PEINADOS NUEVOS
y me gustan esos raros peinados nuevos,PEINADOS NUEVOS
ya no quiero criticar,PEINADOS NUEVOS
sólo quiero ser un enfermero.,PEINADOS NUEVOS
Y si trabajás al pedo,PEINADOS NUEVOS
"y estás haciendo algo nuevo, adelante.",PEINADOS NUEVOS
Y si cantas a la luna,PEINADOS NUEVOS
"y perdés la vida en un instante,",PEINADOS NUEVOS
Si luchaste por un mundo mejor,PEINADOS NUEVOS
y te gustan esos raros peinados nuevos,PEINADOS NUEVOS
no quiero ver al doctor,PEINADOS NUEVOS
sólo quiero ver al enfermero.,PEINADOS NUEVOS
Dame un poquito de amor,PEINADOS NUEVOS
no quiero un toco.,PEINADOS NUEVOS
"Quiero algo de razón,",PEINADOS NUEVOS
no quiero un loco.,PEINADOS NUEVOS
apagá el televisor.,PEINADOS NUEVOS
Si lo que te gusta es gritar,PEINADOS NUEVOS
desenchufa el cable del parlante.,PEINADOS NUEVOS
El silencio tiene acción,PEINADOS NUEVOS
el más cuerdo es el más delirante.,PEINADOS NUEVOS
Me gustaban las canciones de amor,PEINADOS NUEVOS
me gustaban esos raros peinados nuevos,PEINADOS NUEVOS
"de chiquito fui aviador,",PEINADOS NUEVOS
pero ahora soy un enfermero.,PEINADOS NUEVOS
"Tuve un amor en Paraguay,",DEL EXILIO
una flor que se quemó mal.,DEL EXILIO
"No alcancé a decir que sí,",DEL EXILIO
que ya se sacó el toque,DEL EXILIO
y me lo dejó a mí.,DEL EXILIO
"Si, me exilé en Madrid,",DEL EXILIO
y me fui a New York,DEL EXILIO
sólo porque seguí a Perón.,DEL EXILIO
Tenía un sólido futuro artístico,DEL EXILIO
y me comí el bajón.,DEL EXILIO
"Yo tenía tres libros,",DEL EXILIO
y una foto del Che,DEL EXILIO
ahora tengo mil años,DEL EXILIO
y muy poco que hacer.,DEL EXILIO
Vamo a baila,DEL EXILIO
vamo a baila,DEL EXILIO
vamo a baila,DEL EXILIO
"Cuando viniste a mí,",15ASESÍNAME
"cerré la puerta pero abrí,",15ASESÍNAME
asesíname,15ASESÍNAME
"Por darte lo que di,",15ASESÍNAME
"me transformé en un souvenir,",15ASESÍNAME
"asesíname, asesíname",15ASESÍNAME
"Dejé tu imagen en el cajón,",15ASESÍNAME
"guardé tu alma en el mellotrón,",15ASESÍNAME
no quiero más que me des,15ASESÍNAME
con cuentagotas tu amor.,15ASESÍNAME
"Es sólo rock and roll,",15ASESÍNAME
"pero ya es mucho para vos,",15ASESÍNAME
"asesíname, asesíname",15ASESÍNAME
No quiero más que me des,15ASESÍNAME
con cuentagotas tu amor.,15ASESÍNAME
"Yo me quiero morir,",15ASESÍNAME
no aguanto más estar aquí,15ASESÍNAME
"Asesíname, asesíname",15ASESÍNAME
"Asesíname, asesíname",15ASESÍNAME
Hubo un tiempo que fue hermoso,PARA MI MUERTE
"y fui libre de verdad,",PARA MI MUERTE
guardaba todos mis sueños,PARA MI MUERTE
en castillos de cristal.,PARA MI MUERTE
"Poco a poco fui creciendo,",PARA MI MUERTE
y mis fábulas de amor,PARA MI MUERTE
se fueron desvaneciendo,PARA MI MUERTE
como pompas de jabón.,PARA MI MUERTE
Te encontraré una mañana,PARA MI MUERTE
dentro de mi habitación,PARA MI MUERTE
y prepararás la cama,PARA MI MUERTE
para dos.,PARA MI MUERTE
Es larga la carretera,PARA MI MUERTE
cuando uno mira atrás,PARA MI MUERTE
vas cruzando las fronteras,PARA MI MUERTE
sin darte cuenta quizás.,PARA MI MUERTE
Tomate del pasamanos,PARA MI MUERTE
porque antes de llegar,PARA MI MUERTE
de aferraran mil ancianos,PARA MI MUERTE
pero se fueron igual.,PARA MI MUERTE
Te encontraré una mañana,PARA MI MUERTE
dentro de mi habitación,PARA MI MUERTE
y prepararás la cama,PARA MI MUERTE
para dos.,PARA MI MUERTE
Quisiera saber tu nombre,PARA MI MUERTE
"tu lugar, tu dirección",PARA MI MUERTE
"si te han puesto teléfono,",PARA MI MUERTE
también tu numeración.,PARA MI MUERTE
Te suplico que me avises,PARA MI MUERTE
"si me vienes a buscar,",PARA MI MUERTE
"no es porque te tenga miedo,",PARA MI MUERTE
sólo me quiero arreglar.,PARA MI MUERTE
Te encontraré una mañana,PARA MI MUERTE
dentro de mi habitación,PARA MI MUERTE
y prepararás la cama,PARA MI MUERTE
para dos.,PARA MI MUERTE
"Mi amor, no te puedo amar.",SE VA A LLAMAR MI AMOR (CON FITO PÁEZ)
"Mi amor, no te puedo amar.",SE VA A LLAMAR MI AMOR (CON FITO PÁEZ)
"Estás prohibida, estás prohibida, ya.",SE VA A LLAMAR MI AMOR (CON FITO PÁEZ)
"Estás prohibida, pásenlo en la radio,",SE VA A LLAMAR MI AMOR (CON FITO PÁEZ)
por mi amor.,SE VA A LLAMAR MI AMOR (CON FITO PÁEZ)
"Salí, salí a pescar.",SE VA A LLAMAR MI AMOR (CON FITO PÁEZ)
"Salí, salí a pescar.",SE VA A LLAMAR MI AMOR (CON FITO PÁEZ)
"Es un rock, es un blues,",SE VA A LLAMAR MI AMOR (CON FITO PÁEZ)
es una mesa de luz,SE VA A LLAMAR MI AMOR (CON FITO PÁEZ)
es un mambo de Xuxú,SE VA A LLAMAR MI AMOR (CON FITO PÁEZ)
un manual de Kapelusz,SE VA A LLAMAR MI AMOR (CON FITO PÁEZ)
"es mi amor,",SE VA A LLAMAR MI AMOR (CON FITO PÁEZ)
no se va a llamar.,SE VA A LLAMAR MI AMOR (CON FITO PÁEZ)
"Estás prohibida, estás prohibida, ya.",SE VA A LLAMAR MI AMOR (CON FITO PÁEZ)
"Estás prohibida, pásenlo en la radio,",SE VA A LLAMAR MI AMOR (CON FITO PÁEZ)
por mi amor.,SE VA A LLAMAR MI AMOR (CON FITO PÁEZ)
Por mi amor.,SE VA A LLAMAR MI AMOR (CON FITO PÁEZ)
Quiero verte la cara,LEDA
brillando como una esclava negra,LEDA
sonriendo con ganas.,LEDA
"Lejos, lejos de casa",LEDA
no tengo nadie que me acompañe,LEDA
a ver la mañana.,LEDA
"Y que me de la inyección a tiempo,",LEDA
antes que se me pudra el corazón.,LEDA
"y calienten estos huesos fríos, nena.",LEDA
Quiero verte desnuda,LEDA
el día que desfilen los cuervos,LEDA
"que han sido salvados, nena.",LEDA
"Sobre alguna autopista,",LEDA
que tenga infinitos carteles,LEDA
que no digan nada.,LEDA
Y realmente quiero que te rías,LEDA
y que digas que es un juego nomás,LEDA
"o me mates este mediodía, nena.",LEDA
"Entrando al cuarto, volando bajo",LEDA
la alondra ya está,LEDA
"cerca de tu cama, nena.",LEDA
"Quiero quedarme , no digas nada",LEDA
espera que las sombras,LEDA
se hayan ido nena.,LEDA
No ves ni capa azul,LEDA
mi pelo hasta los hombros,LEDA
la luz fatal,LEDA
la espada vengadora,LEDA
"No ves que blanco soy, no ves?",LEDA
"No ves que blanco soy, no ves?",LEDA
Quiero quemar de a poco,LEDA
las velas de los barcos anclados,LEDA
"en mares helados, nena.",LEDA
Este invierno fue malo,LEDA
"y creo, creo que olvidé mi sombra",LEDA
en un subterráneo.,LEDA
Y tus piernas cada vez más larga,LEDA
saben que no es bueno volver a atrás,LEDA
"la ciudad se nos mea de risa, nena.",LEDA
(INSTRUMENTAL),1SARABANDE
Por qué no vienes hasta mí,DE LA REVOLUCIÓN
por qué no puedo amarte,DE LA REVOLUCIÓN
por qué no vienes hasta mí,DE LA REVOLUCIÓN
por qué no cambias como el sol,DE LA REVOLUCIÓN
por qué eres tan distante,DE LA REVOLUCIÓN
por qué no cambias como el sol,DE LA REVOLUCIÓN
Me siento solo y confundido a la vez,DE LA REVOLUCIÓN
los analistas no podrán entender,DE LA REVOLUCIÓN
ya no sé bien que decir,DE LA REVOLUCIÓN
ya no sé más que hacer,DE LA REVOLUCIÓN
todo el mundo loco y yo sin poderte ver,DE LA REVOLUCIÓN
"pero si insisto, yo sé muy bien, te conseguiré",DE LA REVOLUCIÓN
Cerca de la revolución,DE LA REVOLUCIÓN
el pueblo pide sangre,DE LA REVOLUCIÓN
cerca de la revolución,DE LA REVOLUCIÓN
yo estoy cantando esta canción,DE LA REVOLUCIÓN
que alguna vez fue hambre,DE LA REVOLUCIÓN
yo estoy cantando esta canción,DE LA REVOLUCIÓN
Y si mañana es como ayer otra vez,DE LA REVOLUCIÓN
lo que fue hermoso será horrible,DE LA REVOLUCIÓN
"después, no es sólo una cuestión de elecciones",DE LA REVOLUCIÓN
"no elegí este mundo, pero aprendí a querer",DE LA REVOLUCIÓN
"pero si insisto yo sé muy bien, te conseguiré",DE LA REVOLUCIÓN
Si estas palabras te pudieran dar fe,DE LA REVOLUCIÓN
si esta armonía te ayudara a creer,DE LA REVOLUCIÓN
"yo sería tan feliz, tan feliz en el mundo,",DE LA REVOLUCIÓN
"que moriría, arrodillado a tus pies",DE LA REVOLUCIÓN
"pero si insisto, yo sé muy bien, te conseguiré",DE LA REVOLUCIÓN
"Había una vez, resultado de un juez",DE FONDO PARA CUALQUIER FIESTA ANIMADA
Que era amante de los jueves,DE FONDO PARA CUALQUIER FIESTA ANIMADA
Un gran señor que sufría el deshonor,DE FONDO PARA CUALQUIER FIESTA ANIMADA
De sus sirvientas infieles,DE FONDO PARA CUALQUIER FIESTA ANIMADA
Y una mujer neurótica sirviendo el té,DE FONDO PARA CUALQUIER FIESTA ANIMADA
En las habitaciones de algún juez,DE FONDO PARA CUALQUIER FIESTA ANIMADA
Disponible el primer jueves del mes,DE FONDO PARA CUALQUIER FIESTA ANIMADA
"Había una vez, una casa con tres",DE FONDO PARA CUALQUIER FIESTA ANIMADA
Personas en una mesa,DE FONDO PARA CUALQUIER FIESTA ANIMADA
"Uno en inglés, otro hablaba en francés",DE FONDO PARA CUALQUIER FIESTA ANIMADA
Y el otro hablaba en caliente,DE FONDO PARA CUALQUIER FIESTA ANIMADA
Cada uno mantenía su conversación,DE FONDO PARA CUALQUIER FIESTA ANIMADA
Que giraba en tres temas en cuestión,DE FONDO PARA CUALQUIER FIESTA ANIMADA
"Amor libre, propiedad y represión",DE FONDO PARA CUALQUIER FIESTA ANIMADA
Y en la casa la noche pasa amablemente,DE FONDO PARA CUALQUIER FIESTA ANIMADA
"El señor con el juez, y el juez indiferente",DE FONDO PARA CUALQUIER FIESTA ANIMADA
Si alguien se ríe,DE FONDO PARA CUALQUIER FIESTA ANIMADA
"Había una vez, un país al revés",DE FONDO PARA CUALQUIER FIESTA ANIMADA
Y todo era diferente,DE FONDO PARA CUALQUIER FIESTA ANIMADA
"Todo el dolor, el oro y el sol",DE FONDO PARA CUALQUIER FIESTA ANIMADA
Pertenecían a la gente,DE FONDO PARA CUALQUIER FIESTA ANIMADA
En esa casa dividieron el pastel,DE FONDO PARA CUALQUIER FIESTA ANIMADA
Y no dejaron nada sin comer,DE FONDO PARA CUALQUIER FIESTA ANIMADA
La bandeja se la llevó la sirvienta,DE FONDO PARA CUALQUIER FIESTA ANIMADA
Los amigos del barrio pueden desaparecer,DINOSAURIOS
los cantores de radio pueden desaparecer,DINOSAURIOS
los que están en los diarios pueden desaparecer,DINOSAURIOS
la persona que amas puede desaparecer.,DINOSAURIOS
Los que están en el aire,DINOSAURIOS
pueden desaparecer en el aire,DINOSAURIOS
los que están en la calle,DINOSAURIOS
pueden desaparecer en la calle.,DINOSAURIOS
"Los amigos del barrio pueden desaparecer,",DINOSAURIOS
pero los dinosaurios van a desaparecer.,DINOSAURIOS
"No estoy tranquilo mi amor,",DINOSAURIOS
"hoy es sábado a la noche,",DINOSAURIOS
un amigo está en cana.,DINOSAURIOS
Oh mi amor,DINOSAURIOS
desaparece el mundo,DINOSAURIOS
Si los pesados mi amor llevan,DINOSAURIOS
todo ese montón de equipajes en la mano,DINOSAURIOS
oh mi amor yo quiero estar liviano.,DINOSAURIOS
Cuando el mundo tira para abajo,DINOSAURIOS
yo no quiero estar atado a nada,DINOSAURIOS
imaginen a los dinosaurios en la cama,DINOSAURIOS
Cuando el mundo tira para abajo,DINOSAURIOS
yo no quiero estar atado a nada,DINOSAURIOS
imaginen a los dinosaurios en la cama,DINOSAURIOS
Los amigos del barrio,DINOSAURIOS
pueden desaparecer,DINOSAURIOS
los cantores de radio,DINOSAURIOS
pueden desaparecer,DINOSAURIOS
los que están en los diarios,DINOSAURIOS
pueden desaparecer,DINOSAURIOS
la persona que amas,DINOSAURIOS
puede desaparecer.,DINOSAURIOS
Los que están en el aire,DINOSAURIOS
pueden desaparecer en el aire,DINOSAURIOS
los que están en la calle,DINOSAURIOS
pueden desaparecer en la calle.,DINOSAURIOS
Los amigos del barrio,DINOSAURIOS
"pueden desaparecer,",DINOSAURIOS
pero los dinosaurios,DINOSAURIOS
van a desaparecer.,DINOSAURIOS
No tengo nada que decirte,DE JIRAFAS
"sólo: Hola, cómo estás?",DE JIRAFAS
yo sé que nada,DE JIRAFAS
va a pasarme,DE JIRAFAS
solo el viento,DE JIRAFAS
Ellos no saben,DE JIRAFAS
no saben que verán,DE JIRAFAS
sólo caras,DE JIRAFAS
caras viejas,DE JIRAFAS
"Ven, ven hasta la casa",DE JIRAFAS
estoy haciendo una comida nueva,DE JIRAFAS
"yo te quería, pero ahora te quiero mas",DE JIRAFAS
"es sólo el aire que me hiciste,",DE JIRAFAS
"hiciste, hiciste, hiciste...",DE JIRAFAS
¿Qué pasa?,DE JIRAFAS
¿Qué estoy haciendo acá?,DE JIRAFAS
Canciones de jirafas,DE JIRAFAS
con el cuello hasta acá,DE JIRAFAS
Atravieso la pampa,HOME BUENOS AIRES
lejos de la ciudad,HOME BUENOS AIRES
mi buenos aires querido,HOME BUENOS AIRES
ya me alejé de la alta suciedad,HOME BUENOS AIRES
Dicen tantas mentiras,HOME BUENOS AIRES
que nos hacen tragar,HOME BUENOS AIRES
morirás por Malvinas,HOME BUENOS AIRES
pero no dejes cuentas sin cobrar,HOME BUENOS AIRES
Sweet home Buenos Aires,HOME BUENOS AIRES
donde el cielo es tan gris,HOME BUENOS AIRES
sweet home Buenos Aires,HOME BUENOS AIRES
condenado país,HOME BUENOS AIRES
Mr. Charly García,HOME BUENOS AIRES
fundó esta ciudad (si señor!),HOME BUENOS AIRES
espero que me recuerde,HOME BUENOS AIRES
en medio de una resaca matinal,HOME BUENOS AIRES
Sweet home Buenos Aires,HOME BUENOS AIRES
donde el cielo es tan gris,HOME BUENOS AIRES
sweet home Buenos Aires,HOME BUENOS AIRES
condenado país.,HOME BUENOS AIRES
"Ella está por embarcar,",EN TRANCE
quizás consiga un pasaje en la borda.,EN TRANCE
Ella está por despegar,EN TRANCE
ella se va.,EN TRANCE
Ella viaja sin pagar,EN TRANCE
el viejo truco de andar por la sombra.,EN TRANCE
Ella baila sobre el mar,EN TRANCE
ella se va.,EN TRANCE
Pasajera en trance,EN TRANCE
pasajera en tránsito perpetuo,EN TRANCE
Pasajera en trance,EN TRANCE
transitando los lugares ciertos.,EN TRANCE
"Un amor real,",EN TRANCE
es cómo dormir y estar despierto,EN TRANCE
Un amor real,EN TRANCE
es como vivir en aeropuerto.,EN TRANCE
Voy a hacer un agujero en Europa.,MY MOTHER
Voy a tener una chica,MY MOTHER
que me lave la ropa solo a mí,MY MOTHER
Tengo los muertos todos aquí,SHOW DE LOS MUERTOS
quién quiere que se los muestre?,SHOW DE LOS MUERTOS
"Unos sin cara, otros de pie",SHOW DE LOS MUERTOS
todos muertos para siempre.,SHOW DE LOS MUERTOS
Elija usted en cuál de todas ellas,SHOW DE LOS MUERTOS
se puso a pensar.,SHOW DE LOS MUERTOS
Tengo los llantos todos aquí,SHOW DE LOS MUERTOS
cómo una llovizna fría,SHOW DE LOS MUERTOS
Cuál es la mueca que él le dirá,SHOW DE LOS MUERTOS
"la de su inspector, la mía.",SHOW DE LOS MUERTOS
Elija usted en cuál de éstas muertes se puso a llorar.,SHOW DE LOS MUERTOS
Yo crecí con sonrisas de casa,SHOW DE LOS MUERTOS
cielos claros y verde el jardín.,SHOW DE LOS MUERTOS
Y qué estoy haciendo,SHOW DE LOS MUERTOS
acá en esta calle con hambre.,SHOW DE LOS MUERTOS
Cuáantas veces tendré que morir para ser siempre yo?,SHOW DE LOS MUERTOS
Y no es el que duerme tranquilo,SHOW DE LOS MUERTOS
y el que me asesina sin saber,SHOW DE LOS MUERTOS
y ríe en su casa,SHOW DE LOS MUERTOS
con el cuerpo limpio de muerte,SHOW DE LOS MUERTOS
en su espalda.,SHOW DE LOS MUERTOS
Bailen las viudas,SHOW DE LOS MUERTOS
vuelen los negros del infinito.,SHOW DE LOS MUERTOS
"Caigan las manzanas aquí,",SHOW DE LOS MUERTOS
que las otras se han .,SHOW DE LOS MUERTOS
"algo anda mal señor,",SHOW DE LOS MUERTOS
qué es eso rojo en su pantalón?,SHOW DE LOS MUERTOS
Yo nunca fui a New York,CHIPI
no sé lo que es París,CHIPI
vivo bajo la tierra,CHIPI
vivo dentro de mi,CHIPI
Yo no tengo un espejo,CHIPI
no tengo un souvenir,CHIPI
la lágrima me habla,CHIPI
y está dentro de mi,CHIPI
Yo solo tengo esta pobre antena,CHIPI
que me transmite lo que decís,CHIPI
"una canción, mi ilusión, mis penas,",CHIPI
y este souvenir.,CHIPI
Yo subo la escalera,CHIPI
yo cumplo una misión,CHIPI
la lágrima me dice,CHIPI
que yo tampoco soy,CHIPI
la hija de una amor,CHIPI
la hija del dolor,CHIPI
la hija que no espera,CHIPI
tu tiempo se acabó,CHIPI
Si este dolor durará por siempre,CHIPI
no digas nada vete de aquí,CHIPI
porque yo estoy donde nunca voy,CHIPI
donde nunca fui,CHIPI
Tomalo con calma,CHIPI
la cosa es así,CHIPI
ya se hace de noche,CHIPI
me tengo que ir,CHIPI
Chipi chipi chipi,CHIPI
chipi bombón bombón,CHIPI
bombón,CHIPI
chipi chipi bombón,CHIPI
Ya no te pienso esperar por siempre,CHIPI
porque el mercurio lo tengo aquí,CHIPI
"ya no digas mas palabras, men",CHIPI
ya me voy de aquí,CHIPI
Y no te olvides nunca que..,CHIPI
.,CHIPI
Esta canción durará por siempre,CHIPI
por eso mismo yo la hice así,CHIPI
una canción sin amor,CHIPI
sin dolor,CHIPI
la canción sin fin.,CHIPI
"Ella es menor, él es normal",SIGUEN PEGANDO ABAJO (PECADO MORTAL)
y lo que están haciendo es un pecado mortal,SIGUEN PEGANDO ABAJO (PECADO MORTAL)
ella se quedó sin boda ni arroz,SIGUEN PEGANDO ABAJO (PECADO MORTAL)
y al novio lo agarraron entre muchos más que dos.,SIGUEN PEGANDO ABAJO (PECADO MORTAL)
Miren lo están golpeando todo el tiempo,SIGUEN PEGANDO ABAJO (PECADO MORTAL)
"lo vuelven, vuelven a golpear",SIGUEN PEGANDO ABAJO (PECADO MORTAL)
nos siguen pegando abajo.,SIGUEN PEGANDO ABAJO (PECADO MORTAL)
Yo estaba en un club,SIGUEN PEGANDO ABAJO (PECADO MORTAL)
no había casi luz,SIGUEN PEGANDO ABAJO (PECADO MORTAL)
la puerta de salida tenía un farolito azul.,SIGUEN PEGANDO ABAJO (PECADO MORTAL)
El se desmayó delante de mí,SIGUEN PEGANDO ABAJO (PECADO MORTAL)
no fueron las pastillas,SIGUEN PEGANDO ABAJO (PECADO MORTAL)
fueron los hombres de gris,SIGUEN PEGANDO ABAJO (PECADO MORTAL)
Miren lo están golpeando todo el tiempo,SIGUEN PEGANDO ABAJO (PECADO MORTAL)
"lo vuelven, vuelven a golpear",SIGUEN PEGANDO ABAJO (PECADO MORTAL)
nos siguen pegando abajo.,SIGUEN PEGANDO ABAJO (PECADO MORTAL)
Estoy yéndome,SIGUEN PEGANDO ABAJO (PECADO MORTAL)
soy como una luz apagándose,SIGUEN PEGANDO ABAJO (PECADO MORTAL)
"desde el piso los pude ver,",SIGUEN PEGANDO ABAJO (PECADO MORTAL)
locos de placer alejándose,SIGUEN PEGANDO ABAJO (PECADO MORTAL)
Miren lo están golpeando todo el tiempo,SIGUEN PEGANDO ABAJO (PECADO MORTAL)
"lo vuelven, vuelven a golpear",SIGUEN PEGANDO ABAJO (PECADO MORTAL)
nos siguen pegando abajo.,SIGUEN PEGANDO ABAJO (PECADO MORTAL)
Tu amor te espera,"LLORES POR MÍ, ARGENTINA"
no esperes más.,"LLORES POR MÍ, ARGENTINA"
en qué perdiste tanto tiempo?,"LLORES POR MÍ, ARGENTINA"
indecisa al hablar,"LLORES POR MÍ, ARGENTINA"
tan dura como Humpfrey Bogart,"LLORES POR MÍ, ARGENTINA"
Entre lujurias y represión,"LLORES POR MÍ, ARGENTINA"
bailaste los discos de moda,"LLORES POR MÍ, ARGENTINA"
y era tu diversión,"LLORES POR MÍ, ARGENTINA"
burlarte de los ilusionistas.,"LLORES POR MÍ, ARGENTINA"
No llores por las heridas,"LLORES POR MÍ, ARGENTINA"
que no paran de sangrar.,"LLORES POR MÍ, ARGENTINA"
"no llores por mí, Argentina","LLORES POR MÍ, ARGENTINA"
te quiero cada días más.,"LLORES POR MÍ, ARGENTINA"
Estás enferma de frustración,"LLORES POR MÍ, ARGENTINA"
y en tu locura no hay acuerdo.,"LLORES POR MÍ, ARGENTINA"
una hiena al reír,"LLORES POR MÍ, ARGENTINA"
pero al almuerzo con los cerdos.,"LLORES POR MÍ, ARGENTINA"
Si las estrellas de cabaret,"LLORES POR MÍ, ARGENTINA"
se ríen de tus movimientos,"LLORES POR MÍ, ARGENTINA"
no es preciso mentir,"LLORES POR MÍ, ARGENTINA"
la mierda que hay en tus pensamientos,"LLORES POR MÍ, ARGENTINA"
No llores por las heridas,"LLORES POR MÍ, ARGENTINA"
que no paran de sangrar.,"LLORES POR MÍ, ARGENTINA"
"no llores por mí, Argentina","LLORES POR MÍ, ARGENTINA"
"te quiero cada día,","LLORES POR MÍ, ARGENTINA"
te quiero cada día más.,"LLORES POR MÍ, ARGENTINA"
Alguien se quiere ir.,"LLORES POR MÍ, ARGENTINA"
alguien quiere volver,"LLORES POR MÍ, ARGENTINA"
alguien que está atrapado,"LLORES POR MÍ, ARGENTINA"
en el medio de un recuerdo.,"LLORES POR MÍ, ARGENTINA"
Esto yo ya lo vi,"LLORES POR MÍ, ARGENTINA"
esto ya lo escuché,"LLORES POR MÍ, ARGENTINA"
ella no quiere ser amiga,"LLORES POR MÍ, ARGENTINA"
de un chico de este pueblo.,"LLORES POR MÍ, ARGENTINA"
No llores por las heridas,"LLORES POR MÍ, ARGENTINA"
que no paran de sangrar.,"LLORES POR MÍ, ARGENTINA"
"no llores por mí, Argentina","LLORES POR MÍ, ARGENTINA"
"te quiero cada día,","LLORES POR MÍ, ARGENTINA"
te quiero cada día más.,"LLORES POR MÍ, ARGENTINA"
Yo que nací con Videla,HOTELES
yo que nací sin poder,HOTELES
yo que luché por la libertad,HOTELES
y nunca la pude tener,HOTELES
Yo que viví entre fachistas,HOTELES
yo que morí en el altar,HOTELES
yo que crecí con los que estaban bien,HOTELES
pero a la noche estaba todo mal.,HOTELES
"Hoy pasó el tiempo,",HOTELES
demoliendo hoteles,HOTELES
mientras los plomos juntan los cables,HOTELES
cazan rehenes.,HOTELES
Hoy pasó el tiempo,HOTELES
demoliendo hoteles,HOTELES
mientras los chicos allá en la esquina,HOTELES
pegan carteles.,HOTELES
Yo fui educado con odio,HOTELES
y odiaba la humanidad,HOTELES
un día me fui con los hippies,HOTELES
y tuve un amor y mucho más.,HOTELES
"Ahora no estoy más tranquilo,",HOTELES
y por qué tendría que estar,HOTELES
todos crecimos sin entender,HOTELES
y todavía me siento un anormal,HOTELES
"Hoy pasó el tiempo,",HOTELES
demoliendo hoteles,HOTELES
mientras los plomos juntan los cables,HOTELES
cazan rehenes.,HOTELES
Hoy pasó el tiempo,HOTELES
demoliendo hoteles,HOTELES
mientras los chicos allá en la esquina,HOTELES
pegan carteles.,HOTELES
Están muertos,TOQUEN
están muertos,TOQUEN
están muertos.,TOQUEN
Están muertos,TOQUEN
están muertos,TOQUEN
están muertos.,TOQUEN
Váyanse de aquí,TOQUEN
váyanse de aquí,TOQUEN
váyanse.,TOQUEN
Muertos.,TOQUEN
No me toquen mis discos,TOQUEN
no me toquen mi ajuar,TOQUEN
no me toquen las manos,TOQUEN
ya no me toquen,TOQUEN
No!,TOQUEN
Están muertos,TOQUEN
están muertos,TOQUEN
están muertos.,TOQUEN
Están muertos,TOQUEN
están muertos,TOQUEN
están muertos.,TOQUEN
Sáquenme de aquí,TOQUEN
Sáquenme de aquí,TOQUEN
sáquenme,TOQUEN
Ya no me toquen no!,TOQUEN
No toquen,TOQUEN
no toquen,TOQUEN
no toquen,TOQUEN
no.,TOQUEN
No toquen,TOQUEN
no quiero que me toquen,TOQUEN
no toquen no!,TOQUEN
No toquen,TOQUEN
no toquen,TOQUEN
no toquen,TOQUEN
no.,TOQUEN
No toquen,TOQUEN
no quiero que me toquen,TOQUEN
ya no me toquen,TOQUEN
no!,TOQUEN
Oh no puedes ser feliz,A TU CORAZÓN
con tanta gente hablando a tu alrededor,A TU CORAZÓN
oh dame tu amor a mí,A TU CORAZÓN
"le estoy hablando, hablando, hablando a tu corazón",A TU CORAZÓN
"Cuando estás muy sola, sola en la calle",A TU CORAZÓN
"con tanta gente hablando, hablando a tu alrededor",A TU CORAZÓN
necesitas a alguien que te acompañe,A TU CORAZÓN
"le estoy hablando, hablando, hablando a tu corazón",A TU CORAZÓN
No importa el lenguaje ni las palabras,A TU CORAZÓN
ni las fronteras que separan a nuestro amor,A TU CORAZÓN
quiero que me escuches y que te abras,A TU CORAZÓN
"le estoy hablando, hablando, hablando a tu corazón",A TU CORAZÓN
"""Y tal vez tu auto chocó la otra mañana",EN EL MUNDO PIENSA EN MÍ
y recién extrañarás a tu perro el día,EN EL MUNDO PIENSA EN MÍ
"de su cumpleaños""",EN EL MUNDO PIENSA EN MÍ
Yo tengo un gato,EN EL MUNDO PIENSA EN MÍ
Yo se que no soy culpable,EN EL MUNDO PIENSA EN MÍ
Yo se que ahora soy feliz,EN EL MUNDO PIENSA EN MÍ
Yo se que quería que alguien,EN EL MUNDO PIENSA EN MÍ
Alguien en el mundo piensa en mi,EN EL MUNDO PIENSA EN MÍ
Yo se que soy inbancable,EN EL MUNDO PIENSA EN MÍ
Yo se que te hice reir,EN EL MUNDO PIENSA EN MÍ
Yo se soy insoportable,EN EL MUNDO PIENSA EN MÍ
Pero alguien en el mundo piensa en mi,EN EL MUNDO PIENSA EN MÍ
Nada que hacer,EN EL MUNDO PIENSA EN MÍ
Nada que ver,EN EL MUNDO PIENSA EN MÍ
Solo vemos las películas nena,EN EL MUNDO PIENSA EN MÍ
Nada que hacer nada que ver,EN EL MUNDO PIENSA EN MÍ
La vanguardia en Argentina,EN EL MUNDO PIENSA EN MÍ
Yo sé que soy imbancable,EN EL MUNDO PIENSA EN MÍ
yo sé que no soy feliz,EN EL MUNDO PIENSA EN MÍ
yo sé que soy un amable traidor,EN EL MUNDO PIENSA EN MÍ
pero alguien en el mundo piensa en mí,EN EL MUNDO PIENSA EN MÍ
Bien por mi!,EN EL MUNDO PIENSA EN MÍ
Alguien en el mundo piensa en mí,EN EL MUNDO PIENSA EN MÍ
piensa en mi,EN EL MUNDO PIENSA EN MÍ
piensa en mi,EN EL MUNDO PIENSA EN MÍ
piensa en mi,EN EL MUNDO PIENSA EN MÍ
Este es el aguante,AGUANTE
hasta yo lo vi,AGUANTE
este es el aguante,AGUANTE
decímelo a mí,AGUANTE
Este es el aguante,AGUANTE
considéralo,AGUANTE
este es el aguante,AGUANTE
te lo digo yo,AGUANTE
"Aguante, aguante, aguante, aguante",AGUANTE
"aguante, aguante, aguante, aguante",AGUANTE
Aguanta Sofía,AGUANTE
aguanta Javier,AGUANTE
aguante la quía,AGUANTE
aguanta también,AGUANTE
Y si no te gusta,AGUANTE
te podés matar,AGUANTE
este es el aguante,AGUANTE
este es mi lugar,AGUANTE
Aguante el aguante,AGUANTE
"Aguante, aguante, aguante, aguante",AGUANTE
"aguante, aguante, aguante, aguante",AGUANTE
Este es el aguante,AGUANTE
hasta yo lo vi,AGUANTE
decímelo a mí,AGUANTE
Este es el aguante,AGUANTE
consideralo,AGUANTE
este es el aguante,AGUANTE
esto es rock & roll,AGUANTE
Podés pasear en limousine,DE LA CAMA AL LIVING
cortar las flores del jardín,DE LA CAMA AL LIVING
podés cambiar el sol,DE LA CAMA AL LIVING
y esconderte si no quieres verme.,DE LA CAMA AL LIVING
Puedes ver amanecer,DE LA CAMA AL LIVING
con caviar desde un hotel,DE LA CAMA AL LIVING
y no tienes un poquito de amor para dar.,DE LA CAMA AL LIVING
Yendo de la cama al living,DE LA CAMA AL LIVING
sientes el encierro,DE LA CAMA AL LIVING
yendo de la cama al living.,DE LA CAMA AL LIVING
Podés saltar de un trampolín,DE LA CAMA AL LIVING
batir un record en patín,DE LA CAMA AL LIVING
"podés hacer un gol,",DE LA CAMA AL LIVING
podés llevar tu luna al cielo,DE LA CAMA AL LIVING
Puedes ser un gran campeón,DE LA CAMA AL LIVING
jugar en la selección,DE LA CAMA AL LIVING
y no tienes un poquito de amor para dar.,DE LA CAMA AL LIVING
Yendo de la cama al living,DE LA CAMA AL LIVING
sientes el encierro,DE LA CAMA AL LIVING
yendo de la cama al living.,DE LA CAMA AL LIVING
Oh no no no,DE LA CAMA AL LIVING
no hay ninguna vibración,DE LA CAMA AL LIVING
aunque vives en el mundo de cine,DE LA CAMA AL LIVING
no hay señales de algo que vive en mí.,DE LA CAMA AL LIVING
Voy yendo de la cama al living,DE LA CAMA AL LIVING
sientes el encierro,DE LA CAMA AL LIVING
voy yendo de la cama al living.,DE LA CAMA AL LIVING
"Nace una flor, todos los días sale el sol",COLECTIVO
de vez en cuando escuchas aquella voz.,COLECTIVO
"Cómo de pan, gustosa de cantar,",COLECTIVO
en los aleros de mi mente con las chicharras.,COLECTIVO
Pero a la vez existe un transformador,COLECTIVO
que te consume lo mejor que tenés,COLECTIVO
"te tira atrás, te pide más y más",COLECTIVO
y llega un punto en que no querés.,COLECTIVO
"Mamá la libertad, siempre la llevarás",COLECTIVO
dentro del corazón,COLECTIVO
te pueden corromper,COLECTIVO
te puedes olvidar,COLECTIVO
pero ella siempre está,COLECTIVO
"Mamá la libertad, siempre la llevarás",COLECTIVO
dentro del corazón,COLECTIVO
te pueden corromper,COLECTIVO
te puedes olvidar,COLECTIVO
pero ella siempre está,COLECTIVO
"Ayer soñé con los hambrientos, los locos,",COLECTIVO
"los que se fueron, los que están en prisión",COLECTIVO
hoy desperté cantando esta canción,COLECTIVO
que ya fue escrita hace tiempo atrás.,COLECTIVO
"Es necesario cantar de nuevo,",COLECTIVO
una vez más.,COLECTIVO
"Mamá la libertad, siempre la llevarás",COLECTIVO
dentro del corazón,COLECTIVO
te pueden corromper,COLECTIVO
te puedes olvidar,COLECTIVO
pero ella siempre está,COLECTIVO
"Mamá la libertad, siempre la llevarás",COLECTIVO
dentro del corazón,COLECTIVO
te pueden corromper,COLECTIVO
te puedes olvidar,COLECTIVO
pero ella siempre está.,COLECTIVO
Estás buscando direcciones,3SUPERHÉROES
en libros para cocinar,3SUPERHÉROES
estás mezclando,3SUPERHÉROES
el dulce con la sal.,3SUPERHÉROES
Vas procurando informaciones,3SUPERHÉROES
en unas cajas de metal,3SUPERHÉROES
estás comprando,3SUPERHÉROES
al mundo en un bazar.,3SUPERHÉROES
"Mirando superhéroes, superstars",3SUPERHÉROES
"te sientes superloca, supermal.",3SUPERHÉROES
Veo las sirvientas en la plaza,3SUPERHÉROES
vestidas para enamorar,3SUPERHÉROES
viviendo cien años de soledad.,3SUPERHÉROES
"No pasa nada, nadie pasa",3SUPERHÉROES
sólo una banda militar,3SUPERHÉROES
desafinando el tiempo y el compás.,3SUPERHÉROES
Y entonces mírame a mí,3SUPERHÉROES
tratando que se muevan éstos pies,3SUPERHÉROES
"bajo la luz, tocando hasta el amanecer.",3SUPERHÉROES
No te quedés en casa,3SUPERHÉROES
porque el baile va a empezar,3SUPERHÉROES
"quiero verte, verte otra vez.",3SUPERHÉROES
Hay un horrible monstruo con peluca,3SUPERHÉROES
que es dueño en parte de esta ciudad de locos.,3SUPERHÉROES
Hace que baila con la banda en la ruta,3SUPERHÉROES
pero en verdad les roba el oro,3SUPERHÉROES
y les da unas prostitutas.,3SUPERHÉROES
Estás limpiando las cenizas,3SUPERHÉROES
de nuestro breve carnaval,3SUPERHÉROES
ya estamos en camino a otra ciudad.,3SUPERHÉROES
Ya ves no somos ni turistas ni artistas,3SUPERHÉROES
de sonrisa y frac,3SUPERHÉROES
formamos parte de tu realidad,3SUPERHÉROES
Y entonces mírame a mí,3SUPERHÉROES
tratando que se muevan éstos pies,3SUPERHÉROES
"bajo la luz, tocando hasta el amanecer.",3SUPERHÉROES
No te quedés en casa,3SUPERHÉROES
porque el baile va a empezar,3SUPERHÉROES
"quiero verte, verte otra vez.",3SUPERHÉROES
Yo no quiero volverme tan loco,NO QUIERO VOLVERME TAN LOCO
yo no quiero vestirme de rojo,NO QUIERO VOLVERME TAN LOCO
yo no quiero morir en el mundo hoy,NO QUIERO VOLVERME TAN LOCO
Yo no quiero ya verte tan triste,NO QUIERO VOLVERME TAN LOCO
yo no quiero saber lo que hiciste,NO QUIERO VOLVERME TAN LOCO
yo no quiero esta pena en mi corazón,NO QUIERO VOLVERME TAN LOCO
Escucho el beat de un tambor,NO QUIERO VOLVERME TAN LOCO
entre la desolación,NO QUIERO VOLVERME TAN LOCO
y una radio en una calle desierta,NO QUIERO VOLVERME TAN LOCO
Están las puertas cerradas,NO QUIERO VOLVERME TAN LOCO
y las ventanas también,NO QUIERO VOLVERME TAN LOCO
no será que nuestra gente está muerta?,NO QUIERO VOLVERME TAN LOCO
Presiento el fin de un amor,NO QUIERO VOLVERME TAN LOCO
en la era del color,NO QUIERO VOLVERME TAN LOCO
la televisión esta en las vidrieras,NO QUIERO VOLVERME TAN LOCO
Toda esa gente parada,NO QUIERO VOLVERME TAN LOCO
que tiene grasa en la piel,NO QUIERO VOLVERME TAN LOCO
no se entera ni que el mundo da vueltas,NO QUIERO VOLVERME TAN LOCO
Yo no quiero meterme en problemas,NO QUIERO VOLVERME TAN LOCO
yo no quiero asuntos que queman,NO QUIERO VOLVERME TAN LOCO
yo tan solo les digo que es un bajón,NO QUIERO VOLVERME TAN LOCO
Yo no quiero sembrar la anarquía,NO QUIERO VOLVERME TAN LOCO
yo no quiero vivir como digan,NO QUIERO VOLVERME TAN LOCO
tengo algo que late en mi corazón,NO QUIERO VOLVERME TAN LOCO
Escucho un tango y un rock,NO QUIERO VOLVERME TAN LOCO
y presiento que soy yo,NO QUIERO VOLVERME TAN LOCO
y quisiera ver al mundo de fiesta,NO QUIERO VOLVERME TAN LOCO
Veo tantas chicas castradas,NO QUIERO VOLVERME TAN LOCO
y tantos tontos que al fin,NO QUIERO VOLVERME TAN LOCO
yo no sé si vivir dando respuesta,NO QUIERO VOLVERME TAN LOCO
Yo quiero ver muchos más,NO QUIERO VOLVERME TAN LOCO
delirantes por ahí,NO QUIERO VOLVERME TAN LOCO
bailando en una calle cualquiera,NO QUIERO VOLVERME TAN LOCO
En Buenos Aires se ve,NO QUIERO VOLVERME TAN LOCO
que ya no hay tiempo de más,NO QUIERO VOLVERME TAN LOCO
la alegría no es solo brasilera,NO QUIERO VOLVERME TAN LOCO
no mi amor,NO QUIERO VOLVERME TAN LOCO
Yo no quiero vivir paranoico,NO QUIERO VOLVERME TAN LOCO
yo no quiero ver chicos con odio,NO QUIERO VOLVERME TAN LOCO
yo no quiero sentir esta depresión,NO QUIERO VOLVERME TAN LOCO
Voy buscando el placer de estar vivo,NO QUIERO VOLVERME TAN LOCO
no me importa si soy un bandido,NO QUIERO VOLVERME TAN LOCO
voy pateando basura en el callejón,NO QUIERO VOLVERME TAN LOCO
Yo no quiero volverme tan loco,NO QUIERO VOLVERME TAN LOCO
yo no quiero vestirme de rojo,NO QUIERO VOLVERME TAN LOCO
yo no quiero morir en el mundo hoy,NO QUIERO VOLVERME TAN LOCO
Yo no quiero ya verte tan triste,NO QUIERO VOLVERME TAN LOCO
yo no quiero saber lo que hiciste,NO QUIERO VOLVERME TAN LOCO
yo no quiero esta pena en mi corazón,NO QUIERO VOLVERME TAN LOCO
No le debo nada a Entel,TELEFÓNICA
me cuido la nariz,TELEFÓNICA
el silencio termina mañana,TELEFÓNICA
me voy a desvestir.,TELEFÓNICA
El tiempo que yo soñé,TELEFÓNICA
"es la eternidad, es la dulce fe",TELEFÓNICA
de que sigas conmigo por siempre,TELEFÓNICA
por siempre por aquí.,TELEFÓNICA
Y cuando encuentro un amigo,TELEFÓNICA
"lo tengo que buscar,",TELEFÓNICA
y voy al supermercado,TELEFÓNICA
buscando un capataz.,TELEFÓNICA
El sueño que yo soñé,TELEFÓNICA
es la humanidad,TELEFÓNICA
es la humanidad,TELEFÓNICA
el poeta tenía razón,TELEFÓNICA
la balsa hay que tomar.,TELEFÓNICA
"Córtenla, déjenos vivir en paz,",TELEFÓNICA
"sáquenla, sáquenla un poquito,",TELEFÓNICA
sáquenla un poquito.,TELEFÓNICA
Cuando vuelvo a mi casa temprano,TELEFÓNICA
me tengo que tomar,TELEFÓNICA
un litro de vino prestado,TELEFÓNICA
que no pienso pagar.,TELEFÓNICA
"El día que estoy aquí,",TELEFÓNICA
"ese amanecer, es dónde querer",TELEFÓNICA
y mirar tus ojos en naves,TELEFÓNICA
viajando hacia mí.,TELEFÓNICA
"Teléfono, tiráte ya del trampolín.",TELEFÓNICA
"Papelón, sacáte la gomina,",TELEFÓNICA
pelá la brillantina.,TELEFÓNICA
Ya no tengo monedas de nylon,TELEFÓNICA
perdí mi peluquín.,TELEFÓNICA
Me sigo pavimentando,TELEFÓNICA
y llegaré hasta el fin,TELEFÓNICA
"Alegría, quiero ver tu foto en los diarios",TELEFÓNICA
riéndote por qué.,TELEFÓNICA
Esto es parte de un mal sueño...,ME GUSTARIA SER NEGRO
Bailas como un puercoespín,ME GUSTARIA SER NEGRO
Girando a mi alrededor,ME GUSTARIA SER NEGRO
Sin tu amor soy un delfín,ME GUSTARIA SER NEGRO
Que no tiene monitor,ME GUSTARIA SER NEGRO
Si yo fuera un ciudadano de primera,ME GUSTARIA SER NEGRO
Amparado por una constitución,ME GUSTARIA SER NEGRO
Yo te podría decir que me cago en tu amor,ME GUSTARIA SER NEGRO
Y que me gustaría ser negro,ME GUSTARIA SER NEGRO
Y con mucho olor,ME GUSTARIA SER NEGRO
Entro solo al cabaret,ME GUSTARIA SER NEGRO
Veo lo que quería ver más,ME GUSTARIA SER NEGRO
El pescado de un ballet,ME GUSTARIA SER NEGRO
No paraba de sangrar,ME GUSTARIA SER NEGRO
Si estuviera enamorado por primera vez,ME GUSTARIA SER NEGRO
Quizás te podría alcanzar un algodón,ME GUSTARIA SER NEGRO
Pero no hay por aquí nada blanco mi amor,ME GUSTARIA SER NEGRO
Como me gustaría ser negro,ME GUSTARIA SER NEGRO
Y con mucho olor,ME GUSTARIA SER NEGRO
Hablando al pueblo por televisión.,ME GUSTARIA SER NEGRO
El se cansó de hacer canciones de protesta,CERO UNO (Transas)
y se vendió a Fiorucci.,CERO UNO (Transas)
El se cansó de andar haciendo apuestas,CERO UNO (Transas)
y se puso a estudiar.,CERO UNO (Transas)
un día se cortará el pelo,CERO UNO (Transas)
no creo que pueda dejar de fumar.,CERO UNO (Transas)
"Anda bolado,",CERO UNO (Transas)
"hace un poco de base,",CERO UNO (Transas)
pero no le va mal.,CERO UNO (Transas)
"No se alquiló  ni un guardaespaldas negro,",CERO UNO (Transas)
"no era Lennon ni Rucci,",CERO UNO (Transas)
Se preguntó por qué,CERO UNO (Transas)
"sus hijos nunca lo invitaban al bar,",CERO UNO (Transas)
un día volverá a las fuentes.,CERO UNO (Transas)
No creo que pueda dejar de protestar.,CERO UNO (Transas)
"Anda preocupado,",CERO UNO (Transas)
perdió algo de fama,CERO UNO (Transas)
pero no le va mal.,CERO UNO (Transas)
Transas.,CERO UNO (Transas)
(INSTRUMENTAL),ANGELICAL
"Estoy verde, no me dejan salir.",ME DEJAN SALIR
"estoy verde, no me dejan salir.",ME DEJAN SALIR
"No puedo largar, no puedo salir",ME DEJAN SALIR
no puedo sentir amor a este sentimiento,ME DEJAN SALIR
tengo que volverte a ver.,ME DEJAN SALIR
Tengo que volverte a ver,ME DEJAN SALIR
no puedo salir,ME DEJAN SALIR
por amor a este sentimiento.,ME DEJAN SALIR
"Estoy verde, no me dejan salir",ME DEJAN SALIR
"estoy verde, no me dejan salir.",ME DEJAN SALIR
"No puedo pensar, no puedo vivir",ME DEJAN SALIR
no puedo pensar si amor es un pensamiento,ME DEJAN SALIR
tengo que volverte a ver.,ME DEJAN SALIR
Tengo que volverte a ver,ME DEJAN SALIR
"no puedo perder, por amor a ese sentimiento.",ME DEJAN SALIR
Tengo que confiar en mi amor,ME DEJAN SALIR
tengo que confiar en mi sentimiento,ME DEJAN SALIR
tengo que confiar en mi amor,ME DEJAN SALIR
tengo que confiar en mi sentimiento.,ME DEJAN SALIR
Ya no sirve vivir para sufrir,ME DEJAN SALIR
"te das cuenta, sacate el mocasín.",ME DEJAN SALIR
"No puedo calmar, no puedo parir",ME DEJAN SALIR
no puedo esperar mil años que cambie el viento,ME DEJAN SALIR
tengo que volverte a ver.,ME DEJAN SALIR
Tengo que volverte a ver,ME DEJAN SALIR
"no puedo perder, por amor a ese sentimiento",ME DEJAN SALIR
Tengo que confiar en mi amor,ME DEJAN SALIR
tengo que confiar en mi sentimiento.,ME DEJAN SALIR
Están pasando demasiadas cosas raras,ESE DEFECTO
para que todo pueda seguir tan normal.,ESE DEFECTO
Desconfío de tu cara de informado,ESE DEFECTO
y de tu instinto de supervivencia.,ESE DEFECTO
Hace tiempo que no leo ni veo nada,ESE DEFECTO
porque me ofende que todo esté tan mal.,ESE DEFECTO
Y hasta las personas lindas me dan rabia,ESE DEFECTO
y los chicos y las chicas no hacen nada por cambiar.,ESE DEFECTO
Porque algún día se va a abrir esta trampa mortal,ESE DEFECTO
pero hasta entonces llevarás en tu cara una sombra.,ESE DEFECTO
Y yo te digo eh,ESE DEFECTO
bancate ese defecto,ESE DEFECTO
no es culpa tuya si la nariz no hace juego en tu cara.,ESE DEFECTO
Y yo te digo eh,ESE DEFECTO
bancate ese defecto,ESE DEFECTO
aunque te arregles las gomas nena,ESE DEFECTO
seguirás siendo rara.,ESE DEFECTO
"Mutilados, desnutridos,",ESE DEFECTO
"ojo de vidrio, muestra tu cicatriz",ESE DEFECTO
"marineros, maricones, embolsados,",ESE DEFECTO
bailan la danza de la inteligencia.,ESE DEFECTO
Están pasando demasiadas cosas raras,ESE DEFECTO
para que todo pueda seguir tan normal,ESE DEFECTO
Todo el mundo me conoce por la cara,ESE DEFECTO
todo el mundo se da cuenta por la forma de bailar.,ESE DEFECTO
Y yo te digo eh,ESE DEFECTO
bancate ese defecto,ESE DEFECTO
no es culpa tuya si la nariz no hace juego en tu cara.,ESE DEFECTO
Y yo te digo eh,ESE DEFECTO
bancate ese defecto,ESE DEFECTO
aunque te arregles las gomas nena,ESE DEFECTO
seguirás siendo rara.,ESE DEFECTO
No bombardeen Buenos Aires,BOMBARDÉEN BUENOS AIRES
no nos podemos defender.,BOMBARDÉEN BUENOS AIRES
Los pibes de mi barrio,BOMBARDÉEN BUENOS AIRES
se escondieron en los caños,BOMBARDÉEN BUENOS AIRES
espían al cielo,BOMBARDÉEN BUENOS AIRES
"usan cascos, curten mambos",BOMBARDÉEN BUENOS AIRES
escuchando a Clash.,BOMBARDÉEN BUENOS AIRES
Estoy temiendo al rubio ahora,BOMBARDÉEN BUENOS AIRES
no se a quién temeré después.,BOMBARDÉEN BUENOS AIRES
Terror y desconfianza por los juegos,BOMBARDÉEN BUENOS AIRES
"por las transas, por las canas",BOMBARDÉEN BUENOS AIRES
"por las panzas, por las ansias",BOMBARDÉEN BUENOS AIRES
por las rancias cunas de poder,BOMBARDÉEN BUENOS AIRES
cunas de poder,BOMBARDÉEN BUENOS AIRES
Si querés escucharé a la B.B.C.,BOMBARDÉEN BUENOS AIRES
aunque quieras que lo hagamos de noche,BOMBARDÉEN BUENOS AIRES
"y si quieres darme un beso alguna vez,",BOMBARDÉEN BUENOS AIRES
es posible que me suba a tu coche.,BOMBARDÉEN BUENOS AIRES
Pero no bombardeen Busnos Aires.,BOMBARDÉEN BUENOS AIRES
No quiero el mundo de Cinzano,BOMBARDÉEN BUENOS AIRES
no tengo que perder la fe,BOMBARDÉEN BUENOS AIRES
quiero treparte pero no pasa nada,BOMBARDÉEN BUENOS AIRES
ni siquiera puedo comerme un bife y sentirme bien.,BOMBARDÉEN BUENOS AIRES
Los ghurkas siguen avanzando,BOMBARDÉEN BUENOS AIRES
los viejos siguen en T.V.,BOMBARDÉEN BUENOS AIRES
los jefes de los chicos,BOMBARDÉEN BUENOS AIRES
toman whisky con los ricos,BOMBARDÉEN BUENOS AIRES
mientras los obreros hacen masa,BOMBARDÉEN BUENOS AIRES
en la Plaza como aquella vez,BOMBARDÉEN BUENOS AIRES
como aquella vez,BOMBARDÉEN BUENOS AIRES
Si querés escucharé a la B.B.C.,BOMBARDÉEN BUENOS AIRES
aunque quieras que lo hagamos de noche,BOMBARDÉEN BUENOS AIRES
"y si quieres darme un beso alguna vez,",BOMBARDÉEN BUENOS AIRES
es posible que me suba a tu coche.,BOMBARDÉEN BUENOS AIRES
Pero no bombardeen Barrio Norte!,BOMBARDÉEN BUENOS AIRES
No tengo agua en el calefón,DE VIDEOTAPE
no tengo que escribir canciones de amor.,DE VIDEOTAPE
No ves que espero resucitar,DE VIDEOTAPE
mientras miras esos ojos de videotape.,DE VIDEOTAPE
Ya llega aquél examen del bien y el mal.,DE VIDEOTAPE
Ya llegan las noticias cruzando el mar.,DE VIDEOTAPE
"No ves que el mundo gira al revés,",DE VIDEOTAPE
mientras miras esos ojos de videotape.,DE VIDEOTAPE
Este mundo exclamará por siempre,DE VIDEOTAPE
la película que vi una vez,DE VIDEOTAPE
y este mundo te dirá por siempre,DE VIDEOTAPE
que es mejor mirar a la pared.,DE VIDEOTAPE
Ya tienes las postales del Paraguay,DE VIDEOTAPE
ya tienes las valijas sobre el diván.,DE VIDEOTAPE
"Te vas, el mundo gira al revés",DE VIDEOTAPE
mientras miras esos ojos de videotape.,DE VIDEOTAPE
Este mundo exclamará por siempre,DE VIDEOTAPE
la película que vi una vez,DE VIDEOTAPE
y este mundo te dirá por siempre,DE VIDEOTAPE
que es mejor mirar a la pared.,DE VIDEOTAPE
Y si vas a la derecha,PEINADOS NUEVOS
"y cambiás hacia la izquierda, adelante.",PEINADOS NUEVOS
"Es mejor que estarse quieto,",PEINADOS NUEVOS
es mejor que ser un vigilante.,PEINADOS NUEVOS
Si me gustan las canciones de amor,PEINADOS NUEVOS
y me gustan esos raros peinados nuevos,PEINADOS NUEVOS
ya no quiero criticar,PEINADOS NUEVOS
sólo quiero ser un enfermero.,PEINADOS NUEVOS
Y si trabajás al pedo,PEINADOS NUEVOS
"y estás haciendo algo nuevo, adelante.",PEINADOS NUEVOS
Y si cantas a la luna,PEINADOS NUEVOS
"y perdés la vida en un instante,",PEINADOS NUEVOS
Si luchaste por un mundo mejor,PEINADOS NUEVOS
y te gustan esos raros peinados nuevos,PEINADOS NUEVOS
no quiero ver al doctor,PEINADOS NUEVOS
sólo quiero ver al enfermero.,PEINADOS NUEVOS
Dame un poquito de amor,PEINADOS NUEVOS
no quiero un toco.,PEINADOS NUEVOS
"Quiero algo de razón,",PEINADOS NUEVOS
no quiero un loco.,PEINADOS NUEVOS
apagá el televisor.,PEINADOS NUEVOS
Si lo que te gusta es gritar,PEINADOS NUEVOS
desenchufa el cable del parlante.,PEINADOS NUEVOS
El silencio tiene acción,PEINADOS NUEVOS
el más cuerdo es el más delirante.,PEINADOS NUEVOS
Me gustaban las canciones de amor,PEINADOS NUEVOS
me gustaban esos raros peinados nuevos,PEINADOS NUEVOS
"de chiquito fui aviador,",PEINADOS NUEVOS
pero ahora soy un enfermero.,PEINADOS NUEVOS
"Por favor,",SOBRE EL BIDET
no hagas promesas sobre el bidet,SOBRE EL BIDET
"por favor,",SOBRE EL BIDET
no me abras más los sobres,SOBRE EL BIDET
"por favor,",SOBRE EL BIDET
yo te prometo te escribiré,SOBRE EL BIDET
si es que paras de correr,SOBRE EL BIDET
"Por favor,",SOBRE EL BIDET
sigue la sombra de mi bebé,SOBRE EL BIDET
"por favor,",SOBRE EL BIDET
"no bebas más, no llores",SOBRE EL BIDET
"por favor,",SOBRE EL BIDET
yo te prometo te escribiré,SOBRE EL BIDET
si es que para de llover,SOBRE EL BIDET
Porque me tratas tan bien,SOBRE EL BIDET
me tratas tan mal,SOBRE EL BIDET
sabes que no aprendí a vivir,SOBRE EL BIDET
A veces estoy tan bien,SOBRE EL BIDET
estoy tan down,SOBRE EL BIDET
calambres en el alma,SOBRE EL BIDET
cada cual tiene un trip,SOBRE EL BIDET
en el bocho,SOBRE EL BIDET
difícil que lleguemos,SOBRE EL BIDET
a ponernos,SOBRE EL BIDET
"de acuerdo, de acuerdo",SOBRE EL BIDET
Yo que nací con Videla,HOTELES
yo que nací sin poder,HOTELES
yo que luché por la libertad,HOTELES
y nunca la pude tener,HOTELES
Yo que viví entre fachistas,HOTELES
yo que morí en el altar,HOTELES
yo que crecí con los que estaban bien,HOTELES
pero a la noche estaba todo mal.,HOTELES
"Hoy pasó el tiempo,",HOTELES
demoliendo hoteles,HOTELES
mientras los plomos juntan los cables,HOTELES
cazan rehenes.,HOTELES
Hoy pasó el tiempo,HOTELES
demoliendo hoteles,HOTELES
mientras los chicos allá en la esquina,HOTELES
pegan carteles.,HOTELES
Yo fui educado con odio,HOTELES
y odiaba la humanidad,HOTELES
un día me fui con los hippies,HOTELES
y tuve un amor y mucho más.,HOTELES
"Ahora no estoy más tranquilo,",HOTELES
y por qué tendría que estar,HOTELES
todos crecimos sin entender,HOTELES
y todavía me siento un anormal,HOTELES
"Hoy pasó el tiempo,",HOTELES
demoliendo hoteles,HOTELES
mientras los plomos juntan los cables,HOTELES
cazan rehenes.,HOTELES
Hoy pasó el tiempo,HOTELES
demoliendo hoteles,HOTELES
mientras los chicos allá en la esquina,HOTELES
pegan carteles.,HOTELES
La indómita luz,POR VOS (Demo Tape)
se hizo carne en mí,POR VOS (Demo Tape)
y lo dejé todo por esta soledad.,POR VOS (Demo Tape)
Y leo revistas,POR VOS (Demo Tape)
en la tempestad,POR VOS (Demo Tape)
hice el sacrificio,POR VOS (Demo Tape)
abracé la cruz al amanecer.,POR VOS (Demo Tape)
"Rezo, rezo, rezo, rezo.",POR VOS (Demo Tape)
Morí sin morir,POR VOS (Demo Tape)
y me abracé al dolor,POR VOS (Demo Tape)
y lo dejé todo por esta soledad,POR VOS (Demo Tape)
ya se hizo de noche,POR VOS (Demo Tape)
y ahora estoy aquí,POR VOS (Demo Tape)
mi cuerpo se cae,POR VOS (Demo Tape)
sólo veo la cruz al amanecer.,POR VOS (Demo Tape)
"Rezo, rezo, rezo, rezo por vos.",POR VOS (Demo Tape)
Y curé mis heridas,POR VOS (Demo Tape)
y me encendí de amor,POR VOS (Demo Tape)
Y quemé las cortinas,POR VOS (Demo Tape)
"y me encendí de amor,",POR VOS (Demo Tape)
de amor sagrado.,POR VOS (Demo Tape)
Y entonces rezo.,POR VOS (Demo Tape)
"Rezo, rezo, rezo, rezo por vos.",POR VOS (Demo Tape)
Son cuatro casas sin ventanas,EN SEGUNDA
cuatro cadáveres que van,EN SEGUNDA
a renacer de entre los muertos,EN SEGUNDA
las visiones del final.,EN SEGUNDA
Es una loca sin mañana,EN SEGUNDA
es una lágrima en el pan,EN SEGUNDA
así es la loba que me cuida,EN SEGUNDA
cuando empiezo a despegar.,EN SEGUNDA
Alguna gente que conozco,EN SEGUNDA
vive metida en un baúl,EN SEGUNDA
teleteatro del futuro,EN SEGUNDA
pata física del sur.,EN SEGUNDA
A mi no me gusta tu cara,EN SEGUNDA
y no me gusta tu olor,EN SEGUNDA
hay tres o cuatro mamarrachos,EN SEGUNDA
con los que yo estoy mejor.,EN SEGUNDA
"Me siento sólo, lindo, joven,",AMOR ESPERA
"viejo, triste, loco, nuevo, viejo y usado.",AMOR ESPERA
"Me siento lejos, cerca, fuera, linda,",AMOR ESPERA
"fea, loca, fuera, vieja y usada.",AMOR ESPERA
Y si el teléfono no suena,AMOR ESPERA
en el medio de una reunión privada.,AMOR ESPERA
Es que la cinta ésta cansada de escuchar,AMOR ESPERA
siempre las mismas pelotudas pavadas.,AMOR ESPERA
Y el amor espera.,AMOR ESPERA
Y el amor espera.,AMOR ESPERA
Y el amor espera.,AMOR ESPERA
Yo hago el muerto,AMOR ESPERA
"para ver quién me llora,",AMOR ESPERA
para ver quién me ha usado.,AMOR ESPERA
Yo me hago el diablo,AMOR ESPERA
porque sabe más por viejo,AMOR ESPERA
que lo que aprende del diablo.,AMOR ESPERA
Y si el teléfono no suena,AMOR ESPERA
en el medio de una reunión privada.,AMOR ESPERA
Es que la cinta está cansada de escuchar,AMOR ESPERA
siempre las mismas pelotudas pavadas.,AMOR ESPERA
Y el amor espera.,AMOR ESPERA
"Y ya es primavera,",AMOR ESPERA
"y la mesa, cera,",AMOR ESPERA
"y la vela, nada.",AMOR ESPERA
"""Why don´t we sing this song all together""",AMOR ESPERA
"Pero si resbalas y te dejas caer,",AMOR ESPERA
Pero si tus alas no te cortan los pies.,AMOR ESPERA
Todo el mundo sabe que no puedo vivir sin vos.,AMOR ESPERA
"Somos como peces que están fuera del mar,",AMOR ESPERA
fuimos tantas veces hacia el mismo lugar.,AMOR ESPERA
"Todo el mundo quiere, todo el mundo quiere olvidar.",AMOR ESPERA
"Pero si resbalas y no te caes, mi amor.",AMOR ESPERA
Pero si tus alas no se queman al sol.,AMOR ESPERA
Todo el mundo sabe que no puedo vivir sin vos.,AMOR ESPERA
"Somos como peces que están fuera del mar,",AMOR ESPERA
fuimos tantas veces hacia el mismo lugar.,AMOR ESPERA
"Todo el mundo quiere, todo el mundo quiere olvidar.",AMOR ESPERA
Por qué no vienes hasta mí,DE LA REVOLUCIÓN
por qué no puedo amarte,DE LA REVOLUCIÓN
por qué no vienes hasta mí,DE LA REVOLUCIÓN
por qué no cambias como el sol,DE LA REVOLUCIÓN
por qué eres tan distante,DE LA REVOLUCIÓN
por qué no cambias como el sol,DE LA REVOLUCIÓN
Me siento solo y confundido a la vez,DE LA REVOLUCIÓN
los analistas no podrán entender,DE LA REVOLUCIÓN
ya no sé bien que decir,DE LA REVOLUCIÓN
ya no sé más que hacer,DE LA REVOLUCIÓN
todo el mundo loco y yo sin poderte ver,DE LA REVOLUCIÓN
"pero si insisto, yo sé muy bien, te conseguiré",DE LA REVOLUCIÓN
Cerca de la revolución,DE LA REVOLUCIÓN
el pueblo pide sangre,DE LA REVOLUCIÓN
cerca de la revolución,DE LA REVOLUCIÓN
yo estoy cantando esta canción,DE LA REVOLUCIÓN
que alguna vez fue hambre,DE LA REVOLUCIÓN
yo estoy cantando esta canción,DE LA REVOLUCIÓN
Y si mañana es como ayer otra vez,DE LA REVOLUCIÓN
lo que fue hermoso será horrible,DE LA REVOLUCIÓN
"después, no es sólo una cuestión de elecciones",DE LA REVOLUCIÓN
"no elegí este mundo, pero aprendí a querer",DE LA REVOLUCIÓN
"pero si insisto yo sé muy bien, te conseguiré",DE LA REVOLUCIÓN
Si estas palabras te pudieran dar fe,DE LA REVOLUCIÓN
si esta armonía te ayudara a creer,DE LA REVOLUCIÓN
"yo sería tan feliz, tan feliz en el mundo,",DE LA REVOLUCIÓN
"que moriría, arrodillado a tus pies",DE LA REVOLUCIÓN
"pero si insisto, yo sé muy bien, te conseguiré",DE LA REVOLUCIÓN
"Hey, linda nena, ¿dónde vas a ir",AND ROLL YO
Cuando no queden más lugares para huir?,AND ROLL YO
"Argentinita, dónde vas a estar",AND ROLL YO
Cuando la gente no te quiera ni mirar?,AND ROLL YO
"Voy a saltar adentro tuyo,",AND ROLL YO
Comiéndome de a poco tu orgullo,AND ROLL YO
Saquen y eliminen a esa tonta,AND ROLL YO
De mi rock and roll Yo,AND ROLL YO
Este es mi rock and roll Yo.,AND ROLL YO
Hey papa frita ¿qué vas a sentir,AND ROLL YO
Cuando no tengas milanesas que freir?,AND ROLL YO
"Hija de puta, te voy a matar",AND ROLL YO
Donde te encuentres yo seguro voy a estar,AND ROLL YO
Voy a saltar adentro tuyo,AND ROLL YO
Comiéndome de a poco tu orgullo,AND ROLL YO
Saquen y eliminen a esa tonta,AND ROLL YO
De mi rock and roll Yo.,AND ROLL YO
Quizás te ame ¿qué puedo hacer,AND ROLL YO
Cuando mañana está en el ayer? Yeah!,AND ROLL YO
Voy a saltar adentro tuyo,AND ROLL YO
Comiéndome de a poco tu orgullo,AND ROLL YO
Saquen y eliminen a esa tonta,AND ROLL YO
De mi rock and roll Yo.,AND ROLL YO
El tiempo vuelve a pasar,5ANHEDONIA
pero no hay primavera en Anhedonia.,5ANHEDONIA
El tiempo vuelve a llorar,5ANHEDONIA
pero no hay primavera en Anhedonia.,5ANHEDONIA
Y aunque las luces son suaves,5ANHEDONIA
y el cine está aquí,5ANHEDONIA
no hay nada que hacer de noche no pasa nada,5ANHEDONIA
nada más que el tren.,5ANHEDONIA
Un ángel vuela en París,5ANHEDONIA
y un chico nace casi en Anhedonia,5ANHEDONIA
Está tan lejos de aquí,5ANHEDONIA
porque ella sólo vive en Anhedonia.,5ANHEDONIA
Ella hizo un pacto de sangre,5ANHEDONIA
a pesar de mí,5ANHEDONIA
No tengo que volver,5ANHEDONIA
"sangre en la calle, calle",5ANHEDONIA
No hay que vivir así.,5ANHEDONIA
Porque antes que tu madre,5ANHEDONIA
mucho antes que el dolor.,5ANHEDONIA
El amor cambia tu sangre,5ANHEDONIA
Porque la noche es tan suave,5ANHEDONIA
y el tiempo feliz,5ANHEDONIA
no tengo que hacer maletas,5ANHEDONIA
no siento nada.,5ANHEDONIA
No importa si te querés ir,IMPORTA
No importa si estas,IMPORTA
No importa si querés venir,IMPORTA
No importa si vas,IMPORTA
No importa la televisión,IMPORTA
No importa la actriz,IMPORTA
No importa la prostitución,IMPORTA
No me importa a mí,IMPORTA
Estamos juntos y en la prisión,IMPORTA
No hay forma de salir,IMPORTA
El mundo es un patio de prisión,IMPORTA
¿a donde querés ir?,IMPORTA
No importa la revolución,IMPORTA
No importa Chopin,IMPORTA
No importa lo que digas vos,IMPORTA
No me importa él,IMPORTA
Estamos juntos en la prisión,IMPORTA
No hay forma de salir,IMPORTA
El mundo es un patio de prisión,IMPORTA
¿a donde querés ir?,IMPORTA
No importa si te quieres ir,IMPORTA
No importa si estás,IMPORTA
No importa si querés venir,IMPORTA
No me importa más,IMPORTA
"Estamos juntos, estamos juntos...",IMPORTA
Estamos juntos en la prisión...,IMPORTA
"Ella es menor, él es normal",SIGUEN PEGANDO ABAJO (PECADO MORTAL)
y lo que están haciendo es un pecado mortal,SIGUEN PEGANDO ABAJO (PECADO MORTAL)
ella se quedó sin boda ni arroz,SIGUEN PEGANDO ABAJO (PECADO MORTAL)
y al novio lo agarraron entre muchos más que dos.,SIGUEN PEGANDO ABAJO (PECADO MORTAL)
Miren lo están golpeando todo el tiempo,SIGUEN PEGANDO ABAJO (PECADO MORTAL)
"lo vuelven, vuelven a golpear",SIGUEN PEGANDO ABAJO (PECADO MORTAL)
nos siguen pegando abajo.,SIGUEN PEGANDO ABAJO (PECADO MORTAL)
Yo estaba en un club,SIGUEN PEGANDO ABAJO (PECADO MORTAL)
no había casi luz,SIGUEN PEGANDO ABAJO (PECADO MORTAL)
la puerta de salida tenía un farolito azul.,SIGUEN PEGANDO ABAJO (PECADO MORTAL)
El se desmayó delante de mí,SIGUEN PEGANDO ABAJO (PECADO MORTAL)
no fueron las pastillas,SIGUEN PEGANDO ABAJO (PECADO MORTAL)
fueron los hombres de gris,SIGUEN PEGANDO ABAJO (PECADO MORTAL)
Miren lo están golpeando todo el tiempo,SIGUEN PEGANDO ABAJO (PECADO MORTAL)
"lo vuelven, vuelven a golpear",SIGUEN PEGANDO ABAJO (PECADO MORTAL)
nos siguen pegando abajo.,SIGUEN PEGANDO ABAJO (PECADO MORTAL)
Estoy yéndome,SIGUEN PEGANDO ABAJO (PECADO MORTAL)
soy como una luz apagándose,SIGUEN PEGANDO ABAJO (PECADO MORTAL)
"desde el piso los pude ver,",SIGUEN PEGANDO ABAJO (PECADO MORTAL)
locos de placer alejándose,SIGUEN PEGANDO ABAJO (PECADO MORTAL)
Miren lo están golpeando todo el tiempo,SIGUEN PEGANDO ABAJO (PECADO MORTAL)
"lo vuelven, vuelven a golpear",SIGUEN PEGANDO ABAJO (PECADO MORTAL)
nos siguen pegando abajo.,SIGUEN PEGANDO ABAJO (PECADO MORTAL)
La fiebre de un sábado azul,3 AM
y un domingo sin tristezas.,3 AM
Esquivas a tu corazón,3 AM
"y destrozas tu cabeza,",3 AM
"y en tu voz, sólo un pálido adiós",3 AM
y el reloj en tu puño marcó las tres.,3 AM
El sueño de un sol y de un mar,3 AM
y una vida peligrosa,3 AM
cambiando lo amargo por miel,3 AM
y la gris ciudad por rosas,3 AM
"te hace bien, tanto como hace mal",3 AM
"te hace odiar, tanto como querer y más.",3 AM
Cambiaste de tiempo y de amor,3 AM
y de música y de ideas,3 AM
Cambiaste de sexo y de Dios,3 AM
de color y de fronteras,3 AM
"pero en sí, nada más cambiarás",3 AM
y un sensual abandono vendrá y el fin.,3 AM
Y llevas el caño a tu sien,3 AM
apretando bien las muelas,3 AM
y cierras los ojos y ves,3 AM
todo el mar en primavera,3 AM
"bang, bang, bang",3 AM
"hojas muertas que caen,",3 AM
"siempre igual,",3 AM
los que no pueden más,3 AM
se van.,3 AM
Que importan tus ideales,GRASA DE LAS CAPITALES
que importa tu canción?,GRASA DE LAS CAPITALES
La grasa de las capitales,GRASA DE LAS CAPITALES
cubre tu corazón,GRASA DE LAS CAPITALES
Por qué tenes que llorar?,GRASA DE LAS CAPITALES
es que hay otro en tu lugar que dice:,GRASA DE LAS CAPITALES
"""Vamos, vamos, la fama,",GRASA DE LAS CAPITALES
"la oportunidad está aquí"",",GRASA DE LAS CAPITALES
"lo mismo me pasó a mí, lo tienes",GRASA DE LAS CAPITALES
"todo, todo y no hay nada.",GRASA DE LAS CAPITALES
A buscar el pan y el vino,GRASA DE LAS CAPITALES
ya fui muchas veces,GRASA DE LAS CAPITALES
a sembrar ese camino,GRASA DE LAS CAPITALES
"que nunca florece, no transes más.",GRASA DE LAS CAPITALES
"Con la cantina, con la cantora",GRASA DE LAS CAPITALES
con la T.V. gastadora,GRASA DE LAS CAPITALES
con esas chicas bien decoradas,GRASA DE LAS CAPITALES
con esas viejas todas quemadas,GRASA DE LAS CAPITALES
"gente re vista, gente careta",GRASA DE LAS CAPITALES
la grasa inmunda cual fugazzetta!,GRASA DE LAS CAPITALES
No se banca más!,GRASA DE LAS CAPITALES
La grasa de las capitales no se banca más.,GRASA DE LAS CAPITALES
"No razonar, desaparecer",SIENTO MUCHO MEJOR
cuando tenias que estar,SIENTO MUCHO MEJOR
te echaste a correr,SIENTO MUCHO MEJOR
Lo que hiciste en ti,SIENTO MUCHO MEJOR
no tiene perdón,SIENTO MUCHO MEJOR
y yo sé que me siento,SIENTO MUCHO MEJOR
mucho mas fuerte,SIENTO MUCHO MEJOR
sin tu amor.,SIENTO MUCHO MEJOR
Mucho tiempo atrás,SIENTO MUCHO MEJOR
me hiciste sentir,SIENTO MUCHO MEJOR
que nuestro amor era más,SIENTO MUCHO MEJOR
y de esa forma vivir,SIENTO MUCHO MEJOR
"No sé, más quien soy",SIENTO MUCHO MEJOR
de que te reís,SIENTO MUCHO MEJOR
y ahora sé que me siento,SIENTO MUCHO MEJOR
mucho mas fuerte sin tu amor,SIENTO MUCHO MEJOR
"oh, sin tu amor.",SIENTO MUCHO MEJOR
"No sé, que hacer",SIENTO MUCHO MEJOR
"no sé, que decir",SIENTO MUCHO MEJOR
cuando tenias que estar,SIENTO MUCHO MEJOR
te echaste a reír,SIENTO MUCHO MEJOR
Lo que hiciste en mi,SIENTO MUCHO MEJOR
no tiene perdón,SIENTO MUCHO MEJOR
y ahora sé que me siento,SIENTO MUCHO MEJOR
mucho mas fuerte sin tu amor.,SIENTO MUCHO MEJOR
Y yo sé que me siento,SIENTO MUCHO MEJOR
mucho mas fuerte,SIENTO MUCHO MEJOR
sin tu amor.,SIENTO MUCHO MEJOR
"Detrás de las paredes, no puedo esperar mil años que cambie el viento, tengo que volverte a ver.",TRAJES DE LÁGRIMAS I (CON GRACIELA BORGES)
Siento las preguntas de tu voz y empiezo a amarte con toda mi piel.,TRAJES DE LÁGRIMAS I (CON GRACIELA BORGES)
"No pregunten más, soy un ser que quiere andar, sin pedir permiso para ir a llorar.",TRAJES DE LÁGRIMAS I (CON GRACIELA BORGES)
"Cuando el sol me viene a buscar, a llevar mis sueños al justo lugar",TRAJES DE LÁGRIMAS I (CON GRACIELA BORGES)
"Será porque nos queremos sentir bien, que ahora estamos bailando entre la gente?",TRAJES DE LÁGRIMAS I (CON GRACIELA BORGES)
Quiero verte desnuda el día que desfilen los cuerpos que han sido salvados.,TRAJES DE LÁGRIMAS I (CON GRACIELA BORGES)
"No fueron las pastillas, fueron los hombres de gris.",TRAJES DE LÁGRIMAS I (CON GRACIELA BORGES)
Cuánto tiempo más llevará? Mi capricho es ley.,TRAJES DE LÁGRIMAS I (CON GRACIELA BORGES)
Yo soy un vicio más.,VICIO
en tu vida soy un vicio más.,VICIO
"¿Por qué no me dejás,",VICIO
si es qué soy tan sólo soy un vicio?,VICIO
tu vicio.,VICIO
Yo soy un vicio más.,VICIO
En tu mente soy un vicio más.,VICIO
No me podes dejar,VICIO
porque soy tan sólo un vicio.,VICIO
tu vicio.,VICIO
Y cuando estés,VICIO
masturbando a la nena,VICIO
en un hotel de Pinamar,VICIO
"no te hagas problema,",VICIO
"no vale la pena,",VICIO
alguien en el mundo,VICIO
nunca te va a dejar.,VICIO
Yo soy un vicio más.,VICIO
en la gente soy un vicio más.,VICIO
"Contale a tu mamá,",VICIO
ella también tiene el vicio.,VICIO
tu vicio.,VICIO
Y cuando estés,VICIO
masturbando a la nena,VICIO
en una playa de Pinamar,VICIO
"quién te hará el aguante,",VICIO
quién te dará antes,VICIO
todas esas cosas,VICIO
que no puedes comprar.,VICIO
Yo soy un vicio más.,VICIO
todo el tiempo soy un vicio más.,VICIO
En esta sociedad,VICIO
todo el mundo tiene un vicio.,VICIO
tu vicio.,VICIO
Yo soy un vicio más.,VICIO
en tu vida soy un vicio más.,VICIO
"¿Por qué no me dejás,",VICIO
si es que sólo soy un vicio?,VICIO
tu vicio.,VICIO
Soy un vicio más.,VICIO
Yo nunca fui a New York,CHIPI
no sé lo que es París,CHIPI
vivo bajo la tierra,CHIPI
vivo dentro de mi,CHIPI
Yo no tengo un espejo,CHIPI
no tengo un souvenir,CHIPI
la lágrima me habla,CHIPI
y está dentro de mi,CHIPI
Yo solo tengo esta pobre antena,CHIPI
que me transmite lo que decís,CHIPI
"una canción, mi ilusión, mis penas,",CHIPI
y este souvenir.,CHIPI
Yo subo la escalera,CHIPI
yo cumplo una misión,CHIPI
la lágrima me dice,CHIPI
que yo tampoco soy,CHIPI
la hija de una amor,CHIPI
la hija del dolor,CHIPI
la hija que no espera,CHIPI
tu tiempo se acabó,CHIPI
Si este dolor durará por siempre,CHIPI
no digas nada vete de aquí,CHIPI
porque yo estoy donde nunca voy,CHIPI
donde nunca fui,CHIPI
Tomalo con calma,CHIPI
la cosa es así,CHIPI
ya se hace de noche,CHIPI
me tengo que ir,CHIPI
Chipi chipi chipi,CHIPI
chipi bombón bombón,CHIPI
bombón,CHIPI
chipi chipi bombón,CHIPI
Ya no te pienso esperar por siempre,CHIPI
porque el mercurio lo tengo aquí,CHIPI
"ya no digas mas palabras, men",CHIPI
ya me voy de aquí,CHIPI
Y no te olvides nunca que...,CHIPI
Esta canción durará por siempre,CHIPI
por eso mismo yo la hice así,CHIPI
una canción sin amor,CHIPI
sin dolor,CHIPI
la canción sin fin.,CHIPI
Yo que nací con Videla,HOTELES
yo que nací sin poder,HOTELES
yo que luché por la libertad,HOTELES
y nunca la pude tener,HOTELES
Yo que viví entre fachistas,HOTELES
yo que morí en el altar,HOTELES
yo que crecí con los que estaban bien,HOTELES
pero a la noche estaba todo mal.,HOTELES
"Hoy pasó el tiempo,",HOTELES
demoliendo hoteles,HOTELES
mientras los plomos juntan los cables,HOTELES
cazan rehenes.,HOTELES
Hoy pasó el tiempo,HOTELES
demoliendo hoteles,HOTELES
mientras los chicos allá en la esquina,HOTELES
pegan carteles.,HOTELES
Yo fui educado con odio,HOTELES
y odiaba la humanidad,HOTELES
un día me fui con los hippies,HOTELES
y tuve un amor y mucho más.,HOTELES
"Ahora no estoy más tranquilo,",HOTELES
y por qué tendría que estar,HOTELES
todos crecimos sin entender,HOTELES
y todavía me siento un anormal,HOTELES
"Hoy pasó el tiempo,",HOTELES
demoliendo hoteles,HOTELES
mientras los plomos juntan los cables,HOTELES
cazan rehenes.,HOTELES
Hoy pasó el tiempo,HOTELES
demoliendo hoteles,HOTELES
mientras los chicos allá en la esquina,HOTELES
pegan carteles.,HOTELES
"No voy en tren, voy en avión",VOY EN TREN
"no necesito a nadie, a nadie alrededor.",VOY EN TREN
"Porque no hay nadie que mi piel resista,",VOY EN TREN
"porque no hay nadie que yo quiera ver,",VOY EN TREN
"no veo televisión ni las revistas,",VOY EN TREN
no veo ya nada que no pueda hacer.,VOY EN TREN
"No voy en tren, voy en avión",VOY EN TREN
"no necesito a nadie, a nadie alrededor.",VOY EN TREN
Cuando era niño nunca fui muy listo,VOY EN TREN
tocaba el piano como un animal,VOY EN TREN
"yo sé, que algunos piensan que soy mixto",VOY EN TREN
pero yo tengo personalidad.,VOY EN TREN
Yo soy de la Cruz del sur,VOY EN TREN
soy el que cierra y el que apaga la luz,VOY EN TREN
"yo soy de la Cruz del sur,",VOY EN TREN
aquí y en anywhere.,VOY EN TREN
"No voy en tren, voy en avión",VOY EN TREN
"no necesito a nadie, a nadie alrededor.",VOY EN TREN
Tu tiempo es un vidrio,Y SANGRA
"tu amor un fakir, mi cuerpo una aguja",Y SANGRA
tu mente un tapiz.,Y SANGRA
Si las sanguijuelas no pueden herirte,Y SANGRA
no existe una escuela que enseñe a vivir.,Y SANGRA
El ángel vigía descubre al ladrón,Y SANGRA
"le corta las manos,",Y SANGRA
"le quita la voz,",Y SANGRA
la gente se esconde,Y SANGRA
"o apenas existe,",Y SANGRA
"se olvida del hombre, se olvida de Dios.",Y SANGRA
"Miro alrededor,",Y SANGRA
"heridas que vienen, sospechas que van",Y SANGRA
y aquí estoy,Y SANGRA
pensando en el alma que piensa,Y SANGRA
"que por pensar en el alma,",Y SANGRA
desarma y sangra.,Y SANGRA
Los amigos del barrio pueden desaparecer,DINOSAURIOS
los cantores de radio pueden desaparecer,DINOSAURIOS
los que están en los diarios pueden desaparecer,DINOSAURIOS
la persona que amas puede desaparecer.,DINOSAURIOS
Los que están en el aire,DINOSAURIOS
pueden desaparecer en el aire,DINOSAURIOS
los que están en la calle,DINOSAURIOS
pueden desaparecer en la calle.,DINOSAURIOS
"Los amigos del barrio pueden desaparecer,",DINOSAURIOS
pero los dinosaurios van a desaparecer.,DINOSAURIOS
"No estoy tranquilo mi amor,",DINOSAURIOS
"hoy es sábado a la noche,",DINOSAURIOS
un amigo está en cana.,DINOSAURIOS
Oh mi amor,DINOSAURIOS
desaparece el mundo,DINOSAURIOS
Si los pesados mi amor llevan,DINOSAURIOS
todo ese montón de equipajes en la mano,DINOSAURIOS
oh mi amor yo quiero estar liviano.,DINOSAURIOS
Cuando el mundo tira para abajo,DINOSAURIOS
yo no quiero estar atado a nada,DINOSAURIOS
imaginen a los dinosaurios en la cama,DINOSAURIOS
Cuando el mundo tira para abajo,DINOSAURIOS
yo no quiero estar atado a nada,DINOSAURIOS
imaginen a los dinosaurios en la cama,DINOSAURIOS
Los amigos del barrio,DINOSAURIOS
pueden desaparecer,DINOSAURIOS
los cantores de radio,DINOSAURIOS
pueden desaparecer,DINOSAURIOS
los que están en los diarios,DINOSAURIOS
pueden desaparecer,DINOSAURIOS
la persona que amas,DINOSAURIOS
puede desaparecer.,DINOSAURIOS
Los que están en el aire,DINOSAURIOS
pueden desaparecer en el aire,DINOSAURIOS
los que están en la calle,DINOSAURIOS
pueden desaparecer en la calle.,DINOSAURIOS
Los amigos del barrio,DINOSAURIOS
"pueden desaparecer,",DINOSAURIOS
pero los dinosaurios,DINOSAURIOS
van a desaparecer.,DINOSAURIOS
Están muertos,TOQUEN
están muertos,TOQUEN
están muertos.,TOQUEN
Están muertos,TOQUEN
están muertos,TOQUEN
están muertos.,TOQUEN
Váyanse de aquí,TOQUEN
váyanse de aquí,TOQUEN
váyanse.,TOQUEN
Muertos.,TOQUEN
No me toquen mis discos,TOQUEN
no me toquen mi ajuar,TOQUEN
no me toquen las manos,TOQUEN
ya no me toquen,TOQUEN
No!,TOQUEN
Están muertos,TOQUEN
están muertos,TOQUEN
están muertos.,TOQUEN
Están muertos,TOQUEN
están muertos,TOQUEN
están muertos.,TOQUEN
Sáquenme de aquí,TOQUEN
Sáquenme de aquí,TOQUEN
sáquenme,TOQUEN
Ya no me toquen no!,TOQUEN
No toquen,TOQUEN
no toquen,TOQUEN
no toquen,TOQUEN
no.,TOQUEN
No toquen,TOQUEN
no quiero que me toquen,TOQUEN
no toquen no!,TOQUEN
No toquen,TOQUEN
no toquen,TOQUEN
no toquen,TOQUEN
no.,TOQUEN
No toquen,TOQUEN
no quiero que me toquen,TOQUEN
ya no me toquen,TOQUEN
no!,TOQUEN
Me echó de su cuarto gritándome:,DE INVIERNO
"""No tienes profesión""",DE INVIERNO
"Tuve que enfrentarme a mi condición,",DE INVIERNO
en invierno no hay sol,DE INVIERNO
Hace frío y me falta un abrigo,DE INVIERNO
y me pesa el hambre de esperar...,DE INVIERNO
Quién me dará algo para fumar,DE INVIERNO
o casa en que vivir?,DE INVIERNO
Sé que entre las calles debes estar,DE INVIERNO
pero no se partir.,DE INVIERNO
Y la radio nos confunde a todos,DE INVIERNO
"sin dinero la pasaré mal,",DE INVIERNO
si se comen mi carne los lobos,DE INVIERNO
no podré robarles la mitad.,DE INVIERNO
Dios es empleado en un mostrador,DE INVIERNO
da para recibir,DE INVIERNO
"Quién me dará un crédito, mi Señor?",DE INVIERNO
solo se sonreír.,DE INVIERNO
"Y tal vez esperé demasiado,",DE INVIERNO
quisiera que estuviera aquí,DE INVIERNO
cerrarán la puerta de éste infierno,DE INVIERNO
y es posible que me quiera ir.,DE INVIERNO
Conseguí licor y me emborraché,DE INVIERNO
en el baño de un bar.,DE INVIERNO
Fui a dar a la calle de un puntapié,DE INVIERNO
y me sentí muy mal.,DE INVIERNO
Y si bien yo nunca había bebido,DE INVIERNO
"en la cárcel tuve que acabar,",DE INVIERNO
"la fianza la pagó un amigo,",DE INVIERNO
las heridas son del oficial.,DE INVIERNO
Hace cuatro años que estoy aquí,DE INVIERNO
y no quiero salir.,DE INVIERNO
Ya no paso frío y soy feliz,DE INVIERNO
mi cuarto da al jardín.,DE INVIERNO
Y aunque a veces me acuerdo de ella,DE INVIERNO
(dibujé su cara en la pared),DE INVIERNO
solamente muero los domingos,DE INVIERNO
y los lunes ya me siento bien...,DE INVIERNO
Son cuatro casas sin ventanas,EN SEGUNDA
cuatro cadáveres que van,EN SEGUNDA
a renacer de entre los muertos,EN SEGUNDA
las visiones del final.,EN SEGUNDA
Es una loca sin mañana,EN SEGUNDA
es una lágrima en el pan,EN SEGUNDA
así es la loba que me cuida,EN SEGUNDA
cuando empiezo a despegar.,EN SEGUNDA
Alguna gente que conozco,EN SEGUNDA
vive metida en un baúl,EN SEGUNDA
teleteatro del futuro,EN SEGUNDA
pata física del sur.,EN SEGUNDA
A mi no me gusta tu cara,EN SEGUNDA
y no me gusta tu olor,EN SEGUNDA
hay tres o cuatro mamarrachos,EN SEGUNDA
con los que yo estoy mejor.,EN SEGUNDA
"Me siento sólo, lindo, joven,",AMOR ESPERA
"viejo, triste, loco, nuevo, viejo y usado.",AMOR ESPERA
"Me siento lejos, cerca, fuera, linda,",AMOR ESPERA
"fea, loca, fuera, vieja y usada.",AMOR ESPERA
Y si el teléfono no suena,AMOR ESPERA
en el medio de una reunión privada.,AMOR ESPERA
Es que la cinta ésta cansada de escuchar,AMOR ESPERA
siempre las mismas pelotudas pavadas.,AMOR ESPERA
Y el amor espera.,AMOR ESPERA
Y el amor espera.,AMOR ESPERA
Y el amor espera.,AMOR ESPERA
Yo hago el muerto,AMOR ESPERA
"para ver quién me llora,",AMOR ESPERA
para ver quién me ha usado.,AMOR ESPERA
Yo me hago el diablo,AMOR ESPERA
porque sabe más por viejo,AMOR ESPERA
que lo que aprende del diablo.,AMOR ESPERA
Y si el teléfono no suena,AMOR ESPERA
en el medio de una reunión privada.,AMOR ESPERA
Es que la cinta está cansada de escuchar,AMOR ESPERA
siempre las mismas pelotudas pavadas.,AMOR ESPERA
Y el amor espera.,AMOR ESPERA
"Y ya es primavera,",AMOR ESPERA
"y la mesa, cera,",AMOR ESPERA
"y la vela, nada.",AMOR ESPERA
"""Why don´t we sing this song all together""",AMOR ESPERA
"Pero si resbalas y te dejas caer,",AMOR ESPERA
Pero si tus alas no te cortan los pies.,AMOR ESPERA
Todo el mundo sabe que no puedo vivir sin vos.,AMOR ESPERA
"Somos como peces que están fuera del mar,",AMOR ESPERA
fuimos tantas veces hacia el mismo lugar.,AMOR ESPERA
"Todo el mundo quiere, todo el mundo quiere olvidar.",AMOR ESPERA
"Pero si resbalas y no te caes, mi amor.",AMOR ESPERA
Pero si tus alas no se queman al sol.,AMOR ESPERA
Todo el mundo sabe que no puedo vivir sin vos.,AMOR ESPERA
"Somos como peces que están fuera del mar,",AMOR ESPERA
fuimos tantas veces hacia el mismo lugar.,AMOR ESPERA
"Todo el mundo quiere, todo el mundo quiere olvidar.",AMOR ESPERA
Por qué no vienes hasta mí,DE LA REVOLUCIÓN
por qué no puedo amarte,DE LA REVOLUCIÓN
por qué no vienes hasta mí,DE LA REVOLUCIÓN
por qué no cambias como el sol,DE LA REVOLUCIÓN
por qué eres tan distante,DE LA REVOLUCIÓN
por qué no cambias como el sol,DE LA REVOLUCIÓN
Me siento solo y confundido a la vez,DE LA REVOLUCIÓN
los analistas no podrán entender,DE LA REVOLUCIÓN
ya no sé bien que decir,DE LA REVOLUCIÓN
ya no sé más que hacer,DE LA REVOLUCIÓN
todo el mundo loco y yo sin poderte ver,DE LA REVOLUCIÓN
"pero si insisto, yo sé muy bien, te conseguiré",DE LA REVOLUCIÓN
Cerca de la revolución,DE LA REVOLUCIÓN
el pueblo pide sangre,DE LA REVOLUCIÓN
cerca de la revolución,DE LA REVOLUCIÓN
yo estoy cantando esta canción,DE LA REVOLUCIÓN
que alguna vez fue hambre,DE LA REVOLUCIÓN
yo estoy cantando esta canción,DE LA REVOLUCIÓN
Y si mañana es como ayer otra vez,DE LA REVOLUCIÓN
lo que fue hermoso será horrible,DE LA REVOLUCIÓN
"después, no es sólo una cuestión de elecciones",DE LA REVOLUCIÓN
"no elegí este mundo, pero aprendí a querer",DE LA REVOLUCIÓN
"pero si insisto yo sé muy bien, te conseguiré",DE LA REVOLUCIÓN
Si estas palabras te pudieran dar fe,DE LA REVOLUCIÓN
si esta armonía te ayudara a creer,DE LA REVOLUCIÓN
"yo sería tan feliz, tan feliz en el mundo,",DE LA REVOLUCIÓN
"que moriría, arrodillado a tus pies",DE LA REVOLUCIÓN
"pero si insisto, yo sé muy bien, te conseguiré",DE LA REVOLUCIÓN
"Hey, linda nena, ¿dónde vas a ir",AND ROLL YO
Cuando no queden más lugares para huir?,AND ROLL YO
"Argentinita, dónde vas a estar",AND ROLL YO
Cuando la gente no te quiera ni mirar?,AND ROLL YO
"Voy a saltar adentro tuyo,",AND ROLL YO
Comiéndome de a poco tu orgullo,AND ROLL YO
Saquen y eliminen a esa tonta,AND ROLL YO
De mi rock and roll Yo,AND ROLL YO
Este es mi rock and roll Yo.,AND ROLL YO
Hey papa frita ¿qué vas a sentir,AND ROLL YO
Cuando no tengas milanesas que freir?,AND ROLL YO
"Hija de puta, te voy a matar",AND ROLL YO
Donde te encuentres yo seguro voy a estar,AND ROLL YO
Voy a saltar adentro tuyo,AND ROLL YO
Comiéndome de a poco tu orgullo,AND ROLL YO
Saquen y eliminen a esa tonta,AND ROLL YO
De mi rock and roll Yo.,AND ROLL YO
Quizás te ame ¿qué puedo hacer,AND ROLL YO
Cuando mañana está en el ayer? Yeah!,AND ROLL YO
Voy a saltar adentro tuyo,AND ROLL YO
Comiéndome de a poco tu orgullo,AND ROLL YO
Saquen y eliminen a esa tonta,AND ROLL YO
De mi rock and roll Yo.,AND ROLL YO
El tiempo vuelve a pasar,5ANHEDONIA
pero no hay primavera en Anhedonia.,5ANHEDONIA
El tiempo vuelve a llorar,5ANHEDONIA
pero no hay primavera en Anhedonia.,5ANHEDONIA
Y aunque las luces son suaves,5ANHEDONIA
y el cine está aquí,5ANHEDONIA
no hay nada que hacer de noche no pasa nada,5ANHEDONIA
nada más que el tren.,5ANHEDONIA
Un ángel vuela en París,5ANHEDONIA
y un chico nace casi en Anhedonia,5ANHEDONIA
Está tan lejos de aquí,5ANHEDONIA
porque ella sólo vive en Anhedonia.,5ANHEDONIA
Ella hizo un pacto de sangre,5ANHEDONIA
a pesar de mí,5ANHEDONIA
No tengo que volver,5ANHEDONIA
"sangre en la calle, calle",5ANHEDONIA
No hay que vivir así.,5ANHEDONIA
Porque antes que tu madre,5ANHEDONIA
mucho antes que el dolor.,5ANHEDONIA
El amor cambia tu sangre,5ANHEDONIA
Porque la noche es tan suave,5ANHEDONIA
y el tiempo feliz,5ANHEDONIA
no tengo que hacer maletas,5ANHEDONIA
no siento nada.,5ANHEDONIA
No importa si te querés ir,IMPORTA
No importa si estas,IMPORTA
No importa si querés venir,IMPORTA
No importa si vas,IMPORTA
No importa la televisión,IMPORTA
No importa la actriz,IMPORTA
No importa la prostitución,IMPORTA
No me importa a mí,IMPORTA
Estamos juntos y en la prisión,IMPORTA
No hay forma de salir,IMPORTA
El mundo es un patio de prisión,IMPORTA
¿a donde querés ir?,IMPORTA
No importa la revolución,IMPORTA
No importa Chopin,IMPORTA
No importa lo que digas vos,IMPORTA
No me importa él,IMPORTA
Estamos juntos en la prisión,IMPORTA
No hay forma de salir,IMPORTA
El mundo es un patio de prisión,IMPORTA
¿a donde querés ir?,IMPORTA
No importa si te quieres ir,IMPORTA
No importa si estás,IMPORTA
No importa si querés venir,IMPORTA
No me importa más,IMPORTA
"Estamos juntos, estamos juntos...",IMPORTA
Estamos juntos en la prisión...,IMPORTA
"Ella es menor, él es normal",SIGUEN PEGANDO ABAJO (PECADO MORTAL)
y lo que están haciendo es un pecado mortal,SIGUEN PEGANDO ABAJO (PECADO MORTAL)
ella se quedó sin boda ni arroz,SIGUEN PEGANDO ABAJO (PECADO MORTAL)
y al novio lo agarraron entre muchos más que dos.,SIGUEN PEGANDO ABAJO (PECADO MORTAL)
Miren lo están golpeando todo el tiempo,SIGUEN PEGANDO ABAJO (PECADO MORTAL)
"lo vuelven, vuelven a golpear",SIGUEN PEGANDO ABAJO (PECADO MORTAL)
nos siguen pegando abajo.,SIGUEN PEGANDO ABAJO (PECADO MORTAL)
Yo estaba en un club,SIGUEN PEGANDO ABAJO (PECADO MORTAL)
no había casi luz,SIGUEN PEGANDO ABAJO (PECADO MORTAL)
la puerta de salida tenía un farolito azul.,SIGUEN PEGANDO ABAJO (PECADO MORTAL)
El se desmayó delante de mí,SIGUEN PEGANDO ABAJO (PECADO MORTAL)
no fueron las pastillas,SIGUEN PEGANDO ABAJO (PECADO MORTAL)
fueron los hombres de gris,SIGUEN PEGANDO ABAJO (PECADO MORTAL)
Miren lo están golpeando todo el tiempo,SIGUEN PEGANDO ABAJO (PECADO MORTAL)
"lo vuelven, vuelven a golpear",SIGUEN PEGANDO ABAJO (PECADO MORTAL)
nos siguen pegando abajo.,SIGUEN PEGANDO ABAJO (PECADO MORTAL)
Estoy yéndome,SIGUEN PEGANDO ABAJO (PECADO MORTAL)
soy como una luz apagándose,SIGUEN PEGANDO ABAJO (PECADO MORTAL)
"desde el piso los pude ver,",SIGUEN PEGANDO ABAJO (PECADO MORTAL)
locos de placer alejándose,SIGUEN PEGANDO ABAJO (PECADO MORTAL)
Miren lo están golpeando todo el tiempo,SIGUEN PEGANDO ABAJO (PECADO MORTAL)
"lo vuelven, vuelven a golpear",SIGUEN PEGANDO ABAJO (PECADO MORTAL)
nos siguen pegando abajo.,SIGUEN PEGANDO ABAJO (PECADO MORTAL)
La fiebre de un sábado azul,3 AM
y un domingo sin tristezas.,3 AM
Esquivas a tu corazón,3 AM
"y destrozas tu cabeza,",3 AM
"y en tu voz, sólo un pálido adiós",3 AM
y el reloj en tu puño marcó las tres.,3 AM
El sueño de un sol y de un mar,3 AM
y una vida peligrosa,3 AM
cambiando lo amargo por miel,3 AM
y la gris ciudad por rosas,3 AM
"te hace bien, tanto como hace mal",3 AM
"te hace odiar, tanto como querer y más.",3 AM
Cambiaste de tiempo y de amor,3 AM
y de música y de ideas,3 AM
Cambiaste de sexo y de Dios,3 AM
de color y de fronteras,3 AM
"pero en sí, nada más cambiarás",3 AM
y un sensual abandono vendrá y el fin.,3 AM
Y llevas el caño a tu sien,3 AM
apretando bien las muelas,3 AM
y cierras los ojos y ves,3 AM
todo el mar en primavera,3 AM
"bang, bang, bang",3 AM
"hojas muertas que caen,",3 AM
"siempre igual,",3 AM
los que no pueden más,3 AM
se van.,3 AM
Que importan tus ideales,GRASA DE LAS CAPITALES
que importa tu canción?,GRASA DE LAS CAPITALES
La grasa de las capitales,GRASA DE LAS CAPITALES
cubre tu corazón,GRASA DE LAS CAPITALES
Por qué tenes que llorar?,GRASA DE LAS CAPITALES
es que hay otro en tu lugar que dice:,GRASA DE LAS CAPITALES
"""Vamos, vamos, la fama,",GRASA DE LAS CAPITALES
"la oportunidad está aquí"",",GRASA DE LAS CAPITALES
"lo mismo me pasó a mí, lo tienes",GRASA DE LAS CAPITALES
"todo, todo y no hay nada.",GRASA DE LAS CAPITALES
A buscar el pan y el vino,GRASA DE LAS CAPITALES
ya fui muchas veces,GRASA DE LAS CAPITALES
a sembrar ese camino,GRASA DE LAS CAPITALES
"que nunca florece, no transes más.",GRASA DE LAS CAPITALES
"Con la cantina, con la cantora",GRASA DE LAS CAPITALES
con la T.V. gastadora,GRASA DE LAS CAPITALES
con esas chicas bien decoradas,GRASA DE LAS CAPITALES
con esas viejas todas quemadas,GRASA DE LAS CAPITALES
"gente re vista, gente careta",GRASA DE LAS CAPITALES
la grasa inmunda cual fugazzetta!,GRASA DE LAS CAPITALES
No se banca más!,GRASA DE LAS CAPITALES
La grasa de las capitales no se banca más.,GRASA DE LAS CAPITALES
"No razonar, desaparecer",SIENTO MUCHO MEJOR
cuando tenias que estar,SIENTO MUCHO MEJOR
te echaste a correr,SIENTO MUCHO MEJOR
Lo que hiciste en ti,SIENTO MUCHO MEJOR
no tiene perdón,SIENTO MUCHO MEJOR
y yo sé que me siento,SIENTO MUCHO MEJOR
mucho mas fuerte,SIENTO MUCHO MEJOR
sin tu amor.,SIENTO MUCHO MEJOR
Mucho tiempo atrás,SIENTO MUCHO MEJOR
me hiciste sentir,SIENTO MUCHO MEJOR
que nuestro amor era más,SIENTO MUCHO MEJOR
y de esa forma vivir,SIENTO MUCHO MEJOR
"No sé, más quien soy",SIENTO MUCHO MEJOR
de que te reís,SIENTO MUCHO MEJOR
y ahora sé que me siento,SIENTO MUCHO MEJOR
mucho mas fuerte sin tu amor,SIENTO MUCHO MEJOR
"oh, sin tu amor.",SIENTO MUCHO MEJOR
"No sé, que hacer",SIENTO MUCHO MEJOR
"no sé, que decir",SIENTO MUCHO MEJOR
cuando tenias que estar,SIENTO MUCHO MEJOR
te echaste a reír,SIENTO MUCHO MEJOR
Lo que hiciste en mi,SIENTO MUCHO MEJOR
no tiene perdón,SIENTO MUCHO MEJOR
y ahora sé que me siento,SIENTO MUCHO MEJOR
mucho mas fuerte sin tu amor.,SIENTO MUCHO MEJOR
Y yo sé que me siento,SIENTO MUCHO MEJOR
mucho mas fuerte,SIENTO MUCHO MEJOR
sin tu amor.,SIENTO MUCHO MEJOR
"Detrás de las paredes, no puedo esperar mil años que cambie el viento, tengo que volverte a ver.",TRAJES DE LÁGRIMAS I (CON GRACIELA BORGES)
Siento las preguntas de tu voz y empiezo a amarte con toda mi piel.,TRAJES DE LÁGRIMAS I (CON GRACIELA BORGES)
"No pregunten más, soy un ser que quiere andar, sin pedir permiso para ir a llorar.",TRAJES DE LÁGRIMAS I (CON GRACIELA BORGES)
"Cuando el sol me viene a buscar, a llevar mis sueños al justo lugar.",TRAJES DE LÁGRIMAS I (CON GRACIELA BORGES)
"Será porque nos queremos sentir bien, que ahora estamos bailando entre la gente?",TRAJES DE LÁGRIMAS I (CON GRACIELA BORGES)
Quiero verte desnuda el día que desfilen los cuerpos que han sido salvados.,TRAJES DE LÁGRIMAS I (CON GRACIELA BORGES)
"No fueron las pastillas, fueron los hombres de gris.",TRAJES DE LÁGRIMAS I (CON GRACIELA BORGES)
Cuánto tiempo más llevará? Mi capricho es ley.,TRAJES DE LÁGRIMAS I (CON GRACIELA BORGES)
Yo soy un vicio más.,VICIO
en tu vida soy un vicio más.,VICIO
"¿Por qué no me dejás,",VICIO
si es qué soy tan sólo soy un vicio?,VICIO
tu vicio.,VICIO
Yo soy un vicio más.,VICIO
En tu mente soy un vicio más.,VICIO
No me podes dejar,VICIO
porque soy tan sólo un vicio.,VICIO
tu vicio.,VICIO
Y cuando estés,VICIO
masturbando a la nena,VICIO
en un hotel de Pinamar,VICIO
"no te hagas problema,",VICIO
"no vale la pena,",VICIO
alguien en el mundo,VICIO
nunca te va a dejar.,VICIO
Yo soy un vicio más.,VICIO
en la gente soy un vicio más.,VICIO
"Contale a tu mamá,",VICIO
ella también tiene el vicio.,VICIO
tu vicio.,VICIO
Y cuando estés,VICIO
masturbando a la nena,VICIO
en una playa de Pinamar,VICIO
"quién te hará el aguante,",VICIO
quién te dará antes,VICIO
todas esas cosas,VICIO
que no puedes comprar.,VICIO
Yo soy un vicio más.,VICIO
todo el tiempo soy un vicio más.,VICIO
En esta sociedad,VICIO
todo el mundo tiene un vicio.,VICIO
tu vicio.,VICIO
Yo soy un vicio más.,VICIO
en tu vida soy un vicio más.,VICIO
"¿Por qué no me dejás,",VICIO
si es que sólo soy un vicio?,VICIO
tu vicio.,VICIO
Soy un vicio más.,VICIO
Yo nunca fui a New York,CHIPI
no sé lo que es París,CHIPI
vivo bajo la tierra,CHIPI
vivo dentro de mi,CHIPI
Yo no tengo un espejo,CHIPI
no tengo un souvenir,CHIPI
la lágrima me habla,CHIPI
y está dentro de mi,CHIPI
Yo solo tengo esta pobre antena,CHIPI
que me transmite lo que decís,CHIPI
"una canción, mi ilusión, mis penas,",CHIPI
y este souvenir.,CHIPI
Yo subo la escalera,CHIPI
yo cumplo una misión,CHIPI
la lágrima me dice,CHIPI
que yo tampoco soy,CHIPI
la hija de una amor,CHIPI
la hija del dolor,CHIPI
la hija que no espera,CHIPI
tu tiempo se acabó,CHIPI
Si este dolor durará por siempre,CHIPI
no digas nada vete de aquí,CHIPI
porque yo estoy donde nunca voy,CHIPI
donde nunca fui,CHIPI
Tomalo con calma,CHIPI
la cosa es así,CHIPI
ya se hace de noche,CHIPI
me tengo que ir,CHIPI
Chipi chipi chipi,CHIPI
chipi bombón bombón,CHIPI
bombón,CHIPI
chipi chipi bombón,CHIPI
Ya no te pienso esperar por siempre,CHIPI
porque el mercurio lo tengo aquí,CHIPI
"ya no digas mas palabras, men",CHIPI
ya me voy de aquí,CHIPI
Y no te olvides nunca que..,CHIPI
.,CHIPI
Esta canción durará por siempre,CHIPI
por eso mismo yo la hice así,CHIPI
una canción sin amor,CHIPI
sin dolor,CHIPI
la canción sin fin.,CHIPI
Yo que nací con Videla,HOTELES
yo que nací sin poder,HOTELES
yo que luché por la libertad,HOTELES
y nunca la pude tener,HOTELES
Yo que viví entre fachistas,HOTELES
yo que morí en el altar,HOTELES
yo que crecí con los que estaban bien,HOTELES
pero a la noche estaba todo mal.,HOTELES
"Hoy pasó el tiempo,",HOTELES
demoliendo hoteles,HOTELES
mientras los plomos juntan los cables,HOTELES
cazan rehenes.,HOTELES
Hoy pasó el tiempo,HOTELES
demoliendo hoteles,HOTELES
mientras los chicos allá en la esquina,HOTELES
pegan carteles.,HOTELES
Yo fui educado con odio,HOTELES
y odiaba la humanidad,HOTELES
un día me fui con los hippies,HOTELES
y tuve un amor y mucho más.,HOTELES
"Ahora no estoy más tranquilo,",HOTELES
y por qué tendría que estar,HOTELES
todos crecimos sin entender,HOTELES
y todavía me siento un anormal,HOTELES
"Hoy pasó el tiempo,",HOTELES
demoliendo hoteles,HOTELES
mientras los plomos juntan los cables,HOTELES
cazan rehenes.,HOTELES
Hoy pasó el tiempo,HOTELES
demoliendo hoteles,HOTELES
mientras los chicos allá en la esquina,HOTELES
pegan carteles.,HOTELES
"No voy en tren, voy en avión",VOY EN TREN
"no necesito a nadie, a nadie alrededor.",VOY EN TREN
"Porque no hay nadie que mi piel resista,",VOY EN TREN
"porque no hay nadie que yo quiera ver,",VOY EN TREN
"no veo televisión ni las revistas,",VOY EN TREN
no veo ya nada que no pueda hacer.,VOY EN TREN
"No voy en tren, voy en avión",VOY EN TREN
"no necesito a nadie, a nadie alrededor.",VOY EN TREN
Cuando era niño nunca fui muy listo,VOY EN TREN
tocaba el piano como un animal,VOY EN TREN
"yo sé, que algunos piensan que soy mixto",VOY EN TREN
pero yo tengo personalidad.,VOY EN TREN
Yo soy de la Cruz del sur,VOY EN TREN
soy el que cierra y el que apaga la luz,VOY EN TREN
"yo soy de la Cruz del sur,",VOY EN TREN
aquí y en anywhere.,VOY EN TREN
"No voy en tren, voy en avión",VOY EN TREN
"no necesito a nadie, a nadie alrededor.",VOY EN TREN
Tu tiempo es un vidrio,Y SANGRA
"tu amor un fakir, mi cuerpo una aguja",Y SANGRA
tu mente un tapiz.,Y SANGRA
Si las sanguijuelas no pueden herirte,Y SANGRA
no existe una escuela que enseñe a vivir.,Y SANGRA
El ángel vigía descubre al ladrón,Y SANGRA
"le corta las manos,",Y SANGRA
"le quita la voz,",Y SANGRA
la gente se esconde,Y SANGRA
"o apenas existe,",Y SANGRA
"se olvida del hombre, se olvida de Dios.",Y SANGRA
"Miro alrededor,",Y SANGRA
"heridas que vienen, sospechas que van",Y SANGRA
y aquí estoy,Y SANGRA
pensando en el alma que piensa,Y SANGRA
"que por pensar en el alma,",Y SANGRA
desarma y sangra.,Y SANGRA
Los amigos del barrio pueden desaparecer,DINOSAURIOS
los cantores de radio pueden desaparecer,DINOSAURIOS
los que están en los diarios pueden desaparecer,DINOSAURIOS
la persona que amas puede desaparecer.,DINOSAURIOS
Los que están en el aire,DINOSAURIOS
pueden desaparecer en el aire,DINOSAURIOS
los que están en la calle,DINOSAURIOS
pueden desaparecer en la calle.,DINOSAURIOS
"Los amigos del barrio pueden desaparecer,",DINOSAURIOS
pero los dinosaurios van a desaparecer.,DINOSAURIOS
"No estoy tranquilo mi amor,",DINOSAURIOS
"hoy es sábado a la noche,",DINOSAURIOS
un amigo está en cana.,DINOSAURIOS
Oh mi amor,DINOSAURIOS
desaparece el mundo,DINOSAURIOS
Si los pesados mi amor llevan,DINOSAURIOS
todo ese montón de equipajes en la mano,DINOSAURIOS
oh mi amor yo quiero estar liviano.,DINOSAURIOS
Cuando el mundo tira para abajo,DINOSAURIOS
yo no quiero estar atado a nada,DINOSAURIOS
imaginen a los dinosaurios en la cama,DINOSAURIOS
Cuando el mundo tira para abajo,DINOSAURIOS
yo no quiero estar atado a nada,DINOSAURIOS
imaginen a los dinosaurios en la cama,DINOSAURIOS
Los amigos del barrio,DINOSAURIOS
pueden desaparecer,DINOSAURIOS
los cantores de radio,DINOSAURIOS
pueden desaparecer,DINOSAURIOS
los que están en los diarios,DINOSAURIOS
pueden desaparecer,DINOSAURIOS
la persona que amas,DINOSAURIOS
puede desaparecer.,DINOSAURIOS
Los que están en el aire,DINOSAURIOS
pueden desaparecer en el aire,DINOSAURIOS
los que están en la calle,DINOSAURIOS
pueden desaparecer en la calle.,DINOSAURIOS
Los amigos del barrio,DINOSAURIOS
"pueden desaparecer,",DINOSAURIOS
pero los dinosaurios,DINOSAURIOS
van a desaparecer.,DINOSAURIOS
Están muertos,TOQUEN
están muertos,TOQUEN
están muertos.,TOQUEN
Están muertos,TOQUEN
están muertos,TOQUEN
están muertos.,TOQUEN
Váyanse de aquí,TOQUEN
váyanse de aquí,TOQUEN
váyanse.,TOQUEN
Muertos.,TOQUEN
No me toquen mis discos,TOQUEN
no me toquen mi ajuar,TOQUEN
no me toquen las manos,TOQUEN
ya no me toquen,TOQUEN
No!,TOQUEN
Están muertos,TOQUEN
están muertos,TOQUEN
están muertos.,TOQUEN
Están muertos,TOQUEN
están muertos,TOQUEN
están muertos.,TOQUEN
Sáquenme de aquí,TOQUEN
Sáquenme de aquí,TOQUEN
sáquenme,TOQUEN
Ya no me toquen no!,TOQUEN
No toquen,TOQUEN
no toquen,TOQUEN
no toquen,TOQUEN
no.,TOQUEN
No toquen,TOQUEN
no quiero que me toquen,TOQUEN
no toquen no!,TOQUEN
No toquen,TOQUEN
no toquen,TOQUEN
no toquen,TOQUEN
no.,TOQUEN
No toquen,TOQUEN
no quiero que me toquen,TOQUEN
ya no me toquen,TOQUEN
no!,TOQUEN
Me echó de su cuarto gritándome:,DE INVIERNO
"""No tienes profesión""",DE INVIERNO
"Tuve que enfrentarme a mi condición,",DE INVIERNO
en invierno no hay sol,DE INVIERNO
Hace frío y me falta un abrigo,DE INVIERNO
y me pesa el hambre de esperar...,DE INVIERNO
Quién me dará algo para fumar,DE INVIERNO
o casa en que vivir?,DE INVIERNO
Sé que entre las calles debes estar,DE INVIERNO
pero no se partir.,DE INVIERNO
Y la radio nos confunde a todos,DE INVIERNO
"sin dinero la pasaré mal,",DE INVIERNO
si se comen mi carne los lobos,DE INVIERNO
no podré robarles la mitad.,DE INVIERNO
Dios es empleado en un mostrador,DE INVIERNO
da para recibir,DE INVIERNO
"Quién me dará un crédito, mi Señor?",DE INVIERNO
solo se sonreír.,DE INVIERNO
"Y tal vez esperé demasiado,",DE INVIERNO
quisiera que estuviera aquí,DE INVIERNO
cerrarán la puerta de éste infierno,DE INVIERNO
y es posible que me quiera ir.,DE INVIERNO
Conseguí licor y me emborraché,DE INVIERNO
en el baño de un bar.,DE INVIERNO
Fui a dar a la calle de un puntapié,DE INVIERNO
y me sentí muy mal.,DE INVIERNO
Y si bien yo nunca había bebido,DE INVIERNO
"en la cárcel tuve que acabar,",DE INVIERNO
"la fianza la pagó un amigo,",DE INVIERNO
las heridas son del oficial.,DE INVIERNO
Hace cuatro años que estoy aquí,DE INVIERNO
y no quiero salir.,DE INVIERNO
Ya no paso frío y soy feliz,DE INVIERNO
mi cuarto da al jardín.,DE INVIERNO
Y aunque a veces me acuerdo de ella,DE INVIERNO
(dibujé su cara en la pared),DE INVIERNO
solamente muero los domingos,DE INVIERNO
y los lunes ya me siento bien...,DE INVIERNO
Hubo un tiempo que fue hermoso,PARA MI MUERTE
"y fui libre de verdad,",PARA MI MUERTE
guardaba todos mis sueños,PARA MI MUERTE
en castillos de cristal.,PARA MI MUERTE
"Poco a poco fui creciendo,",PARA MI MUERTE
y mis fábulas de amor,PARA MI MUERTE
se fueron desvaneciendo,PARA MI MUERTE
como pompas de jabón.,PARA MI MUERTE
Te encontraré una mañana,PARA MI MUERTE
dentro de mi habitación,PARA MI MUERTE
y prepararás la cama,PARA MI MUERTE
para dos.,PARA MI MUERTE
Es larga la carretera,PARA MI MUERTE
cuando uno mira atrás,PARA MI MUERTE
vas cruzando las fronteras,PARA MI MUERTE
sin darte cuenta quizás.,PARA MI MUERTE
Tomate del pasamanos,PARA MI MUERTE
porque antes de llegar,PARA MI MUERTE
de aferraran mil ancianos,PARA MI MUERTE
pero se fueron igual.,PARA MI MUERTE
Te encontraré una mañana,PARA MI MUERTE
dentro de mi habitación,PARA MI MUERTE
y prepararás la cama,PARA MI MUERTE
para dos.,PARA MI MUERTE
Quisiera saber tu nombre,PARA MI MUERTE
"tu lugar, tu dirección",PARA MI MUERTE
"si te han puesto teléfono,",PARA MI MUERTE
también tu numeración.,PARA MI MUERTE
Te suplico que me avises,PARA MI MUERTE
"si me vienes a buscar,",PARA MI MUERTE
"no es porque te tenga miedo,",PARA MI MUERTE
sólo me quiero arreglar.,PARA MI MUERTE
Te encontraré una mañana,PARA MI MUERTE
dentro de mi habitación,PARA MI MUERTE
y prepararás la cama,PARA MI MUERTE
para dos.,PARA MI MUERTE
Me echó de su cuarto gritándome:,DE INVIERNO
"""No tienes profesión""",DE INVIERNO
"Tuve que enfrentarme a mi condición,",DE INVIERNO
en invierno no hay sol,DE INVIERNO
Hace frío y me falta un abrigo,DE INVIERNO
y me pesa el hambre de esperar...,DE INVIERNO
Quién me dará algo para fumar,DE INVIERNO
o casa en que vivir?,DE INVIERNO
Sé que entre las calles debes estar,DE INVIERNO
pero no se partir.,DE INVIERNO
Y la radio nos confunde a todos,DE INVIERNO
"sin dinero la pasaré mal,",DE INVIERNO
si se comen mi carne los lobos,DE INVIERNO
no podré robarles la mitad.,DE INVIERNO
Dios es empleado en un mostrador,DE INVIERNO
da para recibir,DE INVIERNO
"Quién me dará un crédito, mi Señor?",DE INVIERNO
solo se sonreír.,DE INVIERNO
"Y tal vez esperé demasiado,",DE INVIERNO
quisiera que estuviera aquí,DE INVIERNO
cerrarán la puerta de éste infierno,DE INVIERNO
y es posible que me quiera ir.,DE INVIERNO
Conseguí licor y me emborraché,DE INVIERNO
en el baño de un bar.,DE INVIERNO
Fui a dar a la calle de un puntapié,DE INVIERNO
y me sentí muy mal.,DE INVIERNO
Y si bien yo nunca había bebido,DE INVIERNO
"en la cárcel tuve que acabar,",DE INVIERNO
"la fianza la pagó un amigo,",DE INVIERNO
las heridas son del oficial.,DE INVIERNO
Hace cuatro años que estoy aquí,DE INVIERNO
y no quiero salir.,DE INVIERNO
Ya no paso frío y soy feliz,DE INVIERNO
mi cuarto da al jardín.,DE INVIERNO
Y aunque a veces me acuerdo de ella,DE INVIERNO
(dibujé su cara en la pared),DE INVIERNO
solamente muero los domingos,DE INVIERNO
y los lunes ya me siento bien...,DE INVIERNO
"Como mata el viento norte,",MATA EL VIENTO NORTE
"cuando agosto está en el día,",MATA EL VIENTO NORTE
y el espacio de estos cuerpos,MATA EL VIENTO NORTE
ilumina,MATA EL VIENTO NORTE
"Un mendigo muestra joyas,",MATA EL VIENTO NORTE
a los ciegos de la esquina,MATA EL VIENTO NORTE
y un cachorro del señor,MATA EL VIENTO NORTE
nos alucina,MATA EL VIENTO NORTE
"Háblame sólo,",MATA EL VIENTO NORTE
de nubes y sol,MATA EL VIENTO NORTE
"no quiero saber nada,",MATA EL VIENTO NORTE
con la miseria del mundo hoy,MATA EL VIENTO NORTE
"Y es un buen día,",MATA EL VIENTO NORTE
hay algo de paz.,MATA EL VIENTO NORTE
la Tierra es nuestra hermana,MATA EL VIENTO NORTE
"Marte no cede,",MATA EL VIENTO NORTE
"al poder del sol,",MATA EL VIENTO NORTE
"Venus nos enamora,",MATA EL VIENTO NORTE
la luna sabe de su atracción,MATA EL VIENTO NORTE
"Mientras nosotros,",MATA EL VIENTO NORTE
"morimos aquí,",MATA EL VIENTO NORTE
"con los ojos cerrados,",MATA EL VIENTO NORTE
no vemos más que nuestra nariz,MATA EL VIENTO NORTE
"Como mata el viento norte,",MATA EL VIENTO NORTE
"cuando agosto está en el día,",MATA EL VIENTO NORTE
y el espacio de estos cuerpos,MATA EL VIENTO NORTE
ilumina,MATA EL VIENTO NORTE
Señor noche,MATA EL VIENTO NORTE
"sé mi cuna,",MATA EL VIENTO NORTE
sé mi día,MATA EL VIENTO NORTE
"Mi pequeña almita baila de alegría,",MATA EL VIENTO NORTE
"de alegría,",MATA EL VIENTO NORTE
de alegría,MATA EL VIENTO NORTE
Quiero contarles una buena historia,4PEPERINA
la de una chica que vivió la euforia,4PEPERINA
de ser parte del rock,4PEPERINA
tomando té de peperina.,4PEPERINA
Típicamente mente pueblerina,4PEPERINA
no tenía huevos para la oficina,4PEPERINA
subterráneo lugar de rutinaria ideología.,4PEPERINA
Romántica entonaba los poemas más brillantes,4PEPERINA
susurrando al oído de mil representantes:,4PEPERINA
"te amo, te odio, dame más.",4PEPERINA
Mirando al campo se olvidó del hombre,4PEPERINA
mirando al rico se vistió de pobre,4PEPERINA
para poder saber lo que chusmeaban las vecinas.,4PEPERINA
En su cabeza lleva una bandera,4PEPERINA
ella no quiere ser como cualquiera,4PEPERINA
ella adora mostrar la paja de la cara ajena,4PEPERINA
"Y dentro de su cuento ella era cenicienta,",4PEPERINA
su príncipe era un hippie de los años sesenta,4PEPERINA
"te amo, te odio, dame más.",4PEPERINA
"Trabaja en los recitales,",4PEPERINA
vive escribiendo postales,4PEPERINA
duerme con los visitantes,4PEPERINA
y juega con los locales,4PEPERINA
su cuerpo tiene pegada,4PEPERINA
grasa de las capitales.,4PEPERINA
"Te amo, te odio, dame más",4PEPERINA
"Te amo, te odio, dame más.",4PEPERINA
"Te amo, te odio, dame más.",4PEPERINA
"Quién sabe Alicia, este país",DE ALICIA EN EL PAÍS
no estuvo hecho porque sí,DE ALICIA EN EL PAÍS
"Te vas a ir, vas a salir",DE ALICIA EN EL PAÍS
"pero te quedas,",DE ALICIA EN EL PAÍS
¿dónde más vas a ir?,DE ALICIA EN EL PAÍS
"Y es que aquí, sabés",DE ALICIA EN EL PAÍS
"el trabalenguas, trabalenguas",DE ALICIA EN EL PAÍS
el asesino te asesina,DE ALICIA EN EL PAÍS
y es mucho para ti,DE ALICIA EN EL PAÍS
Se acabó ese juego que te hacía feliz,DE ALICIA EN EL PAÍS
"No cuentes lo que viste en los jardines,",DE ALICIA EN EL PAÍS
el sueño acabó,DE ALICIA EN EL PAÍS
ya no hay morsas ni tortugas,DE ALICIA EN EL PAÍS
Un río de cabezas aplastadas,DE ALICIA EN EL PAÍS
por el mismo pie,DE ALICIA EN EL PAÍS
juegan cricket,DE ALICIA EN EL PAÍS
bajo la luna,DE ALICIA EN EL PAÍS
"Estamos en la tierra de nadie,",DE ALICIA EN EL PAÍS
pero es mía,DE ALICIA EN EL PAÍS
"los inocentes son los culpables,",DE ALICIA EN EL PAÍS
"dice su señoría,",DE ALICIA EN EL PAÍS
el rey de espadas,DE ALICIA EN EL PAÍS
No cuentes que hay,DE ALICIA EN EL PAÍS
"detrás de aquel espejo,",DE ALICIA EN EL PAÍS
no tendrás poder,DE ALICIA EN EL PAÍS
"ni abogados, ni testigos",DE ALICIA EN EL PAÍS
Enciende los candiles,DE ALICIA EN EL PAÍS
que los brujos piensan en volver,DE ALICIA EN EL PAÍS
a nublarnos el camino,DE ALICIA EN EL PAÍS
"Estamos en la tierra de todos,",DE ALICIA EN EL PAÍS
en la mía,DE ALICIA EN EL PAÍS
"sobre el pasado y sobre el futuro,",DE ALICIA EN EL PAÍS
"ruinas sobre ruinas,",DE ALICIA EN EL PAÍS
querida Alicia,DE ALICIA EN EL PAÍS
"Quién sabe Alicia, este país",DE ALICIA EN EL PAÍS
no estuvo hecho porque sí,DE ALICIA EN EL PAÍS
"te vas a ir, vas a salir",DE ALICIA EN EL PAÍS
"pero te quedas,",DE ALICIA EN EL PAÍS
¿dónde más vas a ir?,DE ALICIA EN EL PAÍS
"Y es que aquí, sabés",DE ALICIA EN EL PAÍS
"el trabalenguas, trabalenguas",DE ALICIA EN EL PAÍS
"el asesino, te asesina",DE ALICIA EN EL PAÍS
y es mucho para ti,DE ALICIA EN EL PAÍS
Se acabó,DE ALICIA EN EL PAÍS
se acabó ese,DE ALICIA EN EL PAÍS
se acabó ese juego,DE ALICIA EN EL PAÍS
se acabó ese juego,DE ALICIA EN EL PAÍS
que te hacía feliz...,DE ALICIA EN EL PAÍS
Tu amor te espera,"LLORES POR MÍ, ARGENTINA"
no esperes más.,"LLORES POR MÍ, ARGENTINA"
en qué perdiste tanto tiempo?,"LLORES POR MÍ, ARGENTINA"
indecisa al hablar,"LLORES POR MÍ, ARGENTINA"
tan dura como Humpfrey Bogart,"LLORES POR MÍ, ARGENTINA"
Entre lujurias y represión,"LLORES POR MÍ, ARGENTINA"
bailaste los discos de moda,"LLORES POR MÍ, ARGENTINA"
y era tu diversión,"LLORES POR MÍ, ARGENTINA"
burlarte de los ilusionistas.,"LLORES POR MÍ, ARGENTINA"
No llores por las heridas,"LLORES POR MÍ, ARGENTINA"
que no paran de sangrar.,"LLORES POR MÍ, ARGENTINA"
"no llores por mí, Argentina","LLORES POR MÍ, ARGENTINA"
te quiero cada días más.,"LLORES POR MÍ, ARGENTINA"
Estás enferma de frustración,"LLORES POR MÍ, ARGENTINA"
y en tu locura no hay acuerdo.,"LLORES POR MÍ, ARGENTINA"
una hiena al reír,"LLORES POR MÍ, ARGENTINA"
pero al almuerzo con los cerdos.,"LLORES POR MÍ, ARGENTINA"
Si las estrellas de cabaret,"LLORES POR MÍ, ARGENTINA"
se ríen de tus movimientos,"LLORES POR MÍ, ARGENTINA"
no es preciso mentir,"LLORES POR MÍ, ARGENTINA"
la mierda que hay en tus pensamientos,"LLORES POR MÍ, ARGENTINA"
No llores por las heridas,"LLORES POR MÍ, ARGENTINA"
que no paran de sangrar.,"LLORES POR MÍ, ARGENTINA"
"no llores por mí, Argentina","LLORES POR MÍ, ARGENTINA"
"te quiero cada día,","LLORES POR MÍ, ARGENTINA"
te quiero cada día más.,"LLORES POR MÍ, ARGENTINA"
Alguien se quiere ir.,"LLORES POR MÍ, ARGENTINA"
alguien quiere volver,"LLORES POR MÍ, ARGENTINA"
alguien que está atrapado,"LLORES POR MÍ, ARGENTINA"
en el medio de un recuerdo.,"LLORES POR MÍ, ARGENTINA"
Esto yo ya lo vi,"LLORES POR MÍ, ARGENTINA"
esto ya lo escuché,"LLORES POR MÍ, ARGENTINA"
ella no quiere ser amiga,"LLORES POR MÍ, ARGENTINA"
de un chico de este pueblo.,"LLORES POR MÍ, ARGENTINA"
No llores por las heridas,"LLORES POR MÍ, ARGENTINA"
que no paran de sangrar.,"LLORES POR MÍ, ARGENTINA"
"no llores por mí, Argentina","LLORES POR MÍ, ARGENTINA"
"te quiero cada día,","LLORES POR MÍ, ARGENTINA"
te quiero cada día más.,"LLORES POR MÍ, ARGENTINA"
Podés pasear en limousine,DE LA CAMA AL LIVING
cortar las flores del jardín,DE LA CAMA AL LIVING
podés cambiar el sol,DE LA CAMA AL LIVING
y esconderte si no quieres verme.,DE LA CAMA AL LIVING
Puedes ver amanecer,DE LA CAMA AL LIVING
con caviar desde un hotel,DE LA CAMA AL LIVING
y no tienes un poquito de amor para dar.,DE LA CAMA AL LIVING
Yendo de la cama al living,DE LA CAMA AL LIVING
sientes el encierro,DE LA CAMA AL LIVING
yendo de la cama al living.,DE LA CAMA AL LIVING
Podés saltar de un trampolín,DE LA CAMA AL LIVING
batir un record en patín,DE LA CAMA AL LIVING
"podés hacer un gol,",DE LA CAMA AL LIVING
podés llevar tu luna al cielo,DE LA CAMA AL LIVING
Puedes ser un gran campeón,DE LA CAMA AL LIVING
jugar en la selección,DE LA CAMA AL LIVING
y no tienes un poquito de amor para dar.,DE LA CAMA AL LIVING
Yendo de la cama al living,DE LA CAMA AL LIVING
sientes el encierro,DE LA CAMA AL LIVING
yendo de la cama al living.,DE LA CAMA AL LIVING
Oh no no no,DE LA CAMA AL LIVING
no hay ninguna vibración,DE LA CAMA AL LIVING
aunque vives en el mundo de cine,DE LA CAMA AL LIVING
no hay señales de algo que vive en mí.,DE LA CAMA AL LIVING
Voy yendo de la cama al living,DE LA CAMA AL LIVING
sientes el encierro,DE LA CAMA AL LIVING
voy yendo de la cama al living.,DE LA CAMA AL LIVING
No bombardeen Buenos Aires,BOMBARDEEN BUENOS AIRES
no nos podemos defender.,BOMBARDEEN BUENOS AIRES
Los pibes de mi barrio,BOMBARDEEN BUENOS AIRES
se escondieron en los caños,BOMBARDEEN BUENOS AIRES
espían al cielo,BOMBARDEEN BUENOS AIRES
"usan cascos, curten mambos",BOMBARDEEN BUENOS AIRES
escuchando a Clash.,BOMBARDEEN BUENOS AIRES
Estoy temiendo al rubio ahora,BOMBARDEEN BUENOS AIRES
no se a quién temeré después.,BOMBARDEEN BUENOS AIRES
Terror y desconfianza por los juegos,BOMBARDEEN BUENOS AIRES
"por las transas, por las canas",BOMBARDEEN BUENOS AIRES
"por las panzas, por las ansias",BOMBARDEEN BUENOS AIRES
por las rancias cunas de poder,BOMBARDEEN BUENOS AIRES
cunas de poder,BOMBARDEEN BUENOS AIRES
Si querés escucharé a la B.B.C.,BOMBARDEEN BUENOS AIRES
aunque quieras que lo hagamos de noche,BOMBARDEEN BUENOS AIRES
"y si quieres darme un beso alguna vez,",BOMBARDEEN BUENOS AIRES
es posible que me suba a tu coche.,BOMBARDEEN BUENOS AIRES
Pero no bombardeen Busnos Aires.,BOMBARDEEN BUENOS AIRES
No quiero el mundo de Cinzano,BOMBARDEEN BUENOS AIRES
no tengo que perder la fe,BOMBARDEEN BUENOS AIRES
quiero treparte pero no pasa nada,BOMBARDEEN BUENOS AIRES
ni siquiera puedo comerme un bife y sentirme bien.,BOMBARDEEN BUENOS AIRES
Los ghurkas siguen avanzando,BOMBARDEEN BUENOS AIRES
los viejos siguen en T.V.,BOMBARDEEN BUENOS AIRES
los jefes de los chicos,BOMBARDEEN BUENOS AIRES
toman whisky con los ricos,BOMBARDEEN BUENOS AIRES
mientras los obreros hacen masa,BOMBARDEEN BUENOS AIRES
en la Plaza como aquella vez,BOMBARDEEN BUENOS AIRES
como aquella vez,BOMBARDEEN BUENOS AIRES
Si querés escucharé a la B.B.C.,BOMBARDEEN BUENOS AIRES
aunque quieras que lo hagamos de noche,BOMBARDEEN BUENOS AIRES
"y si quieres darme un beso alguna vez,",BOMBARDEEN BUENOS AIRES
es posible que me suba a tu coche.,BOMBARDEEN BUENOS AIRES
Pero no bombardeen Barrio Norte!,BOMBARDEEN BUENOS AIRES
Yo no quiero volverme tan loco,NO QUIERO VOLVERME TAN LOCO
yo no quiero vestirme de rojo,NO QUIERO VOLVERME TAN LOCO
yo no quiero morir en el mundo hoy,NO QUIERO VOLVERME TAN LOCO
Yo no quiero ya verte tan triste,NO QUIERO VOLVERME TAN LOCO
yo no quiero saber lo que hiciste,NO QUIERO VOLVERME TAN LOCO
yo no quiero esta pena en mi corazón,NO QUIERO VOLVERME TAN LOCO
Escucho el beat de un tambor,NO QUIERO VOLVERME TAN LOCO
entre la desolación,NO QUIERO VOLVERME TAN LOCO
y una radio en una calle desierta,NO QUIERO VOLVERME TAN LOCO
Están las puertas cerradas,NO QUIERO VOLVERME TAN LOCO
y las ventanas también,NO QUIERO VOLVERME TAN LOCO
no será que nuestra gente está muerta?,NO QUIERO VOLVERME TAN LOCO
Presiento el fin de un amor,NO QUIERO VOLVERME TAN LOCO
en la era del color,NO QUIERO VOLVERME TAN LOCO
la televisión esta en las vidrieras,NO QUIERO VOLVERME TAN LOCO
Toda esa gente parada,NO QUIERO VOLVERME TAN LOCO
que tiene grasa en la piel,NO QUIERO VOLVERME TAN LOCO
no se entera ni que el mundo da vueltas,NO QUIERO VOLVERME TAN LOCO
Yo no quiero meterme en problemas,NO QUIERO VOLVERME TAN LOCO
yo no quiero asuntos que queman,NO QUIERO VOLVERME TAN LOCO
yo tan solo les digo que es un bajón,NO QUIERO VOLVERME TAN LOCO
Yo no quiero sembrar la anarquía,NO QUIERO VOLVERME TAN LOCO
yo no quiero vivir como digan,NO QUIERO VOLVERME TAN LOCO
tengo algo que late en mi corazón,NO QUIERO VOLVERME TAN LOCO
Escucho un tango y un rock,NO QUIERO VOLVERME TAN LOCO
y presiento que soy yo,NO QUIERO VOLVERME TAN LOCO
y quisiera ver al mundo de fiesta,NO QUIERO VOLVERME TAN LOCO
Veo tantas chicas castradas,NO QUIERO VOLVERME TAN LOCO
y tantos tontos que al fin,NO QUIERO VOLVERME TAN LOCO
yo no sé si vivir dando respuesta,NO QUIERO VOLVERME TAN LOCO
Yo quiero ver muchos más,NO QUIERO VOLVERME TAN LOCO
delirantes por ahí,NO QUIERO VOLVERME TAN LOCO
bailando en una calle cualquiera,NO QUIERO VOLVERME TAN LOCO
En Buenos Aires se ve,NO QUIERO VOLVERME TAN LOCO
que ya no hay tiempo de más,NO QUIERO VOLVERME TAN LOCO
la alegría no es solo brasilera,NO QUIERO VOLVERME TAN LOCO
no mi amor,NO QUIERO VOLVERME TAN LOCO
Yo no quiero vivir paranoico,NO QUIERO VOLVERME TAN LOCO
yo no quiero ver chicos con odio,NO QUIERO VOLVERME TAN LOCO
yo no quiero sentir esta depresión,NO QUIERO VOLVERME TAN LOCO
Voy buscando el placer de estar vivo,NO QUIERO VOLVERME TAN LOCO
no me importa si soy un bandido,NO QUIERO VOLVERME TAN LOCO
voy pateando basura en el callejón,NO QUIERO VOLVERME TAN LOCO
Yo no quiero volverme tan loco,NO QUIERO VOLVERME TAN LOCO
yo no quiero vestirme de rojo,NO QUIERO VOLVERME TAN LOCO
yo no quiero morir en el mundo hoy,NO QUIERO VOLVERME TAN LOCO
Yo no quiero ya verte tan triste,NO QUIERO VOLVERME TAN LOCO
yo no quiero saber lo que hiciste,NO QUIERO VOLVERME TAN LOCO
yo no quiero esta pena en mi corazón,NO QUIERO VOLVERME TAN LOCO
"Nace una flor, todos los días sale el sol",COLECTIVO
de vez en cuando escuchas aquella voz.,COLECTIVO
"Cómo de pan, gustosa de cantar,",COLECTIVO
en los aleros de mi mente con las chicharras.,COLECTIVO
Pero a la vez existe un transformador,COLECTIVO
que te consume lo mejor que tenés,COLECTIVO
"te tira atrás, te pide más y más",COLECTIVO
y llega un punto en que no querés.,COLECTIVO
"Mamá la libertad, siempre la llevarás",COLECTIVO
dentro del corazón,COLECTIVO
te pueden corromper,COLECTIVO
te puedes olvidar,COLECTIVO
pero ella siempre está,COLECTIVO
"Mamá la libertad, siempre la llevarás",COLECTIVO
dentro del corazón,COLECTIVO
te pueden corromper,COLECTIVO
te puedes olvidar,COLECTIVO
pero ella siempre está,COLECTIVO
"Ayer soñé con los hambrientos, los locos,",COLECTIVO
"los que se fueron, los que están en prisión",COLECTIVO
hoy desperté cantando esta canción,COLECTIVO
que ya fue escrita hace tiempo atrás.,COLECTIVO
"Es necesario cantar de nuevo,",COLECTIVO
una vez más.,COLECTIVO
"Mamá la libertad, siempre la llevarás",COLECTIVO
dentro del corazón,COLECTIVO
te pueden corromper,COLECTIVO
te puedes olvidar,COLECTIVO
pero ella siempre está,COLECTIVO
"Mamá la libertad, siempre la llevarás",COLECTIVO
dentro del corazón,COLECTIVO
te pueden corromper,COLECTIVO
te puedes olvidar,COLECTIVO
pero ella siempre está.,COLECTIVO
No le debo nada a Entel,TELEFÓNICA
me cuido la nariz,TELEFÓNICA
el silencio termina mañana,TELEFÓNICA
me voy a desvestir.,TELEFÓNICA
El tiempo que yo soñé,TELEFÓNICA
"es la eternidad, es la dulce fe",TELEFÓNICA
de que sigas conmigo por siempre,TELEFÓNICA
por siempre por aquí.,TELEFÓNICA
Y cuando encuentro un amigo,TELEFÓNICA
"lo tengo que buscar,",TELEFÓNICA
y voy al supermercado,TELEFÓNICA
buscando un capataz.,TELEFÓNICA
El sueño que yo soñé,TELEFÓNICA
es la humanidad,TELEFÓNICA
es la humanidad,TELEFÓNICA
el poeta tenía razón,TELEFÓNICA
la balsa hay que tomar.,TELEFÓNICA
"Córtenla, déjenos vivir en paz,",TELEFÓNICA
"sáquenla, sáquenla un poquito,",TELEFÓNICA
sáquenla un poquito.,TELEFÓNICA
Cuando vuelvo a mi casa temprano,TELEFÓNICA
me tengo que tomar,TELEFÓNICA
un litro de vino prestado,TELEFÓNICA
que no pienso pagar.,TELEFÓNICA
"El día que estoy aquí,",TELEFÓNICA
"ese amanecer, es dónde querer",TELEFÓNICA
y mirar tus ojos en naves,TELEFÓNICA
viajando hacia mí.,TELEFÓNICA
"Teléfono, tiráte ya del trampolín.",TELEFÓNICA
"Papelón, sacáte la gomina,",TELEFÓNICA
pelá la brillantina.,TELEFÓNICA
Ya no tengo monedas de nylon,TELEFÓNICA
perdí mi peluquín.,TELEFÓNICA
Me sigo pavimentando,TELEFÓNICA
y llegaré hasta el fin,TELEFÓNICA
"Alegría, quiero ver tu foto en los diarios",TELEFÓNICA
riéndote por qué.,TELEFÓNICA
Estás buscando direcciones,12SUPERHÉROES
en libros para cocinar,12SUPERHÉROES
estás mezclando,12SUPERHÉROES
el dulce con la sal.,12SUPERHÉROES
Vas procurando informaciones,12SUPERHÉROES
en unas cajas de metal,12SUPERHÉROES
estás comprando,12SUPERHÉROES
al mundo en un bazar.,12SUPERHÉROES
"Mirando superhéroes, superstars",12SUPERHÉROES
"te sientes superloca, supermal.",12SUPERHÉROES
Veo las sirvientas en la plaza,12SUPERHÉROES
vestidas para enamorar,12SUPERHÉROES
viviendo cien años de soledad.,12SUPERHÉROES
"No pasa nada, nadie pasa",12SUPERHÉROES
sólo una banda militar,12SUPERHÉROES
desafinando el tiempo y el compás.,12SUPERHÉROES
Y entonces mírame a mí,12SUPERHÉROES
tratando que se muevan éstos pies,12SUPERHÉROES
"bajo la luz, tocando hasta el amanecer.",12SUPERHÉROES
No te quedés en casa,12SUPERHÉROES
porque el baile va a empezar,12SUPERHÉROES
"quiero verte, verte otra vez.",12SUPERHÉROES
Hay un horrible monstruo con peluca,12SUPERHÉROES
que es dueño en parte de esta ciudad de locos.,12SUPERHÉROES
Hace que baila con la banda en la ruta,12SUPERHÉROES
pero en verdad les roba el oro,12SUPERHÉROES
y les da unas prostitutas.,12SUPERHÉROES
Estás limpiando las cenizas,12SUPERHÉROES
de nuestro breve carnaval,12SUPERHÉROES
ya estamos en camino a otra ciudad.,12SUPERHÉROES
Ya ves no somos ni turistas ni artistas,12SUPERHÉROES
de sonrisa y frac,12SUPERHÉROES
formamos parte de tu realidad,12SUPERHÉROES
Y entonces mírame a mí,12SUPERHÉROES
tratando que se muevan éstos pies,12SUPERHÉROES
"bajo la luz, tocando hasta el amanecer.",12SUPERHÉROES
No te quedés en casa,12SUPERHÉROES
porque el baile va a empezar,12SUPERHÉROES
"quiero verte, verte otra vez.",12SUPERHÉROES
Los amigos del barrio pueden desaparecer,DINOSAURIOS
los cantores de radio pueden desaparecer,DINOSAURIOS
los que están en los diarios pueden desaparecer,DINOSAURIOS
la persona que amas puede desaparecer.,DINOSAURIOS
Los que están en el aire,DINOSAURIOS
pueden desaparecer en el aire,DINOSAURIOS
los que están en la calle,DINOSAURIOS
pueden desaparecer en la calle.,DINOSAURIOS
"Los amigos del barrio pueden desaparecer,",DINOSAURIOS
pero los dinosaurios van a desaparecer.,DINOSAURIOS
"No estoy tranquilo mi amor,",DINOSAURIOS
"hoy es sábado a la noche,",DINOSAURIOS
un amigo está en cana.,DINOSAURIOS
Oh mi amor,DINOSAURIOS
desaparece el mundo,DINOSAURIOS
Si los pesados mi amor llevan,DINOSAURIOS
todo ese montón de equipajes en la mano,DINOSAURIOS
oh mi amor yo quiero estar liviano.,DINOSAURIOS
Cuando el mundo tira para abajo,DINOSAURIOS
yo no quiero estar atado a nada,DINOSAURIOS
imaginen a los dinosaurios en la cama,DINOSAURIOS
Cuando el mundo tira para abajo,DINOSAURIOS
yo no quiero estar atado a nada,DINOSAURIOS
imaginen a los dinosaurios en la cama,DINOSAURIOS
Los amigos del barrio,DINOSAURIOS
pueden desaparecer,DINOSAURIOS
los cantores de radio,DINOSAURIOS
pueden desaparecer,DINOSAURIOS
los que están en los diarios,DINOSAURIOS
pueden desaparecer,DINOSAURIOS
la persona que amas,DINOSAURIOS
puede desaparecer.,DINOSAURIOS
Los que están en el aire,DINOSAURIOS
pueden desaparecer en el aire,DINOSAURIOS
los que están en la calle,DINOSAURIOS
pueden desaparecer en la calle.,DINOSAURIOS
Los amigos del barrio,DINOSAURIOS
"pueden desaparecer,",DINOSAURIOS
pero los dinosaurios,DINOSAURIOS
van a desaparecer.,DINOSAURIOS
"Ella es menor, él es normal",SIGUEN PEGANDO ABAJO (PECADO MORTAL)
y lo que están haciendo es un pecado mortal,SIGUEN PEGANDO ABAJO (PECADO MORTAL)
ella se quedó sin boda ni arroz,SIGUEN PEGANDO ABAJO (PECADO MORTAL)
y al novio lo agarraron entre muchos más que dos.,SIGUEN PEGANDO ABAJO (PECADO MORTAL)
Miren lo están golpeando todo el tiempo,SIGUEN PEGANDO ABAJO (PECADO MORTAL)
"lo vuelven, vuelven a golpear",SIGUEN PEGANDO ABAJO (PECADO MORTAL)
nos siguen pegando abajo.,SIGUEN PEGANDO ABAJO (PECADO MORTAL)
Yo estaba en un club,SIGUEN PEGANDO ABAJO (PECADO MORTAL)
no había casi luz,SIGUEN PEGANDO ABAJO (PECADO MORTAL)
la puerta de salida tenía un farolito azul.,SIGUEN PEGANDO ABAJO (PECADO MORTAL)
El se desmayó delante de mí,SIGUEN PEGANDO ABAJO (PECADO MORTAL)
no fueron las pastillas,SIGUEN PEGANDO ABAJO (PECADO MORTAL)
fueron los hombres de gris,SIGUEN PEGANDO ABAJO (PECADO MORTAL)
Miren lo están golpeando todo el tiempo,SIGUEN PEGANDO ABAJO (PECADO MORTAL)
"lo vuelven, vuelven a golpear",SIGUEN PEGANDO ABAJO (PECADO MORTAL)
nos siguen pegando abajo.,SIGUEN PEGANDO ABAJO (PECADO MORTAL)
Estoy yéndome,SIGUEN PEGANDO ABAJO (PECADO MORTAL)
soy como una luz apagándose,SIGUEN PEGANDO ABAJO (PECADO MORTAL)
"desde el piso los pude ver,",SIGUEN PEGANDO ABAJO (PECADO MORTAL)
locos de placer alejándose,SIGUEN PEGANDO ABAJO (PECADO MORTAL)
Miren lo están golpeando todo el tiempo,SIGUEN PEGANDO ABAJO (PECADO MORTAL)
"lo vuelven, vuelven a golpear",SIGUEN PEGANDO ABAJO (PECADO MORTAL)
nos siguen pegando abajo.,SIGUEN PEGANDO ABAJO (PECADO MORTAL)
"Estoy verde, no me dejan salir.",ME DEJAN SALIR
"estoy verde, no me dejan salir.",ME DEJAN SALIR
"No puedo largar, no puedo salir",ME DEJAN SALIR
no puedo sentir amor a este sentimiento,ME DEJAN SALIR
tengo que volverte a ver.,ME DEJAN SALIR
Tengo que volverte a ver,ME DEJAN SALIR
no puedo salir,ME DEJAN SALIR
por amor a este sentimiento.,ME DEJAN SALIR
"Estoy verde, no me dejan salir",ME DEJAN SALIR
"estoy verde, no me dejan salir.",ME DEJAN SALIR
"No puedo pensar, no puedo vivir",ME DEJAN SALIR
no puedo pensar si amor es un pensamiento,ME DEJAN SALIR
tengo que volverte a ver.,ME DEJAN SALIR
Tengo que volverte a ver,ME DEJAN SALIR
"no puedo perder, por amor a ese sentimiento.",ME DEJAN SALIR
Tengo que confiar en mi amor,ME DEJAN SALIR
tengo que confiar en mi sentimiento,ME DEJAN SALIR
tengo que confiar en mi amor,ME DEJAN SALIR
tengo que confiar en mi sentimiento.,ME DEJAN SALIR
Ya no sirve vivir para sufrir,ME DEJAN SALIR
"te das cuenta, sacate el mocasín.",ME DEJAN SALIR
"No puedo calmar, no puedo parir",ME DEJAN SALIR
no puedo esperar mil años que cambie el viento,ME DEJAN SALIR
tengo que volverte a ver.,ME DEJAN SALIR
Tengo que volverte a ver,ME DEJAN SALIR
"no puedo perder, por amor a ese sentimiento",ME DEJAN SALIR
Tengo que confiar en mi amor,ME DEJAN SALIR
tengo que confiar en mi sentimiento.,ME DEJAN SALIR
El se cansó de hacer canciones de protesta,CERO UNO (TRANSAS)
y se vendió a Fiorucci.,CERO UNO (TRANSAS)
El se cansó de andar haciendo apuestas,CERO UNO (TRANSAS)
y se puso a estudiar.,CERO UNO (TRANSAS)
un día se cortará el pelo,CERO UNO (TRANSAS)
no creo que pueda dejar de fumar.,CERO UNO (TRANSAS)
"Anda bolado,",CERO UNO (TRANSAS)
"hace un poco de base,",CERO UNO (TRANSAS)
pero no le va mal.,CERO UNO (TRANSAS)
"No se alquiló ni un guardaespaldas negro,",CERO UNO (TRANSAS)
"no era Lennon ni Rucci,",CERO UNO (TRANSAS)
Se preguntó por qué,CERO UNO (TRANSAS)
"sus hijos nunca lo invitaban al bar,",CERO UNO (TRANSAS)
un día volverá a las fuentes.,CERO UNO (TRANSAS)
No creo que pueda dejar de protestar.,CERO UNO (TRANSAS)
"Anda preocupado,",CERO UNO (TRANSAS)
perdió algo de fama,CERO UNO (TRANSAS)
pero no le va mal.,CERO UNO (TRANSAS)
Transas.,CERO UNO (TRANSAS)
Están pasando demasiadas cosas raras,ESE DEFECTO
para que todo pueda seguir tan normal.,ESE DEFECTO
Desconfío de tu cara de informado,ESE DEFECTO
y de tu instinto de supervivencia.,ESE DEFECTO
Hace tiempo que no leo ni veo nada,ESE DEFECTO
porque me ofende que todo esté tan mal.,ESE DEFECTO
Y hasta las personas lindas me dan rabia,ESE DEFECTO
y los chicos y las chicas no hacen nada por cambiar.,ESE DEFECTO
Porque algún día se va a abrir esta trampa mortal,ESE DEFECTO
pero hasta entonces llevarás en tu cara una sombra.,ESE DEFECTO
Y yo te digo eh,ESE DEFECTO
bancate ese defecto,ESE DEFECTO
no es culpa tuya si la nariz no hace juego en tu cara.,ESE DEFECTO
Y yo te digo eh,ESE DEFECTO
bancate ese defecto,ESE DEFECTO
aunque te arregles las gomas nena,ESE DEFECTO
seguirás siendo rara.,ESE DEFECTO
"Mutilados, desnutridos,",ESE DEFECTO
"ojo de vidrio, muestra tu cicatriz",ESE DEFECTO
"marineros, maricones, embolsados,",ESE DEFECTO
bailan la danza de la inteligencia.,ESE DEFECTO
Están pasando demasiadas cosas raras,ESE DEFECTO
para que todo pueda seguir tan normal,ESE DEFECTO
Todo el mundo me conoce por la cara,ESE DEFECTO
todo el mundo se da cuenta por la forma de bailar.,ESE DEFECTO
Y yo te digo eh,ESE DEFECTO
bancate ese defecto,ESE DEFECTO
no es culpa tuya si la nariz no hace juego en tu cara.,ESE DEFECTO
Y yo te digo eh,ESE DEFECTO
bancate ese defecto,ESE DEFECTO
aunque te arregles las gomas nena,ESE DEFECTO
seguirás siendo rara.,ESE DEFECTO
Nunca Podrás amarme,MUERTAS
vivo sólo en la T.V.,MUERTAS
Nunca podré decirte cómo es,MUERTAS
nunca podrás tocarme,MUERTAS
sólo verme en un papel,MUERTAS
no dejes de mirarme,MUERTAS
en la pared.,MUERTAS
Yo nací para ti,MUERTAS
soy de Puerto Rico,MUERTAS
Te daré un surubí,MUERTAS
soy un rico tipo siempre,MUERTAS
y vos sos tan virgen para mi,MUERTAS
frotándote las piernas,MUERTAS
llorando en la capilla,MUERTAS
un amor de chicas muertas.,MUERTAS
Como quisiera escribir algo positivo,ODIARME
que me sintiera un poco mejor conmigo,ODIARME
como quisiera no ser mi peor enemigo,ODIARME
"no decir lo que me digo, no vivir este castigo",ODIARME
Odio mis brazos y odio mi abdomen,ODIARME
odio varias de mis canciones,ODIARME
odio lo mucho que todo me importa,ODIARME
y las arrugas junto a mi boca,ODIARME
odio que nunca estoy satisfecha,ODIARME
odio querer siempre ser perfecta,ODIARME
"odio odiarme, odio odiarme",ODIARME
Odio ver mi reflejo cuando camino,ODIARME
odio como me queda este vestido,ODIARME
odio que me miren mientras me río,ODIARME
odio que mi cuerpo sea mío,ODIARME
y escribí 500 afirmaciones,ODIARME
quise pelear con mis emociones,ODIARME
"pero nada cambia, todo sigue igual",ODIARME
creo que solo hace que me odie más,ODIARME
Odio mis brazos y odio mi abdomen,ODIARME
odio varias de mis canciones,ODIARME
odio lo mucho que todo me importa,ODIARME
y las arrugas junto a mi boca,ODIARME
odio que nunca estoy satisfecha,ODIARME
odio querer siempre ser perfecta,ODIARME
"odio odiarme, odio odiarme",ODIARME
Odio mis dientes y odio mi pelo,ODIARME
odio que todo me da celos,ODIARME
odio pensar que siempre hay algo roto,ODIARME
odio como salgo en las fotos,ODIARME
odio no poder estar tranquila,ODIARME
odio sentir que todos me miran,ODIARME
"odio odiarme, odio odiarme",ODIARME
"Podés pasear en limousine,",DE LA CAMA AL LIVING
"cortar las flores del jardín,",DE LA CAMA AL LIVING
podés cambiar el sol,DE LA CAMA AL LIVING
y esconderte si no quieres verme.,DE LA CAMA AL LIVING
Puedes ver amanecer,DE LA CAMA AL LIVING
"con caviar desde un hotel,",DE LA CAMA AL LIVING
y no tienes un poquito,DE LA CAMA AL LIVING
de amor para dar.,DE LA CAMA AL LIVING
Yendo de la cama al living,DE LA CAMA AL LIVING
"sientes el encierro,",DE LA CAMA AL LIVING
yendo de la cama al living.,DE LA CAMA AL LIVING
Podés saltar de un trampolín,DE LA CAMA AL LIVING
batir un record en patín,DE LA CAMA AL LIVING
"podés hacer un gol,",DE LA CAMA AL LIVING
podés llevar tu luna al cielo.,DE LA CAMA AL LIVING
"puedes ser un gran campeón,",DE LA CAMA AL LIVING
"jugar en la Selección,",DE LA CAMA AL LIVING
y no tienes un poquito,DE LA CAMA AL LIVING
de amor para dar.,DE LA CAMA AL LIVING
Yendo de la cama al living,DE LA CAMA AL LIVING
"sientes el encierro,",DE LA CAMA AL LIVING
yendo de la cama al living.,DE LA CAMA AL LIVING
"Oh, no, no, no,",DE LA CAMA AL LIVING
"no hay ninguna vibración,",DE LA CAMA AL LIVING
aunque vives en el mundo de cine,DE LA CAMA AL LIVING
no hay señales de algo que vive en mí.,DE LA CAMA AL LIVING
"Voy yendo de la cama al living,",DE LA CAMA AL LIVING
"sientes el encierro,",DE LA CAMA AL LIVING
voy yendo de la cama al living.,DE LA CAMA AL LIVING
Estás buscando direcciones,17SUPERHÉROES
en libros para cocinar,17SUPERHÉROES
estás mezclando,17SUPERHÉROES
el dulce con la sal.,17SUPERHÉROES
Vas procurando informaciones,17SUPERHÉROES
en unas cajas de metal,17SUPERHÉROES
estás comprando,17SUPERHÉROES
al mundo en un bazar.,17SUPERHÉROES
"Mirando superhéroes, superstars",17SUPERHÉROES
"te sientes superloca, supermal.",17SUPERHÉROES
Veo las sirvientas en la plaza,17SUPERHÉROES
vestidas para enamorar,17SUPERHÉROES
viviendo cien años de soledad.,17SUPERHÉROES
"No pasa nada, nadie pasa",17SUPERHÉROES
sólo una banda militar,17SUPERHÉROES
desafinando el tiempo y el compás.,17SUPERHÉROES
Y entonces mírame a mí,17SUPERHÉROES
tratando que se muevan éstos pies,17SUPERHÉROES
"bajo la luz, tocando hasta el amanecer.",17SUPERHÉROES
No te quedés en casa,17SUPERHÉROES
porque el baile va a empezar,17SUPERHÉROES
"quiero verte, verte otra vez.",17SUPERHÉROES
Hay un horrible monstruo con peluca,17SUPERHÉROES
que es dueño en parte de esta ciudad de locos.,17SUPERHÉROES
Hace que baila con la banda en la ruta,17SUPERHÉROES
pero en verdad les roba el oro,17SUPERHÉROES
y les da unas prostitutas.,17SUPERHÉROES
Estás limpiando las cenizas,17SUPERHÉROES
de nuestro breve carnaval,17SUPERHÉROES
ya estamos en camino a otra ciudad.,17SUPERHÉROES
Ya ves no somos ni turistas ni artistas,17SUPERHÉROES
de sonrisa y frac,17SUPERHÉROES
formamos parte de tu realidad,17SUPERHÉROES
Y entonces mírame a mí,17SUPERHÉROES
tratando que se muevan éstos pies,17SUPERHÉROES
"bajo la luz, tocando hasta el amanecer.",17SUPERHÉROES
No te quedés en casa,17SUPERHÉROES
porque el baile va a empezar,17SUPERHÉROES
"quiero verte, verte otra vez.",17SUPERHÉROES
No bombardeen Buenos Aires,BOMBARDEEN BUENOS AIRES
no nos podemos defender.,BOMBARDEEN BUENOS AIRES
Los pibes de mi barrio,BOMBARDEEN BUENOS AIRES
se escondieron en los caños,BOMBARDEEN BUENOS AIRES
espían al cielo,BOMBARDEEN BUENOS AIRES
"usan cascos, curten mambos",BOMBARDEEN BUENOS AIRES
escuchando a Clash.,BOMBARDEEN BUENOS AIRES
Estoy temiendo al rubio ahora,BOMBARDEEN BUENOS AIRES
no se a quién temeré después.,BOMBARDEEN BUENOS AIRES
Terror y desconfianza por los juegos,BOMBARDEEN BUENOS AIRES
"por las transas, por las canas",BOMBARDEEN BUENOS AIRES
"por las panzas, por las ansias",BOMBARDEEN BUENOS AIRES
por las rancias cunas de poder,BOMBARDEEN BUENOS AIRES
cunas de poder,BOMBARDEEN BUENOS AIRES
Si querés escucharé a la B.B.C.,BOMBARDEEN BUENOS AIRES
aunque quieras que lo hagamos de noche,BOMBARDEEN BUENOS AIRES
"y si quieres darme un beso alguna vez,",BOMBARDEEN BUENOS AIRES
es posible que me suba a tu coche.,BOMBARDEEN BUENOS AIRES
Pero no bombardeen Busnos Aires.,BOMBARDEEN BUENOS AIRES
No quiero el mundo de Cinzano,BOMBARDEEN BUENOS AIRES
no tengo que perder la fe,BOMBARDEEN BUENOS AIRES
quiero treparte pero no pasa nada,BOMBARDEEN BUENOS AIRES
ni siquiera puedo comerme un bife y sentirme bien.,BOMBARDEEN BUENOS AIRES
Los ghurkas siguen avanzando,BOMBARDEEN BUENOS AIRES
los viejos siguen en T.V.,BOMBARDEEN BUENOS AIRES
los jefes de los chicos,BOMBARDEEN BUENOS AIRES
toman whisky con los ricos,BOMBARDEEN BUENOS AIRES
mientras los obreros hacen masa,BOMBARDEEN BUENOS AIRES
en la Plaza como aquella vez,BOMBARDEEN BUENOS AIRES
como aquella vez,BOMBARDEEN BUENOS AIRES
Si querés escucharé a la B.B.C.,BOMBARDEEN BUENOS AIRES
aunque quieras que lo hagamos de noche,BOMBARDEEN BUENOS AIRES
"y si quieres darme un beso alguna vez,",BOMBARDEEN BUENOS AIRES
es posible que me suba a tu coche.,BOMBARDEEN BUENOS AIRES
Pero no bombardeen Barrio Norte!,BOMBARDEEN BUENOS AIRES
Vuela un jet,TAMBIÉN ESTABAS VERDE
hacia el sur,TAMBIÉN ESTABAS VERDE
la cósmica cintura del folklórico ataúd de un DC-10,TAMBIÉN ESTABAS VERDE
que se hace estrellas contra el suelo,TAMBIÉN ESTABAS VERDE
Hoy estoy como un jet,TAMBIÉN ESTABAS VERDE
perdido entre las nubes,TAMBIÉN ESTABAS VERDE
sin señales para ver adónde voy.,TAMBIÉN ESTABAS VERDE
Pero mi corazón no es ciego,TAMBIÉN ESTABAS VERDE
puedo subir al cielo,TAMBIÉN ESTABAS VERDE
puedo vivir haciéndote el amor,TAMBIÉN ESTABAS VERDE
pero me voy.,TAMBIÉN ESTABAS VERDE
Otro whisky y ya van mil,TAMBIÉN ESTABAS VERDE
yo me pregunto entonces,TAMBIÉN ESTABAS VERDE
si aún estarías aquí cuando yo no era nadie,TAMBIÉN ESTABAS VERDE
y no tengo plata en el bolsillo.,TAMBIÉN ESTABAS VERDE
La nostalgia que otra vez,TAMBIÉN ESTABAS VERDE
no entiendo los que hacen,TAMBIÉN ESTABAS VERDE
lo mismo que yo hice ayer,TAMBIÉN ESTABAS VERDE
pero como hasta ahí nomás,TAMBIÉN ESTABAS VERDE
como viviendo en el pasado.,TAMBIÉN ESTABAS VERDE
"Me escapé sin pensar,",TAMBIÉN ESTABAS VERDE
escuché a los Beatles,TAMBIÉN ESTABAS VERDE
y me fui a buscar la soledad,TAMBIÉN ESTABAS VERDE
y vos también estabas verde.,TAMBIÉN ESTABAS VERDE
Puedo subir al cielo,TAMBIÉN ESTABAS VERDE
puedo morir haciéndote el amor,TAMBIÉN ESTABAS VERDE
pero me voy,TAMBIÉN ESTABAS VERDE
pero me voy.,TAMBIÉN ESTABAS VERDE
Yo no quiero volverme tan loco,NO QUIERO VOLVERME TAN LOCO
yo no quiero vestirme de rojo,NO QUIERO VOLVERME TAN LOCO
yo no quiero morir en el mundo hoy,NO QUIERO VOLVERME TAN LOCO
Yo no quiero ya verte tan triste,NO QUIERO VOLVERME TAN LOCO
yo no quiero saber lo que hiciste,NO QUIERO VOLVERME TAN LOCO
yo no quiero esta pena en mi corazón,NO QUIERO VOLVERME TAN LOCO
Escucho el beat de un tambor,NO QUIERO VOLVERME TAN LOCO
entre la desolación,NO QUIERO VOLVERME TAN LOCO
y una radio en una calle desierta,NO QUIERO VOLVERME TAN LOCO
Están las puertas cerradas,NO QUIERO VOLVERME TAN LOCO
y las ventanas también,NO QUIERO VOLVERME TAN LOCO
no será que nuestra gente está muerta?,NO QUIERO VOLVERME TAN LOCO
Presiento el fin de un amor,NO QUIERO VOLVERME TAN LOCO
en la era del color,NO QUIERO VOLVERME TAN LOCO
la televisión esta en las vidrieras,NO QUIERO VOLVERME TAN LOCO
Toda esa gente parada,NO QUIERO VOLVERME TAN LOCO
que tiene grasa en la piel,NO QUIERO VOLVERME TAN LOCO
no se entera ni que el mundo da vueltas,NO QUIERO VOLVERME TAN LOCO
Yo no quiero meterme en problemas,NO QUIERO VOLVERME TAN LOCO
yo no quiero asuntos que queman,NO QUIERO VOLVERME TAN LOCO
yo tan solo les digo que es un bajón,NO QUIERO VOLVERME TAN LOCO
Yo no quiero sembrar la anarquía,NO QUIERO VOLVERME TAN LOCO
yo no quiero vivir como digan,NO QUIERO VOLVERME TAN LOCO
tengo algo que late en mi corazón,NO QUIERO VOLVERME TAN LOCO
Escucho un tango y un rock,NO QUIERO VOLVERME TAN LOCO
y presiento que soy yo,NO QUIERO VOLVERME TAN LOCO
y quisiera ver al mundo de fiesta,NO QUIERO VOLVERME TAN LOCO
Veo tantas chicas castradas,NO QUIERO VOLVERME TAN LOCO
y tantos tontos que al fin,NO QUIERO VOLVERME TAN LOCO
yo no sé si vivir dando respuesta,NO QUIERO VOLVERME TAN LOCO
Yo quiero ver muchos más,NO QUIERO VOLVERME TAN LOCO
delirantes por ahí,NO QUIERO VOLVERME TAN LOCO
bailando en una calle cualquiera,NO QUIERO VOLVERME TAN LOCO
En Buenos Aires se ve,NO QUIERO VOLVERME TAN LOCO
que ya no hay tiempo de más,NO QUIERO VOLVERME TAN LOCO
la alegría no es solo brasilera,NO QUIERO VOLVERME TAN LOCO
no mi amor,NO QUIERO VOLVERME TAN LOCO
Yo no quiero vivir paranoico,NO QUIERO VOLVERME TAN LOCO
yo no quiero ver chicos con odio,NO QUIERO VOLVERME TAN LOCO
yo no quiero sentir esta depresión,NO QUIERO VOLVERME TAN LOCO
Voy buscando el placer de estar vivo,NO QUIERO VOLVERME TAN LOCO
no me importa si soy un bandido,NO QUIERO VOLVERME TAN LOCO
voy pateando basura en el callejón,NO QUIERO VOLVERME TAN LOCO
Yo no quiero volverme tan loco,NO QUIERO VOLVERME TAN LOCO
yo no quiero vestirme de rojo,NO QUIERO VOLVERME TAN LOCO
yo no quiero morir en el mundo hoy,NO QUIERO VOLVERME TAN LOCO
Yo no quiero ya verte tan triste,NO QUIERO VOLVERME TAN LOCO
yo no quiero saber lo que hiciste,NO QUIERO VOLVERME TAN LOCO
yo no quiero esta pena en mi corazón,NO QUIERO VOLVERME TAN LOCO
No tengo nada que hacer,DE 2X3
no tengo nada que dar,DE 2X3
no encuentro la gracia en mi manera de hablar,DE 2X3
no quiero volver nunca más.,DE 2X3
"Todos podemos perder, todos podemos ganar",DE 2X3
entre las sogas del circo y las trincheras del mal,DE 2X3
yo quiero olvidarme de hablar.,DE 2X3
Las pálidas figuras se acercaron hasta mí.,DE 2X3
Mi mente tuvo dudas y fingí que ya las vi.,DE 2X3
Ya no quiero vivir así,DE 2X3
repitiendo las agonías del pasado,DE 2X3
con los hermanos de mi niñez,DE 2X3
es muy duro sobrevivir,DE 2X3
aunque el tiempo ya los ha vuelto desconfiados.,DE 2X3
Tenemos algo para decir,DE 2X3
no es la misma canción de 2 x 3,DE 2X3
las cosas ya no son como las vez.,DE 2X3
No le debo nada a Entel,TELEFÓNICA
me cuido la nariz,TELEFÓNICA
el silencio termina mañana,TELEFÓNICA
me voy a desvestir.,TELEFÓNICA
El tiempo que yo soñé,TELEFÓNICA
"es la eternidad, es la dulce fe",TELEFÓNICA
de que sigas conmigo por siempre,TELEFÓNICA
por siempre por aquí.,TELEFÓNICA
Y cuando encuentro un amigo,TELEFÓNICA
"lo tengo que buscar,",TELEFÓNICA
y voy al supermercado,TELEFÓNICA
buscando un capataz.,TELEFÓNICA
El sueño que yo soñé,TELEFÓNICA
es la humanidad,TELEFÓNICA
es la humanidad,TELEFÓNICA
el poeta tenía razón,TELEFÓNICA
la balsa hay que tomar.,TELEFÓNICA
"Córtenla, déjenos vivir en paz,",TELEFÓNICA
"sáquenla, sáquenla un poquito,",TELEFÓNICA
sáquenla un poquito.,TELEFÓNICA
Cuando vuelvo a mi casa temprano,TELEFÓNICA
me tengo que tomar,TELEFÓNICA
un litro de vino prestado,TELEFÓNICA
que no pienso pagar.,TELEFÓNICA
"El día que estoy aquí,",TELEFÓNICA
"ese amanecer, es dónde querer",TELEFÓNICA
y mirar tus ojos en naves,TELEFÓNICA
viajando hacia mí.,TELEFÓNICA
"Teléfono, tiráte ya del trampolín.",TELEFÓNICA
"Papelón, sacáte la gomina,",TELEFÓNICA
pelá la brillantina.,TELEFÓNICA
Ya no tengo monedas de nylon,TELEFÓNICA
perdí mi peluquín.,TELEFÓNICA
Me sigo pavimentando,TELEFÓNICA
y llegaré hasta el fin,TELEFÓNICA
"Alegría, quiero ver tu foto en los diarios",TELEFÓNICA
riéndote por qué.,TELEFÓNICA
"Nace una flor, todos los días sale el sol",COLECTIVO
de vez en cuando escuchas aquella voz.,COLECTIVO
"Cómo de pan, gustosa de cantar,",COLECTIVO
en los aleros de mi mente con las chicharras.,COLECTIVO
Pero a la vez existe un transformador,COLECTIVO
que te consume lo mejor que tenés,COLECTIVO
"te tira atrás, te pide más y más",COLECTIVO
y llega un punto en que no querés.,COLECTIVO
"Mamá la libertad, siempre la llevarás",COLECTIVO
dentro del corazón,COLECTIVO
te pueden corromper,COLECTIVO
te puedes olvidar,COLECTIVO
pero ella siempre está,COLECTIVO
"Mamá la libertad, siempre la llevarás",COLECTIVO
dentro del corazón,COLECTIVO
te pueden corromper,COLECTIVO
te puedes olvidar,COLECTIVO
pero ella siempre está,COLECTIVO
"Ayer soñé con los hambrientos, los locos,",COLECTIVO
"los que se fueron, los que están en prisión",COLECTIVO
hoy desperté cantando esta canción,COLECTIVO
que ya fue escrita hace tiempo atrás.,COLECTIVO
"Es necesario cantar de nuevo,",COLECTIVO
una vez más.,COLECTIVO
"Mamá la libertad, siempre la llevarás",COLECTIVO
dentro del corazón,COLECTIVO
te pueden corromper,COLECTIVO
te puedes olvidar,COLECTIVO
pero ella siempre está,COLECTIVO
"Mamá la libertad, siempre la llevarás",COLECTIVO
dentro del corazón,COLECTIVO
te pueden corromper,COLECTIVO
te puedes olvidar,COLECTIVO
pero ella siempre está.,COLECTIVO
Este es el aguante,AGUANTE
hasta yo lo vi,AGUANTE
este es el aguante,AGUANTE
decímelo a mí,AGUANTE
Este es el aguante,AGUANTE
considéralo,AGUANTE
este es el aguante,AGUANTE
te lo digo yo,AGUANTE
"Aguante, aguante, aguante, aguante",AGUANTE
"aguante, aguante, aguante, aguante",AGUANTE
Aguanta Sofía,AGUANTE
aguanta Javier,AGUANTE
aguante la quía,AGUANTE
aguanta también,AGUANTE
Y si no te gusta,AGUANTE
te podés matar,AGUANTE
este es el aguante,AGUANTE
este es mi lugar,AGUANTE
Aguante el aguante,AGUANTE
"Aguante, aguante, aguante, aguante",AGUANTE
"aguante, aguante, aguante, aguante",AGUANTE
Este es el aguante,AGUANTE
hasta yo lo vi,AGUANTE
decímelo a mí,AGUANTE
Este es el aguante,AGUANTE
consideralo,AGUANTE
este es el aguante,AGUANTE
esto es rock & roll,AGUANTE
Voy a hacer un agujero en Europa.,MY MOTHER
Voy a tener una chica,MY MOTHER
que me lave la ropa solo a mí,MY MOTHER
Pedro trabaja en el cine,TRABAJA EN EL CINE
vendiendo chocolatines,TRABAJA EN EL CINE
y en su película el es héroe,TRABAJA EN EL CINE
de un final feliz,TRABAJA EN EL CINE
Pedro conquista el oeste,TRABAJA EN EL CINE
viaja en un coche celeste,TRABAJA EN EL CINE
y en su mundo de celuloide,TRABAJA EN EL CINE
Pedro es feliz,TRABAJA EN EL CINE
El intervalo le dice,TRABAJA EN EL CINE
que llegó la parte triste,TRABAJA EN EL CINE
todo acaba cuando se enciende la luz,TRABAJA EN EL CINE
El intervalo le dice,TRABAJA EN EL CINE
que llegó la parte triste,TRABAJA EN EL CINE
todo acaba cuando se enciende la luz,TRABAJA EN EL CINE
Pedro trabaja en el cine...,TRABAJA EN EL CINE
Pedro trabaja en el cine,TRABAJA EN EL CINE
Cada vez que te veo así,ESTARÍA MAL
"ven a mi, ven a mi",ESTARÍA MAL
no es milagro que digas que si,ESTARÍA MAL
déjame amarte que no va a ir tan mal,ESTARÍA MAL
Cada vez que te veo ir,ESTARÍA MAL
"ven a mi, por favor",ESTARÍA MAL
no hay milagro en la contradicción,ESTARÍA MAL
déjame amarte que no va a ir peor,ESTARÍA MAL
El milagro ya está aquí,ESTARÍA MAL
"ven a mi, sobre mi",ESTARÍA MAL
no es milagro que digas que si,ESTARÍA MAL
déjame amarte que no va a ir peor,ESTARÍA MAL
Cada vez que te veo así,ESTARÍA MAL
"ven a mi, ven a mi",ESTARÍA MAL
no es milagro que digas que si,ESTARÍA MAL
déjame amarte que no va a ir tan mal,ESTARÍA MAL
El milagro ya está aquí,ESTARÍA MAL
"ven a mi, sobre mi",ESTARÍA MAL
no es milagro que digas que si,ESTARÍA MAL
déjame amarte que no va a ir peor,ESTARÍA MAL
déjame amarte que no va a ir tan mal,ESTARÍA MAL
déjame amarte que no va a ir tan mal,ESTARÍA MAL
déjame amarte que no va a ir tan mal,ESTARÍA MAL
Soy un soldado de lata,DE LATA
que lucha y que mata,DE LATA
por vos,DE LATA
yo soy cucharita de plata,DE LATA
que pasa el remedio al dolor,DE LATA
Pero no te encontré,DE LATA
no me fui,DE LATA
darte mi amor o desaparecer (no!),DE LATA
yo soy tu amor,DE LATA
Porque,DE LATA
ya no tengo,DE LATA
mas vergüenzas,DE LATA
no te debo nada (oh baby no),DE LATA
solo tu mirada,DE LATA
Yo tengo amor,DE LATA
pelearé por vos,DE LATA
yo soy tu amor,DE LATA
llegaré hasta el sol,DE LATA
yo soy tu amor (el dolor),DE LATA
"yo soy...(uh, nanananana)",DE LATA
aaah,DE LATA
cucharita de plata,DE LATA
pero ya me perdí,DE LATA
no estoy bien,DE LATA
y todo lo que quiero,DE LATA
es darte mi amor o desaparecer (no!),DE LATA
Yo soy tu amor...,DE LATA
"Oh no, oh no...",DE LATA
Ya no tengo mas problemas,DE LATA
ya no tengo mas dilemas,DE LATA
"Para aquí,",BEETHOVEN
para allá (bis),BEETHOVEN
(y dice),BEETHOVEN
Estoy harto,BEETHOVEN
que me digan,BEETHOVEN
que me peguen,BEETHOVEN
que me sigan,BEETHOVEN
que me expliquen,BEETHOVEN
que es el blues,BEETHOVEN
Mama esta en la oficina,BEETHOVEN
papá esta en la cocina,BEETHOVEN
y me cortaron la luz,BEETHOVEN
Para aquí para allá,BEETHOVEN
la música nos va a matar,BEETHOVEN
Yo se que sube la fiebre,BEETHOVEN
tengo neurona rockal,BEETHOVEN
este es el aguante,BEETHOVEN
no voy de levante,BEETHOVEN
y te la vas a bancar,BEETHOVEN
Para aquí para allá,BEETHOVEN
la música nos salvara,BEETHOVEN
Yo se que soy un fusible,BEETHOVEN
yo soy tan loco que,BEETHOVEN
parezco irrompible,BEETHOVEN
no debo nada de nada,BEETHOVEN
cuidate nena,BEETHOVEN
de mi mirada,BEETHOVEN
Para aquí para allá,BEETHOVEN
la música nos va a garpar,BEETHOVEN
Correte Beethoven,BEETHOVEN
Correte Beethoven,BEETHOVEN
Temprano a la mañana,BEETHOVEN
ya llega la mucama,BEETHOVEN
y me dice lo que tengo que hacer,BEETHOVEN
quemare la vieja radio,BEETHOVEN
rompere todos los diarios,BEETHOVEN
y ni hablar de la TV,BEETHOVEN
Para aquí para allá,BEETHOVEN
la música nos va a matar,BEETHOVEN
Correte Beethoven,BEETHOVEN
que Borges no soy,BEETHOVEN
Correte Beethoven,BEETHOVEN
Para aquí para allá,BEETHOVEN
la música nos va a matar,BEETHOVEN
Yo me coji a Para Elisa,BEETHOVEN
la Novena me idiotiza,BEETHOVEN
la Patética no sabe bailar,BEETHOVEN
se tomo todas las drogas,BEETHOVEN
quedo sorda se hizo trola,BEETHOVEN
y ahora me quiere cobrar,BEETHOVEN
Para aquí para allá,BEETHOVEN
la música nos va a matar,BEETHOVEN
Para aquí para allá,BEETHOVEN
Nunca mires hacia atrás,ALMA EN EL SUR
Aléjate de lo demás,ALMA EN EL SUR
Busca alguna solución,ALMA EN EL SUR
No me lastimes,ALMA EN EL SUR
Déjalo para después,ALMA EN EL SUR
Ya nos veremos otra vez,ALMA EN EL SUR
Busca alguna solución,ALMA EN EL SUR
No te delires,ALMA EN EL SUR
Fui tanto tiempo cargando esa cruz,ALMA EN EL SUR
"Corriendo entre paredes, lejos de la luz",ALMA EN EL SUR
Yo soy tu amor,ALMA EN EL SUR
Vos sos mi alma en el sur,ALMA EN EL SUR
Tal vez no me necesites nunca,ALMA EN EL SUR
Tal vez no me necesites nunca,ALMA EN EL SUR
Tal vez no necesites cosas para ser más libre,ALMA EN EL SUR
Tengo que seguir,EDIFICIOS DORADOS
tengo que seguir,EDIFICIOS DORADOS
lo que yo empecé,EDIFICIOS DORADOS
yo ya estoy cansado,EDIFICIOS DORADOS
pero igual lo haré,EDIFICIOS DORADOS
tengo mis fuerzas,EDIFICIOS DORADOS
basada aquí,EDIFICIOS DORADOS
Pronto verán;,EDIFICIOS DORADOS
Resurrecciones en el mundo,EDIFICIOS DORADOS
Cuando pase aquí,EDIFICIOS DORADOS
oirás mi voz,EDIFICIOS DORADOS
les diré mil cosas,EDIFICIOS DORADOS
del mundo de hoy,EDIFICIOS DORADOS
tengo mis fuerzas,EDIFICIOS DORADOS
basada aquí,EDIFICIOS DORADOS
pronto verán,EDIFICIOS DORADOS
resurrecciones en el mundo,EDIFICIOS DORADOS
Basta de mentira,EDIFICIOS DORADOS
basta de dolor,EDIFICIOS DORADOS
basta de ignorantes,EDIFICIOS DORADOS
dame un poquito de amor,EDIFICIOS DORADOS
hey hey hey,EDIFICIOS DORADOS
Tengo que seguir,EDIFICIOS DORADOS
lo que yo empecé...,EDIFICIOS DORADOS
yo estoy cansado,EDIFICIOS DORADOS
pero igual lo haré,EDIFICIOS DORADOS
tengo mis fuerzas,EDIFICIOS DORADOS
basada aquí,EDIFICIOS DORADOS
"pronto verán,",EDIFICIOS DORADOS
resurrecciones en el mundo...,EDIFICIOS DORADOS
"tengo que seguir, tengo que seguir",EDIFICIOS DORADOS
Hay veces de amor,A UNO
es una zorra,A UNO
perseguida por jinetes,A UNO
y se quiere transformar,A UNO
en un tapado de visón,A UNO
que la vida no merece.,A UNO
Y si me ves reír,A UNO
en este rincón,A UNO
llorando sin saber,A UNO
Cansado por sufrir por interneces,A UNO
arriba en el bacón,A UNO
está el sur,A UNO
tiene una estrella de Dios,A UNO
Y las certeza de que todo pertenece,A UNO
a través de una canción,A UNO
cansada del amor,A UNO
ya tiene que intentar,A UNO
Todas las veces desde el lado del que miro,A UNO
falta algún detalle,A UNO
nunca te olvides,A UNO
Dime lo que tengo que hacer,A UNO
ya me voy a enloquecer,A UNO
A veces vas,QUE VES ES LO QUE HAY
perdiendo el compás,QUE VES ES LO QUE HAY
a veces vas,QUE VES ES LO QUE HAY
brillando junto a los demás,QUE VES ES LO QUE HAY
a veces vas,QUE VES ES LO QUE HAY
perdiendo el compás,QUE VES ES LO QUE HAY
crees encontrar todo,QUE VES ES LO QUE HAY
y no encontrás nada,QUE VES ES LO QUE HAY
Y dice: es lo que hay,QUE VES ES LO QUE HAY
(todo el mundo quiere olvidar),QUE VES ES LO QUE HAY
"pero sentís, deliberás",QUE VES ES LO QUE HAY
todo el mundo quiere,QUE VES ES LO QUE HAY
todo el mundo quiere olvidar,QUE VES ES LO QUE HAY
Alguien trató,QUE VES ES LO QUE HAY
de hacerte mal,QUE VES ES LO QUE HAY
alguien trató,QUE VES ES LO QUE HAY
de ocupar tu lugar,QUE VES ES LO QUE HAY
pero soy lo que herís,QUE VES ES LO QUE HAY
que si es que estás tan loca,QUE VES ES LO QUE HAY
pensás que estás muy sola,QUE VES ES LO QUE HAY
pero a veces (eh!),QUE VES ES LO QUE HAY
sabes bien quien soy,QUE VES ES LO QUE HAY
Lo que ves es lo que hay,QUE VES ES LO QUE HAY
Lo que ves es lo que hay,QUE VES ES LO QUE HAY
(todo el mundo quiere olvidar),QUE VES ES LO QUE HAY
pero vos sos,QUE VES ES LO QUE HAY
lo que tenés,QUE VES ES LO QUE HAY
todo el mundo quiere,QUE VES ES LO QUE HAY
todo el mundo quiere olvidar,QUE VES ES LO QUE HAY
y cuando sientas,QUE VES ES LO QUE HAY
te va mal,QUE VES ES LO QUE HAY
mal en el amor,QUE VES ES LO QUE HAY
y a veces sientas,QUE VES ES LO QUE HAY
te mal.,QUE VES ES LO QUE HAY
mal en el amor,QUE VES ES LO QUE HAY
y todo el mundo,QUE VES ES LO QUE HAY
diga que estás loca,QUE VES ES LO QUE HAY
porque creés en vivir,QUE VES ES LO QUE HAY
lo que tenés,QUE VES ES LO QUE HAY
es lo que hay,QUE VES ES LO QUE HAY
todo el mundo quiere olvidar,QUE VES ES LO QUE HAY
Lo que ves es lo que hay,QUE VES ES LO QUE HAY
(todo el mundo quiere olvidar),QUE VES ES LO QUE HAY
pero tenés lo que pensás,QUE VES ES LO QUE HAY
todo el mundo quiere,QUE VES ES LO QUE HAY
todo el mundo quiere olvidar,QUE VES ES LO QUE HAY
Lo que ves es lo que hay,QUE VES ES LO QUE HAY
(todo el mundo quiere olvidar),QUE VES ES LO QUE HAY
pero tenés,QUE VES ES LO QUE HAY
lo que querés,QUE VES ES LO QUE HAY
todo el mundo quiere,QUE VES ES LO QUE HAY
todo el mundo quiere olvidar,QUE VES ES LO QUE HAY
"Ya junté la ropa que tanto pedías,","NO ES MUY TARDE - VERSIÓN CUMBIA (FT. EZEQUIEL Y LA CLAVE, UN POCO DE RUIDO Y PINKY SD)"
"saqué del sillón y guardé en el placard,","NO ES MUY TARDE - VERSIÓN CUMBIA (FT. EZEQUIEL Y LA CLAVE, UN POCO DE RUIDO Y PINKY SD)"
"la camisa vieja que yo más quería,","NO ES MUY TARDE - VERSIÓN CUMBIA (FT. EZEQUIEL Y LA CLAVE, UN POCO DE RUIDO Y PINKY SD)"
que a ti no te gustaba la dejé de usar.,"NO ES MUY TARDE - VERSIÓN CUMBIA (FT. EZEQUIEL Y LA CLAVE, UN POCO DE RUIDO Y PINKY SD)"
"Puse rosas blancas como tu solías,","NO ES MUY TARDE - VERSIÓN CUMBIA (FT. EZEQUIEL Y LA CLAVE, UN POCO DE RUIDO Y PINKY SD)"
"en la vieja mesa junto al ventanal,","NO ES MUY TARDE - VERSIÓN CUMBIA (FT. EZEQUIEL Y LA CLAVE, UN POCO DE RUIDO Y PINKY SD)"
"y el portarretrato a la fotografía,","NO ES MUY TARDE - VERSIÓN CUMBIA (FT. EZEQUIEL Y LA CLAVE, UN POCO DE RUIDO Y PINKY SD)"
donde me besabas dulce junto al mar.,"NO ES MUY TARDE - VERSIÓN CUMBIA (FT. EZEQUIEL Y LA CLAVE, UN POCO DE RUIDO Y PINKY SD)"
"Si no es muy tarde para darte todo lo que no sabía,","NO ES MUY TARDE - VERSIÓN CUMBIA (FT. EZEQUIEL Y LA CLAVE, UN POCO DE RUIDO Y PINKY SD)"
"si no es muy tarde para remediar las cosas que hice mal,","NO ES MUY TARDE - VERSIÓN CUMBIA (FT. EZEQUIEL Y LA CLAVE, UN POCO DE RUIDO Y PINKY SD)"
si no es muy tarde para ser de nuevo el hombre que tu elijas,"NO ES MUY TARDE - VERSIÓN CUMBIA (FT. EZEQUIEL Y LA CLAVE, UN POCO DE RUIDO Y PINKY SD)"
"y cuidarte el alma como me decías,","NO ES MUY TARDE - VERSIÓN CUMBIA (FT. EZEQUIEL Y LA CLAVE, UN POCO DE RUIDO Y PINKY SD)"
"solo te pido, otra oportunidad.","NO ES MUY TARDE - VERSIÓN CUMBIA (FT. EZEQUIEL Y LA CLAVE, UN POCO DE RUIDO Y PINKY SD)"
"Y ahora que la cama se volvió gigante,","NO ES MUY TARDE - VERSIÓN CUMBIA (FT. EZEQUIEL Y LA CLAVE, UN POCO DE RUIDO Y PINKY SD)"
"y ahora que le sobran tazas al café,","NO ES MUY TARDE - VERSIÓN CUMBIA (FT. EZEQUIEL Y LA CLAVE, UN POCO DE RUIDO Y PINKY SD)"
"y ahora que mis manos pueden esperarte,","NO ES MUY TARDE - VERSIÓN CUMBIA (FT. EZEQUIEL Y LA CLAVE, UN POCO DE RUIDO Y PINKY SD)"
abrazando todo lo que se nos fue.,"NO ES MUY TARDE - VERSIÓN CUMBIA (FT. EZEQUIEL Y LA CLAVE, UN POCO DE RUIDO Y PINKY SD)"
"Y ahora que mendigo besos por tu calle,","NO ES MUY TARDE - VERSIÓN CUMBIA (FT. EZEQUIEL Y LA CLAVE, UN POCO DE RUIDO Y PINKY SD)"
"y ahora que no tengo nada que perder,","NO ES MUY TARDE - VERSIÓN CUMBIA (FT. EZEQUIEL Y LA CLAVE, UN POCO DE RUIDO Y PINKY SD)"
"y ahora ya cansado de ser el cobarde,","NO ES MUY TARDE - VERSIÓN CUMBIA (FT. EZEQUIEL Y LA CLAVE, UN POCO DE RUIDO Y PINKY SD)"
"cada domingo al atardecer, mujer.","NO ES MUY TARDE - VERSIÓN CUMBIA (FT. EZEQUIEL Y LA CLAVE, UN POCO DE RUIDO Y PINKY SD)"
"Si no es muy tarde para darte todo lo que no sabía,","NO ES MUY TARDE - VERSIÓN CUMBIA (FT. EZEQUIEL Y LA CLAVE, UN POCO DE RUIDO Y PINKY SD)"
"si no es muy tarde para remediar las cosas que hice mal,","NO ES MUY TARDE - VERSIÓN CUMBIA (FT. EZEQUIEL Y LA CLAVE, UN POCO DE RUIDO Y PINKY SD)"
"si no es muy tarde para ser de nuevo el hombre que tu elijas,","NO ES MUY TARDE - VERSIÓN CUMBIA (FT. EZEQUIEL Y LA CLAVE, UN POCO DE RUIDO Y PINKY SD)"
"y cuidarte el alma como me decías,","NO ES MUY TARDE - VERSIÓN CUMBIA (FT. EZEQUIEL Y LA CLAVE, UN POCO DE RUIDO Y PINKY SD)"
"solo te pido, otra oportunidad.","NO ES MUY TARDE - VERSIÓN CUMBIA (FT. EZEQUIEL Y LA CLAVE, UN POCO DE RUIDO Y PINKY SD)"
"Si no es muy tarde para darte todo lo que no sabía,","NO ES MUY TARDE - VERSIÓN CUMBIA (FT. EZEQUIEL Y LA CLAVE, UN POCO DE RUIDO Y PINKY SD)"
si no es muy tarde para remediar las cosas que hice mal,"NO ES MUY TARDE - VERSIÓN CUMBIA (FT. EZEQUIEL Y LA CLAVE, UN POCO DE RUIDO Y PINKY SD)"
"si no es muy tarde para ser de nuevo el hombre que tu elijas,","NO ES MUY TARDE - VERSIÓN CUMBIA (FT. EZEQUIEL Y LA CLAVE, UN POCO DE RUIDO Y PINKY SD)"
"y cuidarte el alma como me decías,","NO ES MUY TARDE - VERSIÓN CUMBIA (FT. EZEQUIEL Y LA CLAVE, UN POCO DE RUIDO Y PINKY SD)"
"solo te pido, otra oportunidad,","NO ES MUY TARDE - VERSIÓN CUMBIA (FT. EZEQUIEL Y LA CLAVE, UN POCO DE RUIDO Y PINKY SD)"
"otra oportunidad, otra oportunidad","NO ES MUY TARDE - VERSIÓN CUMBIA (FT. EZEQUIEL Y LA CLAVE, UN POCO DE RUIDO Y PINKY SD)"
Éxtasis,RUTA DEL TENTEMPIÉ
todo el tiempo vivo en éxtasis,RUTA DEL TENTEMPIÉ
una forma de amor,RUTA DEL TENTEMPIÉ
un remedio de ser feliz,RUTA DEL TENTEMPIÉ
Es para mí,RUTA DEL TENTEMPIÉ
todo el tiempo vivo en éxtasis,RUTA DEL TENTEMPIÉ
un misterio de amor,RUTA DEL TENTEMPIÉ
una forma de ser feliz.,RUTA DEL TENTEMPIÉ
Nunca me animé a decirte nada,RUTA DEL TENTEMPIÉ
nunca me animé a mostrar mi amor.,RUTA DEL TENTEMPIÉ
Nunca penetré en tu mirada.,RUTA DEL TENTEMPIÉ
Éxtasis,RUTA DEL TENTEMPIÉ
todo el mundo quiere éxtasis.,RUTA DEL TENTEMPIÉ
un misterio de amor,RUTA DEL TENTEMPIÉ
una forma de ser feliz.,RUTA DEL TENTEMPIÉ
"Resiste, yo se que existe amor en tu piel.",RUTA DEL TENTEMPIÉ
"Resiste, yo se que existe amor en tu piel.",RUTA DEL TENTEMPIÉ
Y no voy a esperar,RUTA DEL TENTEMPIÉ
y no voy a correr,RUTA DEL TENTEMPIÉ
y no voy a ganar,RUTA DEL TENTEMPIÉ
y no voy a perder.,RUTA DEL TENTEMPIÉ
Soy un típico ser en la ruta del tentempié.,RUTA DEL TENTEMPIÉ
No voy a parar,2FANKY
yo no tengo dudas,2FANKY
no voy a bajar,2FANKY
déjalo que suba.,2FANKY
Por eso no quiero parar,2FANKY
ya no tengo dudas,2FANKY
no voy a bajar,2FANKY
déjalo que suba.,2FANKY
"Gozar, es tan parecido al amor",2FANKY
Gozar es tan diferente al amor.,2FANKY
El cambió una dirección,2FANKY
otra oportunidad merece alguna decisión.,2FANKY
Basta!,2FANKY
No voy a parar,2FANKY
yo no tengo dudas,2FANKY
no voy a bajar,2FANKY
déjalo que suba.,2FANKY
Gozar es tan parecido al amor,2FANKY
Gozar es tan diferente a matar.,2FANKY
Cuando pienso en el fin,2FANKY
cuando pienso en todo lo que dí.,2FANKY
Cuando miro el final,2FANKY
cuando sueño que todo va a acabar.,2FANKY
"Gozar es tan necesario, mi amor",2FANKY
Gozar es tan diferente al amor.,2FANKY
Siempre que salgo tengo al lado un monitor,3FANTASY
y no sé quién está aquí.,3FANTASY
Alguien me llama por el maldito amor,3FANTASY
y no sé quién está aquí.,3FANTASY
No conozco a nadie,3FANTASY
y todos saben de mí,3FANTASY
pero es así,3FANTASY
porque siempre estoy en Fantasy.,3FANTASY
Cuando estoy sólo ya no se por quien vivir,3FANTASY
porque nunca estás aquí.,3FANTASY
Ya mis pies congelados llegan hasta mí,3FANTASY
porque nunca estás aquí,3FANTASY
No sabes de nada,3FANTASY
y todos hablan de ti,3FANTASY
pero es así,3FANTASY
porque siempre estás en Fantasy.,3FANTASY
Fantasy es un lugar,3FANTASY
del que nadie puede regresar,3FANTASY
del que nadie puede regresar.,3FANTASY
Fantasy es ilusión,3FANTASY
porque nunca hay nadie alrededor,3FANTASY
porque nunca hay nadie alrededor.,3FANTASY
No conozco a nadie,3FANTASY
quisiera verte a ti,3FANTASY
pero es así,3FANTASY
porque siempre estás.,3FANTASY
Fantasy es un lugar,3FANTASY
del que nadie puede regresar,3FANTASY
del que nadie puede regresar.,3FANTASY
Fantasy es ilusión,3FANTASY
porque nunca hay nadie alrededor,3FANTASY
porque nunca hay nadie alrededor.,3FANTASY
No conozco a nadie,3FANTASY
quisiera verte a ti,3FANTASY
pero es así,3FANTASY
porque siempre estás.,3FANTASY
Están muertos,TOQUEN
están muertos,TOQUEN
están muertos.,TOQUEN
Están muertos,TOQUEN
están muertos,TOQUEN
están muertos.,TOQUEN
Váyanse de aquí,TOQUEN
váyanse de aquí,TOQUEN
váyanse.,TOQUEN
Muertos.,TOQUEN
No me toquen mis discos,TOQUEN
no me toquen mi ajuar,TOQUEN
no me toquen las manos,TOQUEN
ya no me toquen,TOQUEN
No!,TOQUEN
Están muertos,TOQUEN
están muertos,TOQUEN
están muertos.,TOQUEN
Están muertos,TOQUEN
están muertos,TOQUEN
están muertos.,TOQUEN
Sáquenme de aquí,TOQUEN
Sáquenme de aquí,TOQUEN
sáquenme,TOQUEN
Ya no me toquen no!,TOQUEN
No toquen,TOQUEN
no toquen,TOQUEN
no toquen,TOQUEN
no.,TOQUEN
No toquen,TOQUEN
no quiero que me toquen,TOQUEN
no toquen no!,TOQUEN
No toquen,TOQUEN
no toquen,TOQUEN
no toquen,TOQUEN
no.,TOQUEN
No toquen,TOQUEN
no quiero que me toquen,TOQUEN
ya no me toquen,TOQUEN
no!,TOQUEN
Conozco un empleado,BARATA Y ZAPATOS DE GOMA
que fue muerto de pena,BARATA Y ZAPATOS DE GOMA
enamorado de las sirenas.,BARATA Y ZAPATOS DE GOMA
El cine de mi barrio,BARATA Y ZAPATOS DE GOMA
ya me mostró la escena,BARATA Y ZAPATOS DE GOMA
no vi tu alma y quería tus venas.,BARATA Y ZAPATOS DE GOMA
Y en este torbellino,BARATA Y ZAPATOS DE GOMA
dónde nada importa,BARATA Y ZAPATOS DE GOMA
me sentí solo y te perdí,BARATA Y ZAPATOS DE GOMA
pero sí vi tus ojos,BARATA Y ZAPATOS DE GOMA
y hasta comí la arena,BARATA Y ZAPATOS DE GOMA
quise quedarme pero me fui.,BARATA Y ZAPATOS DE GOMA
Filosofía barata y zapatos de goma,BARATA Y ZAPATOS DE GOMA
ni ésta mentira te hace feliz,BARATA Y ZAPATOS DE GOMA
quise quedarme cuando morí de pena,BARATA Y ZAPATOS DE GOMA
quise quedarme pero me fui.,BARATA Y ZAPATOS DE GOMA
Y en la terminal,BARATA Y ZAPATOS DE GOMA
y en la terminal,BARATA Y ZAPATOS DE GOMA
estoy descalzo,BARATA Y ZAPATOS DE GOMA
y te espero a ti.,BARATA Y ZAPATOS DE GOMA
El ómnibus se ha ido,BARATA Y ZAPATOS DE GOMA
el amor se ha vencido,BARATA Y ZAPATOS DE GOMA
quise quedarme pero me fui.,BARATA Y ZAPATOS DE GOMA
Filosofía barata y zapatos de goma,BARATA Y ZAPATOS DE GOMA
ni ésta mentira te hace feliz,BARATA Y ZAPATOS DE GOMA
quise quedarme cuando morí de pena,BARATA Y ZAPATOS DE GOMA
quise quedarme pero me fui.,BARATA Y ZAPATOS DE GOMA
Filosofía barata y zapatos de goma,BARATA Y ZAPATOS DE GOMA
quizás es todo lo que te di.,BARATA Y ZAPATOS DE GOMA
"Cuando estés mal, cuando estés solo",MÍ
cuando ya estés cansado de llorar,MÍ
no te olvides de mí,MÍ
porque sé que te puedo estimular,MÍ
Cuando me mires a los ojos,MÍ
y mi mirada esté en otro lugar,MÍ
no te acerques a mí,MÍ
porque sé que te puedo lastimar,MÍ
No pienses que estoy loco,MÍ
es sólo una manera de actuar,MÍ
no pienses que estoy solo,MÍ
estoy comunicado con todo lo demás,MÍ
"Por eso,",MÍ
"cuando estés mal, cuando estés sola",MÍ
cuando ya estés cansada de llorar,MÍ
no te olvides de mí,MÍ
porque sé que te puedo estimular,MÍ
"No razonar, desaparecer",SIENTO MUCHO MEJOR
cuando tenias que estar,SIENTO MUCHO MEJOR
te echaste a correr,SIENTO MUCHO MEJOR
Lo que hiciste en ti,SIENTO MUCHO MEJOR
no tiene perdón,SIENTO MUCHO MEJOR
y yo sé que me siento,SIENTO MUCHO MEJOR
mucho mas fuerte,SIENTO MUCHO MEJOR
sin tu amor.,SIENTO MUCHO MEJOR
Mucho tiempo atrás,SIENTO MUCHO MEJOR
me hiciste sentir,SIENTO MUCHO MEJOR
que nuestro amor era más,SIENTO MUCHO MEJOR
y de esa forma vivir,SIENTO MUCHO MEJOR
"No sé, más quien soy",SIENTO MUCHO MEJOR
de que te reís,SIENTO MUCHO MEJOR
y ahora sé que me siento,SIENTO MUCHO MEJOR
mucho mas fuerte sin tu amor,SIENTO MUCHO MEJOR
"oh, sin tu amor.",SIENTO MUCHO MEJOR
"No sé, que hacer",SIENTO MUCHO MEJOR
"no sé, que decir",SIENTO MUCHO MEJOR
cuando tenias que estar,SIENTO MUCHO MEJOR
te echaste a reír,SIENTO MUCHO MEJOR
Lo que hiciste en mi,SIENTO MUCHO MEJOR
no tiene perdón,SIENTO MUCHO MEJOR
y ahora sé que me siento,SIENTO MUCHO MEJOR
mucho mas fuerte sin tu amor.,SIENTO MUCHO MEJOR
Y yo sé que me siento,SIENTO MUCHO MEJOR
mucho mas fuerte,SIENTO MUCHO MEJOR
sin tu amor.,SIENTO MUCHO MEJOR
"Oíd, mortales, el grito sagrado:",NACIONAL ARGENTINO
¡Libertad! ¡Libertad! ¡Libertad!,NACIONAL ARGENTINO
"Oíd el ruido de rotas cadenas,",NACIONAL ARGENTINO
ved en trono a la noble igualdad.,NACIONAL ARGENTINO
"Ya su trono dignísimo abrieron,",NACIONAL ARGENTINO
las provincias unidas del sur.,NACIONAL ARGENTINO
Y los libres del mundo responden,NACIONAL ARGENTINO
al gran pueblo argentino: ¡Salud!,NACIONAL ARGENTINO
Al gran pueblo argentino: ¡Salud!,NACIONAL ARGENTINO
Y los libres del mundo responden,NACIONAL ARGENTINO
al gran pueblo argentino: ¡Salud!,NACIONAL ARGENTINO
Y los libres del mundo responden,NACIONAL ARGENTINO
al gran pueblo argentino: ¡Salud!,NACIONAL ARGENTINO
Sean eternos los laureles,NACIONAL ARGENTINO
"que supimos conseguir,",NACIONAL ARGENTINO
que supimos conseguir.,NACIONAL ARGENTINO
"Coronados de gloria vivamos,",NACIONAL ARGENTINO
o juremos con gloria morir.,NACIONAL ARGENTINO
¡O juremos con gloria morir!,NACIONAL ARGENTINO
¡O juremos con gloria morir!,NACIONAL ARGENTINO
"Yo te extraño, yo te extraño",9CURITAS
me extraño a mí.,9CURITAS
"Estoy solo, estoy solo",9CURITAS
no estás aquí.,9CURITAS
La chica que esperaba era infinita,9CURITAS
como el bajo que perdí.,9CURITAS
Pegaba las canciones con curitas,9CURITAS
hay algo sangrando,9CURITAS
hay algo que sangra porque,9CURITAS
"yo te extraño, yo te extraño",9CURITAS
"Estoy solo, estoy solo",9CURITAS
ya no soy mí.,9CURITAS
Y si ya no hay más noches estrelladas,9CURITAS
ni lugares dónde ir,9CURITAS
La música está ya muy separada,9CURITAS
"nadie va a grabar, nadie va a grabarme a mí.",9CURITAS
Hay veces que no puedo dormir,9CURITAS
hay veces que no quiero,9CURITAS
hay veces que me gustaría verte aquí.,9CURITAS
Todo el mundo tiene penas,9CURITAS
pero yo ya extraño hasta tus problemas,9CURITAS
"quiero eco, vuelve a mí,",9CURITAS
porque yo te extraño.,9CURITAS
La chica que esperaba era infinita,9CURITAS
como el bajo que perdí,9CURITAS
pegaba las canciones con curitas,9CURITAS
hay algo que sangra,9CURITAS
hay algo que sangra por mí.,9CURITAS
Hay noches que no puedo dormir,9CURITAS
Hay noches que no puedo dormir,9CURITAS
Hay noches que no puedo dormir,9CURITAS
sin curitas.,9CURITAS
"Tuve tu amor,",TU AMOR
tuve tu amor,TU AMOR
en mí ya.,TU AMOR
"Tuve tu amor,",TU AMOR
tú ves tu amor,TU AMOR
"tú ves tu amor,",TU AMOR
en mí ya.,TU AMOR
Tú ves tu amor.,TU AMOR
"El exilio te vistió de actriz,",TU AMOR
porque alguien se confudió,TU AMOR
"alguien te descubrió,",TU AMOR
cansado de esperar,TU AMOR
"como volverte a ver,",TU AMOR
"alguien se suicidó,",TU AMOR
alguien te traicionó.,TU AMOR
Los sitios girarán por siempre,TU AMOR
"sitios para transgredir,",TU AMOR
"hay algo en tu nariz,",TU AMOR
que escondes muy bien,TU AMOR
"te encentro feliz, triste.",TU AMOR
Susana se escapó,TU AMOR
Miguel también,TU AMOR
"Ana se quedó,",TU AMOR
Ana se quedó,TU AMOR
Te veo muy bien,TU AMOR
te ves muy bien,TU AMOR
"te ves muy bien,",TU AMOR
te ves muy bien así,TU AMOR
fumándote.,TU AMOR
"Te tengo que aplazar,",TU AMOR
como si fuera un bebé,TU AMOR
nadie podrá contar esto otra vez,TU AMOR
no importa adónde vas,TU AMOR
no importa donde estés.,TU AMOR
Yo me pude despedir en septiembre,TU AMOR
"pero antes de partir,",TU AMOR
tuve tu amor,TU AMOR
"tuve tu amor,",TU AMOR
tuve tu amor,TU AMOR
en mí ya.,TU AMOR
Yo nunca fui a New York,CHIPI
no sé lo que es París,CHIPI
vivo bajo la tierra,CHIPI
vivo dentro de mi,CHIPI
Yo no tengo un espejo,CHIPI
no tengo un souvenir,CHIPI
la lágrima me habla,CHIPI
y está dentro de mi,CHIPI
Yo solo tengo esta pobre antena,CHIPI
que me transmite lo que decís,CHIPI
"una canción, mi ilusión, mis penas,",CHIPI
y este souvenir.,CHIPI
Yo subo la escalera,CHIPI
yo cumplo una misión,CHIPI
la lágrima me dice,CHIPI
que yo tampoco soy,CHIPI
la hija de una amor,CHIPI
la hija del dolor,CHIPI
la hija que no espera,CHIPI
tu tiempo se acabó,CHIPI
Si este dolor durará por siempre,CHIPI
no digas nada vete de aquí,CHIPI
porque yo estoy donde nunca voy,CHIPI
donde nunca fui,CHIPI
Tomalo con calma,CHIPI
la cosa es así,CHIPI
ya se hace de noche,CHIPI
me tengo que ir,CHIPI
Chipi chipi chipi,CHIPI
chipi bombón bombón,CHIPI
bombón,CHIPI
chipi chipi bombón,CHIPI
Ya no te pienso esperar por siempre,CHIPI
porque el mercurio lo tengo aquí,CHIPI
"ya no digas mas palabras, men",CHIPI
ya me voy de aquí,CHIPI
Y no te olvides nunca que..,CHIPI
.,CHIPI
Esta canción durará por siempre,CHIPI
por eso mismo yo la hice así,CHIPI
una canción sin amor,CHIPI
sin dolor,CHIPI
la canción sin fin.,CHIPI
Las casas tienen armazones blandas,U!
y hay un lado que no tiene sol,U!
y todos tienen una casa blanca,U!
y todos tienen un poco de amor.,U!
Fax U,U!
¿Quién te crees que sos?,U!
fax u,U!
Fax u,U!
Nn mi telephone,U!
fax u,U!
(concha de fax U),U!
Yo te besaba,U!
yo te quería,U!
yo te trataba,U!
como a una algodón,U!
Pero los cables,U!
llegaron arriba,U!
y desde abajo,U!
ya no te vi amor,U!
Fax u,U!
y tu telephone,U!
fax u,U!
Fax u,U!
ya no sé quien sos,U!
fax u,U!
Adoro la tele transportación,U!
adoro la tele transportación.,U!
Cuando me hablabas,U!
cuando ingerías,U!
cuando salías,U!
a ese balcón,U!
Todo era rosa,U!
todo era nada,U!
todo era blanca,U!
el alba y hoy,U!
Fax U,U!
Te quiero ver,U!
Fax U,U!
Fax U,U!
Fax U,U!
Fax U,U!
Adoro la tele transportación,U!
yo soy mucho más rápido que lo que creíste,U!
No estás completamente inventada,U!
"te falta algo, te falta amor",U!
te falta ser como son los soldados,U!
que mueren junto al frente amor,U!
Fax U,U!
Fax U,U!
Fax U,U!
Fax U,U!
A donde voy no llego,SAL NO SALA
a donde estoy resbalo,SAL NO SALA
no es porque sea bueno,SAL NO SALA
tampoco soy tan malo,SAL NO SALA
pero yo se que...,SAL NO SALA
La sal no sala,SAL NO SALA
y el azúcar no endulza,SAL NO SALA
La sal no sala,SAL NO SALA
y el azúcar no endulza,SAL NO SALA
La madre de mi hermana,SAL NO SALA
hizo un pacto con Dios,SAL NO SALA
se inyectó mercurio,SAL NO SALA
y ahora te lo da a vos,SAL NO SALA
Pero sabes que...,SAL NO SALA
La sal no sala,SAL NO SALA
y el azúcar no endulza,SAL NO SALA
La sal no sala,SAL NO SALA
y el azúcar no endulza,SAL NO SALA
No soporto la mañana,SAL NO SALA
no soporto el sol,SAL NO SALA
Estoy harto de tu hermana,SAL NO SALA
estoy harto,SAL NO SALA
La chica de la esquina,SAL NO SALA
me está tratando mal,SAL NO SALA
me vende una droga,SAL NO SALA
que no puedo pagar,SAL NO SALA
Pero sabes que...,SAL NO SALA
La sal no sala,SAL NO SALA
y el azúcar no endulza,SAL NO SALA
La sal no sala,SAL NO SALA
y el azúcar no endulza,SAL NO SALA
(Me dijeron que hay alguien,SAL NO SALA
que tiene de la buena),SAL NO SALA
La sal no sala,SAL NO SALA
y el azúcar no endulza,SAL NO SALA
La sal no sala,SAL NO SALA
y el azúcar no endulza.,SAL NO SALA
Podés pasear en limousine,DE LA CAMA AL LIVING
cortar las flores del jardín,DE LA CAMA AL LIVING
podés cambiar el sol,DE LA CAMA AL LIVING
y esconderte si no quieres verme.,DE LA CAMA AL LIVING
Puedes ver amanecer,DE LA CAMA AL LIVING
con caviar desde un hotel,DE LA CAMA AL LIVING
y no tienes un poquito de amor para dar.,DE LA CAMA AL LIVING
Yendo de la cama al living,DE LA CAMA AL LIVING
sientes el encierro,DE LA CAMA AL LIVING
yendo de la cama al living.,DE LA CAMA AL LIVING
Podés saltar de un trampolín,DE LA CAMA AL LIVING
batir un record en patín,DE LA CAMA AL LIVING
"podés hacer un gol,",DE LA CAMA AL LIVING
podés llevar tu luna al cielo,DE LA CAMA AL LIVING
Puedes ser un gran campeón,DE LA CAMA AL LIVING
jugar en la selección,DE LA CAMA AL LIVING
y no tienes un poquito de amor para dar.,DE LA CAMA AL LIVING
Yendo de la cama al living,DE LA CAMA AL LIVING
sientes el encierro,DE LA CAMA AL LIVING
yendo de la cama al living.,DE LA CAMA AL LIVING
Oh no no no,DE LA CAMA AL LIVING
no hay ninguna vibración,DE LA CAMA AL LIVING
aunque vives en el mundo de cine,DE LA CAMA AL LIVING
no hay señales de algo que vive en mí.,DE LA CAMA AL LIVING
Voy yendo de la cama al living,DE LA CAMA AL LIVING
sientes el encierro,DE LA CAMA AL LIVING
voy yendo de la cama al living.,DE LA CAMA AL LIVING
La indómita luz,POR VOS
se hizo carne en mí,POR VOS
y lo dejé todo por esta soledad.,POR VOS
Y leo revistas,POR VOS
en la tempestad,POR VOS
hice el sacrificio,POR VOS
abracé la cruz al amanecer.,POR VOS
"Rezo, rezo, rezo, rezo.",POR VOS
Morí sin morir,POR VOS
y me abracé al dolor,POR VOS
y lo dejé todo por esta soledad,POR VOS
ya se hizo de noche,POR VOS
y ahora estoy aquí,POR VOS
mi cuerpo se cae,POR VOS
sólo veo la cruz al amanecer.,POR VOS
"Rezo, rezo, rezo, rezo por vos.",POR VOS
Y curé mis heridas,POR VOS
y me encendí de amor,POR VOS
Y quemé las cortinas,POR VOS
"y me encendí de amor,",POR VOS
de amor sagrado.,POR VOS
Y entonces rezo.,POR VOS
"Rezo, rezo, rezo, rezo por vos.",POR VOS
Por qué no vienes hasta mí,DE LA REVOLUCIÓN
por qué no puedo amarte,DE LA REVOLUCIÓN
por qué no vienes hasta mí,DE LA REVOLUCIÓN
por qué no cambias como el sol,DE LA REVOLUCIÓN
por qué eres tan distante,DE LA REVOLUCIÓN
por qué no cambias como el sol,DE LA REVOLUCIÓN
Me siento solo y confundido a la vez,DE LA REVOLUCIÓN
los analistas no podrán entender,DE LA REVOLUCIÓN
ya no sé bien que decir,DE LA REVOLUCIÓN
ya no sé más que hacer,DE LA REVOLUCIÓN
todo el mundo loco y yo sin poderte ver,DE LA REVOLUCIÓN
"pero si insisto, yo sé muy bien, te conseguiré",DE LA REVOLUCIÓN
Cerca de la revolución,DE LA REVOLUCIÓN
el pueblo pide sangre,DE LA REVOLUCIÓN
cerca de la revolución,DE LA REVOLUCIÓN
yo estoy cantando esta canción,DE LA REVOLUCIÓN
que alguna vez fue hambre,DE LA REVOLUCIÓN
yo estoy cantando esta canción,DE LA REVOLUCIÓN
Y si mañana es como ayer otra vez,DE LA REVOLUCIÓN
lo que fue hermoso será horrible,DE LA REVOLUCIÓN
"después, no es sólo una cuestión de elecciones",DE LA REVOLUCIÓN
"no elegí este mundo, pero aprendí a querer",DE LA REVOLUCIÓN
"pero si insisto yo sé muy bien, te conseguiré",DE LA REVOLUCIÓN
Si estas palabras te pudieran dar fe,DE LA REVOLUCIÓN
si esta armonía te ayudara a creer,DE LA REVOLUCIÓN
"yo sería tan feliz, tan feliz en el mundo,",DE LA REVOLUCIÓN
"que moriría, arrodillado a tus pies",DE LA REVOLUCIÓN
"pero si insisto, yo sé muy bien, te conseguiré",DE LA REVOLUCIÓN
"""Y tal vez tu auto chocó la otra mañana",EN EL MUNDO PIENSA EN MÍ
y recién extrañarás a tu perro el día,EN EL MUNDO PIENSA EN MÍ
"de su cumpleaños""",EN EL MUNDO PIENSA EN MÍ
Yo tengo un gato,EN EL MUNDO PIENSA EN MÍ
Yo se que no soy culpable,EN EL MUNDO PIENSA EN MÍ
Yo se que ahora soy feliz,EN EL MUNDO PIENSA EN MÍ
Yo se que quería que alguien,EN EL MUNDO PIENSA EN MÍ
Alguien en el mundo piensa en mi,EN EL MUNDO PIENSA EN MÍ
Yo se que soy inbancable,EN EL MUNDO PIENSA EN MÍ
Yo se que te hice reir,EN EL MUNDO PIENSA EN MÍ
Yo se soy insoportable,EN EL MUNDO PIENSA EN MÍ
Pero alguien en el mundo piensa en mi,EN EL MUNDO PIENSA EN MÍ
Nada que hacer,EN EL MUNDO PIENSA EN MÍ
Nada que ver,EN EL MUNDO PIENSA EN MÍ
Solo vemos las películas nena,EN EL MUNDO PIENSA EN MÍ
Nada que hacer nada que ver,EN EL MUNDO PIENSA EN MÍ
La vanguardia en Argentina,EN EL MUNDO PIENSA EN MÍ
Yo sé que soy imbancable,EN EL MUNDO PIENSA EN MÍ
yo sé que no soy feliz,EN EL MUNDO PIENSA EN MÍ
yo sé que soy un amable traidor,EN EL MUNDO PIENSA EN MÍ
pero alguien en el mundo piensa en mí,EN EL MUNDO PIENSA EN MÍ
Bien por mi!,EN EL MUNDO PIENSA EN MÍ
Alguien en el mundo piensa en mí,EN EL MUNDO PIENSA EN MÍ
piensa en mi,EN EL MUNDO PIENSA EN MÍ
piensa en mi,EN EL MUNDO PIENSA EN MÍ
piensa en mi,EN EL MUNDO PIENSA EN MÍ
Este es el aguante,AGUANTE
hasta yo lo vi,AGUANTE
este es el aguante,AGUANTE
decímelo a mí,AGUANTE
Este es el aguante,AGUANTE
considéralo,AGUANTE
este es el aguante,AGUANTE
te lo digo yo,AGUANTE
"Aguante, aguante, aguante, aguante",AGUANTE
"aguante, aguante, aguante, aguante",AGUANTE
Aguanta Sofía,AGUANTE
aguanta Javier,AGUANTE
aguante la quía,AGUANTE
aguanta también,AGUANTE
Y si no te gusta,AGUANTE
te podés matar,AGUANTE
este es el aguante,AGUANTE
este es mi lugar,AGUANTE
aguante el aguante,AGUANTE
"Aguante, aguante, aguante, aguante",AGUANTE
"aguante, aguante, aguante, aguante",AGUANTE
Este es el aguante,AGUANTE
hasta yo lo vi,AGUANTE
decímelo a mí,AGUANTE
Este es el aguante,AGUANTE
consideralo,AGUANTE
este es el aguante,AGUANTE
esto es rock & roll,AGUANTE
Están muertos,TOQUEN
están muertos,TOQUEN
están muertos.,TOQUEN
Están muertos,TOQUEN
están muertos,TOQUEN
están muertos.,TOQUEN
Váyanse de aquí,TOQUEN
váyanse de aquí,TOQUEN
váyanse.,TOQUEN
Muertos.,TOQUEN
No me toquen mis discos,TOQUEN
no me toquen mi ajuar,TOQUEN
no me toquen las manos,TOQUEN
ya no me toquen,TOQUEN
No!,TOQUEN
Están muertos,TOQUEN
están muertos,TOQUEN
están muertos.,TOQUEN
Están muertos,TOQUEN
están muertos,TOQUEN
están muertos.,TOQUEN
Sáquenme de aquí,TOQUEN
Sáquenme de aquí,TOQUEN
sáquenme,TOQUEN
Ya no me toquen no!,TOQUEN
No toquen,TOQUEN
no toquen,TOQUEN
no toquen,TOQUEN
no.,TOQUEN
No toquen,TOQUEN
no quiero que me toquen,TOQUEN
no toquen no!,TOQUEN
No toquen,TOQUEN
no toquen,TOQUEN
no toquen,TOQUEN
no.,TOQUEN
No toquen,TOQUEN
no quiero que me toquen,TOQUEN
ya no me toquen,TOQUEN
no!,TOQUEN
Ella busca en los jazmines,2ZOCACOLA
él la busca en la ciudad,2ZOCACOLA
ella sueña encontrar,2ZOCACOLA
el intenta soñar pero ella no está.,2ZOCACOLA
Ela vai onde imagina,2ZOCACOLA
que ele pensa que ela esta.,2ZOCACOLA
Ele sueña da noite,2ZOCACOLA
ela escuta os ecos do día.,2ZOCACOLA
Donde está?,2ZOCACOLA
Onde esta?,2ZOCACOLA
Ela passa tao perto e nao ve a pagina.,2ZOCACOLA
Quizás hoy no es el día.,2ZOCACOLA
Ella llora en los jardines,2ZOCACOLA
el está cansado de llorar.,2ZOCACOLA
Ela nao tem o que querer,2ZOCACOLA
Ele tem o que ela precisa.,2ZOCACOLA
Dónde está?,2ZOCACOLA
No voy a parar,3FANKY
yo no tengo dudas,3FANKY
no voy a bajar,3FANKY
déjalo que suba.,3FANKY
Por eso no quiero parar,3FANKY
ya no tengo dudas,3FANKY
no voy a bajar,3FANKY
déjalo que suba.,3FANKY
"Gozar, es tan parecido al amor",3FANKY
Gozar es tan diferente al amor.,3FANKY
El cambió una dirección,3FANKY
otra oportunidad merece alguna decisión.,3FANKY
Basta!,3FANKY
No voy a parar,3FANKY
yo no tengo dudas,3FANKY
no voy a bajar,3FANKY
déjalo que suba.,3FANKY
Gozar es tan parecido al amor,3FANKY
Gozar es tan diferente a matar.,3FANKY
Cuando pienso en el fin,3FANKY
cuando pienso en todo lo que dí.,3FANKY
Cuando miro el final,3FANKY
cuando sueño que todo va a acabar.,3FANKY
"Gozar es tan necesario, mi amor",3FANKY
Gozar es tan diferente al amor.,3FANKY
No me verás,ME VERAS EN EL SUBTE
no verás,ME VERAS EN EL SUBTE
no me verás en el subte,ME VERAS EN EL SUBTE
No me verás,ME VERAS EN EL SUBTE
no verás,ME VERAS EN EL SUBTE
no me verás en el subte.,ME VERAS EN EL SUBTE
No me verás,ME VERAS EN EL SUBTE
no me verás.,ME VERAS EN EL SUBTE
La llave que yo tengo puede abrir,ME VERAS EN EL SUBTE
tan sólo el corazón,ME VERAS EN EL SUBTE
de los extraños.,ME VERAS EN EL SUBTE
Las almas que no tienen dónde ir,ME VERAS EN EL SUBTE
se vuelven a reunir,ME VERAS EN EL SUBTE
en subterráneo.,ME VERAS EN EL SUBTE
Me tengo que esconder,ME VERAS EN EL SUBTE
me tengo que esconder.,ME VERAS EN EL SUBTE
Jamás me encontrarás de nuevo aquí.,ME VERAS EN EL SUBTE
Se que hubo una traición,ME VERAS EN EL SUBTE
hubo un engaño.,ME VERAS EN EL SUBTE
Me tengo que esconder,ME VERAS EN EL SUBTE
me tengo que esconder.,ME VERAS EN EL SUBTE
Yo recuerdo tu piel,ME VERAS EN EL SUBTE
yo recuerdo tu voz,ME VERAS EN EL SUBTE
Como las estaciones,ME VERAS EN EL SUBTE
yo te vi reír,ME VERAS EN EL SUBTE
ya no llores,ME VERAS EN EL SUBTE
No me verás,ME VERAS EN EL SUBTE
no me hablarás,ME VERAS EN EL SUBTE
no me verás,ME VERAS EN EL SUBTE
no me verás.,ME VERAS EN EL SUBTE
Ella es bailarina,ES BAILARINA
ella es bailarina,ES BAILARINA
Y sabe todo lo que debe saber,ES BAILARINA
pero todavía hay algo que no pudo hacer.,ES BAILARINA
Es un buen maestro,ES BAILARINA
es un buen maestro,ES BAILARINA
Y sabe todo lo que debe saber,ES BAILARINA
pero todavía hay algo que no pudo aprender.,ES BAILARINA
Ella se saca la estola de visón,ES BAILARINA
y el soutien dorado,ES BAILARINA
y el soutien dorado,ES BAILARINA
El pone fuego en el calefón,ES BAILARINA
y juntos se bañan los dos.,ES BAILARINA
Es un policía,ES BAILARINA
es un policía,ES BAILARINA
y siempre cumple con su justo deber,ES BAILARINA
pero todavía hay algo que no pudo hacer.,ES BAILARINA
Cuando el maestro debe ir a estudiar,ES BAILARINA
llega el azulado,ES BAILARINA
llega el azulado.,ES BAILARINA
Deja la guardia en la seccional,ES BAILARINA
tan sólo para verla bailar.,ES BAILARINA
Es un sacerdote,ES BAILARINA
es un sacerdote,ES BAILARINA
y siempre cumple con su santo deber,ES BAILARINA
en un club nocturno reventado,ES BAILARINA
los casó a los tres,ES BAILARINA
en un club nocturno reventado,ES BAILARINA
los casó a los tres,ES BAILARINA
en un club nocturno reventado,ES BAILARINA
los casó a los tres.,ES BAILARINA
El tiempo vuelve a pasar,6ANHEDONIA
pero no hay primavera en Anhedonia.,6ANHEDONIA
El tiempo vuelve a llorar,6ANHEDONIA
pero no hay primavera en Anhedonia.,6ANHEDONIA
Y aunque las luces son suaves,6ANHEDONIA
y el cine está aquí,6ANHEDONIA
no hay nada que hacer de noche no pasa nada,6ANHEDONIA
nada más que el tren.,6ANHEDONIA
Un ángel vuela en París,6ANHEDONIA
y un chico nace casi en Anhedonia,6ANHEDONIA
Está tan lejos de aquí,6ANHEDONIA
porque ella sólo vive en Anhedonia.,6ANHEDONIA
Ella hizo un pacto de sangre,6ANHEDONIA
a pesar de mí,6ANHEDONIA
No tengo que volver,6ANHEDONIA
"sangre en la calle, calle",6ANHEDONIA
No hay que vivir así.,6ANHEDONIA
Porque antes que tu madre,6ANHEDONIA
mucho antes que el dolor.,6ANHEDONIA
El amor cambia tu sangre,6ANHEDONIA
Porque la noche es tan suave,6ANHEDONIA
y el tiempo feliz,6ANHEDONIA
no tengo que hacer maletas,6ANHEDONIA
no siento nada.,6ANHEDONIA
Todo el mundo en la ciudad,7SUICIDA
es un suicida,7SUICIDA
es un suicida,7SUICIDA
y es la verdad.,7SUICIDA
Todo el mundo en la ciudad,7SUICIDA
tiene mil vidas,7SUICIDA
tiene mil vidas,7SUICIDA
y es la verdad.,7SUICIDA
Quisiera ver ese mar al amanecer,7SUICIDA
preciso tiempo para crecer.,7SUICIDA
Quisiera ver ese mar,7SUICIDA
y veo esta pared,7SUICIDA
yo ya no se qué hacer.,7SUICIDA
Todo gato en la ciudad,7SUICIDA
tiene mil vidas,7SUICIDA
tiene mil vidas,7SUICIDA
y es la verdad.,7SUICIDA
Todo el mundo sabe bien,7SUICIDA
que no hay salida,7SUICIDA
somos suicidas,7SUICIDA
y es la verdad.,7SUICIDA
Pero si vas hacia el mar al amanecer,7SUICIDA
quizás extrañes a la pared.,7SUICIDA
Somos estatuas de sal,7SUICIDA
queremos volver.,7SUICIDA
Yo ya no miro atrás,7SUICIDA
ya no queda mucho más.,7SUICIDA
Ahora no pregunto más adónde está la estrada.,7SUICIDA
Ahora ya no espero más aquella madrugada.,7SUICIDA
Siempre que salgo tengo al lado un monitor,8FANTASY
y no sé quién está aquí.,8FANTASY
Alguien me llama por el maldito amor,8FANTASY
y no sé quién está aquí.,8FANTASY
No conozco a nadie,8FANTASY
y todos saben de mí,8FANTASY
pero es así,8FANTASY
porque siempre estoy en Fantasy.,8FANTASY
Cuando estoy sólo ya no se por quien vivir,8FANTASY
porque nunca estás aquí.,8FANTASY
Ya mis pies congelados llegan hasta mí,8FANTASY
porque nunca estás aquí,8FANTASY
No sabes de nada,8FANTASY
y todos hablan de ti,8FANTASY
pero es así,8FANTASY
porque siempre estás en Fantasy.,8FANTASY
Fantasy es un lugar,8FANTASY
del que nadie puede regresar,8FANTASY
del que nadie puede regresar.,8FANTASY
Fantasy es ilusión,8FANTASY
porque nunca hay nadie alrededor,8FANTASY
porque nunca hay nadie alrededor.,8FANTASY
No conozco a nadie,8FANTASY
quisiera verte a ti,8FANTASY
pero es así,8FANTASY
porque siempre estás.,8FANTASY
Fantasy es un lugar,8FANTASY
del que nadie puede regresar,8FANTASY
del que nadie puede regresar.,8FANTASY
Fantasy es ilusión,8FANTASY
porque nunca hay nadie alrededor,8FANTASY
porque nunca hay nadie alrededor.,8FANTASY
No conozco a nadie,8FANTASY
quisiera verte a ti,8FANTASY
pero es así,8FANTASY
porque siempre estás.,8FANTASY
Viajaste de verdad,PUNTO DE CAER
pasaste sustos,PUNTO DE CAER
saltaste la pared,PUNTO DE CAER
cambiando.,PUNTO DE CAER
Yo estaba en un lugar,PUNTO DE CAER
a punto de caer,PUNTO DE CAER
y aunque te parezca extraño,PUNTO DE CAER
música es lo que das.,PUNTO DE CAER
Si estás así,PUNTO DE CAER
piensa.,PUNTO DE CAER
El problema no está aquí.,PUNTO DE CAER
Cambiar es bien,PUNTO DE CAER
aún sin amor,PUNTO DE CAER
aún sin creer,PUNTO DE CAER
Entiende,PUNTO DE CAER
Donde estoy.,PUNTO DE CAER
Quizás tendrás que ver,PUNTO DE CAER
a dónde vas,PUNTO DE CAER
Piénsalo otra vez,PUNTO DE CAER
entiende y ten valor.,PUNTO DE CAER
Salta y se feliz.,PUNTO DE CAER
Intenta,PUNTO DE CAER
para que fingir,PUNTO DE CAER
no vale la pena.,PUNTO DE CAER
Música es lo que me das.,PUNTO DE CAER
Rompé la creencia,1ROMPELA
rompela,1ROMPELA
tenés que hacerme feliz,1ROMPELA
rompé las tendencias,1ROMPELA
"gritá, agitá, no seas",1ROMPELA
como los demás,1ROMPELA
rompela,1ROMPELA
ya es tiempo,1ROMPELA
rompela,1ROMPELA
El club,1ROMPELA
no te va a esperar,1ROMPELA
Vos sos la única,1ROMPELA
que me hace feliz,1ROMPELA
cuando nadie te dice la verdad,1ROMPELA
vos sos la única,1ROMPELA
que dice que sí,1ROMPELA
puedo hacerlo,1ROMPELA
puedo verlo,1ROMPELA
Rompé la creencia,1ROMPELA
rompela,1ROMPELA
tenés que hacerme feliz,1ROMPELA
rompé las tendencias,1ROMPELA
gritá agitá,1ROMPELA
no seas como los demás,1ROMPELA
Vos sos la única,1ROMPELA
que me hace feliz,1ROMPELA
cuando nadie te dice la verdad,1ROMPELA
vos sos la única,1ROMPELA
que dice que sí,1ROMPELA
puedo hacerlo,1ROMPELA
puedo verlo,1ROMPELA
Rompé la creencia,1ROMPELA
rompela,1ROMPELA
tenés que hacerme feliz,1ROMPELA
rompé las tendencias,1ROMPELA
"gritá, agitá,",1ROMPELA
no seas como los demás.,1ROMPELA
Yo ya sé,YA SÉ
que no sos un hipócrita,YA SÉ
que no sos un psicópata,YA SÉ
pero no sé por qué,YA SÉ
A la vez,YA SÉ
somos todos neuróticos,YA SÉ
somos todos narcóticos,YA SÉ
pero no sé por qué,YA SÉ
Freud ha arruinado todo,YA SÉ
como internet,YA SÉ
Hoy te quedaste solo,YA SÉ
por ahí la ves,YA SÉ
Yo ya sé,YA SÉ
que no sos un ridículo,YA SÉ
que no sos un artículo,YA SÉ
pero no sé por qué,YA SÉ
Dios te ha dejado solo,YA SÉ
como internet,YA SÉ
hoy que querías de todo,YA SÉ
nada tenés,YA SÉ
Yo ya sé,YA SÉ
que no sos un hipócrita,YA SÉ
que no sos un psicópata,YA SÉ
pero no sé por qué,YA SÉ
pero no sé por qué,YA SÉ
pero no sé por qué.,YA SÉ
El club de los 27,CLUB DE LOS 27 (FT. DAVID LEBÓN)
es adonde voy a estar,CLUB DE LOS 27 (FT. DAVID LEBÓN)
el club de los 27,CLUB DE LOS 27 (FT. DAVID LEBÓN)
es adonde voy a estar,CLUB DE LOS 27 (FT. DAVID LEBÓN)
volaré sobre este mundo,CLUB DE LOS 27 (FT. DAVID LEBÓN)
traicionero y digital,CLUB DE LOS 27 (FT. DAVID LEBÓN)
Hay algo que no me cierra,CLUB DE LOS 27 (FT. DAVID LEBÓN)
algo sobrenatural,CLUB DE LOS 27 (FT. DAVID LEBÓN)
hay algo que no me cierra,CLUB DE LOS 27 (FT. DAVID LEBÓN)
algo sobrenatural,CLUB DE LOS 27 (FT. DAVID LEBÓN)
Cristo fue crucificado,CLUB DE LOS 27 (FT. DAVID LEBÓN)
por pecados de alguien más,CLUB DE LOS 27 (FT. DAVID LEBÓN)
(no por los míos),CLUB DE LOS 27 (FT. DAVID LEBÓN)
Dios creó todo el universo,CLUB DE LOS 27 (FT. DAVID LEBÓN)
y también al Ku Klux Klan,CLUB DE LOS 27 (FT. DAVID LEBÓN)
Dios creó todo el universo,CLUB DE LOS 27 (FT. DAVID LEBÓN)
y también al Ku Klux Klan,CLUB DE LOS 27 (FT. DAVID LEBÓN)
muchos pobres,CLUB DE LOS 27 (FT. DAVID LEBÓN)
pocos ricos,CLUB DE LOS 27 (FT. DAVID LEBÓN)
ellos nunca van a entrar,CLUB DE LOS 27 (FT. DAVID LEBÓN)
Voy a ver a mis amigos,CLUB DE LOS 27 (FT. DAVID LEBÓN)
Brian Jones y Kurt Cobain,CLUB DE LOS 27 (FT. DAVID LEBÓN)
Brian Jones será testigo,CLUB DE LOS 27 (FT. DAVID LEBÓN)
que los Stones siguen igual,CLUB DE LOS 27 (FT. DAVID LEBÓN)
como a Lennon,CLUB DE LOS 27 (FT. DAVID LEBÓN)
a tu hijo lo van a crucificar.,CLUB DE LOS 27 (FT. DAVID LEBÓN)
Voy a comprar un alfajor,MEDICINA N° 9 (FT. DAVID LEBÓN)
voy a sacarme el pulmotor del corazón fatal,MEDICINA N° 9 (FT. DAVID LEBÓN)
Voy a correr hasta morir,MEDICINA N° 9 (FT. DAVID LEBÓN)
voy a tener que subsistir en este drama mal,MEDICINA N° 9 (FT. DAVID LEBÓN)
Y aunque no pierdo la esperanza,MEDICINA N° 9 (FT. DAVID LEBÓN)
a veces con vivir no alcanza,MEDICINA N° 9 (FT. DAVID LEBÓN)
voy a tomar un poquito más,MEDICINA N° 9 (FT. DAVID LEBÓN)
aquella medicina number nine,MEDICINA N° 9 (FT. DAVID LEBÓN)
Voy a mandar a construir un cohete,MEDICINA N° 9 (FT. DAVID LEBÓN)
que pueda ir adonde yo no voy,MEDICINA N° 9 (FT. DAVID LEBÓN)
y todos correrán a ver,MEDICINA N° 9 (FT. DAVID LEBÓN)
lo que tenemos que creer lo que no puede ser,MEDICINA N° 9 (FT. DAVID LEBÓN)
Y aunque no pierdo la esperanza,MEDICINA N° 9 (FT. DAVID LEBÓN)
a veces con vivir no alcanza,MEDICINA N° 9 (FT. DAVID LEBÓN)
voy a tomar un poquito más,MEDICINA N° 9 (FT. DAVID LEBÓN)
aquella medicina number nine,MEDICINA N° 9 (FT. DAVID LEBÓN)
La fiesta debe continuar,MEDICINA N° 9 (FT. DAVID LEBÓN)
y todo el mundo va a bailar,MEDICINA N° 9 (FT. DAVID LEBÓN)
todo lo que le dan,MEDICINA N° 9 (FT. DAVID LEBÓN)
y si alguien viene a sonreír,MEDICINA N° 9 (FT. DAVID LEBÓN)
yo le diré por qué sufrir,MEDICINA N° 9 (FT. DAVID LEBÓN)
por qué llorando está,MEDICINA N° 9 (FT. DAVID LEBÓN)
Y aunque no tengo,MEDICINA N° 9 (FT. DAVID LEBÓN)
ese problema,MEDICINA N° 9 (FT. DAVID LEBÓN)
a veces convivir da pena,MEDICINA N° 9 (FT. DAVID LEBÓN)
voy a tomar un poquito más,MEDICINA N° 9 (FT. DAVID LEBÓN)
aquella medicina number nine,MEDICINA N° 9 (FT. DAVID LEBÓN)
Y aunque no pierdo,MEDICINA N° 9 (FT. DAVID LEBÓN)
la esperanza,MEDICINA N° 9 (FT. DAVID LEBÓN)
a veces con vivir no alcanza,MEDICINA N° 9 (FT. DAVID LEBÓN)
voy a tomar un poquito más,MEDICINA N° 9 (FT. DAVID LEBÓN)
aquella medicina number nine,MEDICINA N° 9 (FT. DAVID LEBÓN)
Voy a tomar un poquito más,MEDICINA N° 9 (FT. DAVID LEBÓN)
aquella medicina number nine,MEDICINA N° 9 (FT. DAVID LEBÓN)
Doctor doctor,MEDICINA N° 9 (FT. DAVID LEBÓN)
estoy solo mirando,MEDICINA N° 9 (FT. DAVID LEBÓN)
las ruedas al girar,MEDICINA N° 9 (FT. DAVID LEBÓN)
me gusta mucho estar acá,MEDICINA N° 9 (FT. DAVID LEBÓN)
nunca me subiré,MEDICINA N° 9 (FT. DAVID LEBÓN)
a tu calesita,MEDICINA N° 9 (FT. DAVID LEBÓN)
Nunca más,MEDICINA N° 9 (FT. DAVID LEBÓN)
Tengo que dejarla atrás,MEDICINA N° 9 (FT. DAVID LEBÓN)
Tengo que dejarla atrás,MEDICINA N° 9 (FT. DAVID LEBÓN)
Tengo que dejarla atrás.,MEDICINA N° 9 (FT. DAVID LEBÓN)
Te recuerdo invierno,RECUERDO INVIERNO
ahora que estoy solo,RECUERDO INVIERNO
yme acuerdo del sol que no brillaba,RECUERDO INVIERNO
de tu mano helada,RECUERDO INVIERNO
cuando el viento hería,RECUERDO INVIERNO
tu cara y la mía,RECUERDO INVIERNO
por el parque,RECUERDO INVIERNO
húmedo de rocío,RECUERDO INVIERNO
íbamos los dos,RECUERDO INVIERNO
Te esperaré de pie,RECUERDO INVIERNO
cuando el frío te traiga aquí otra vez,RECUERDO INVIERNO
como antes,RECUERDO INVIERNO
Te esperaré de pie,RECUERDO INVIERNO
cuando el frío,RECUERDO INVIERNO
te traiga aquí,RECUERDO INVIERNO
otra vez como antes,RECUERDO INVIERNO
solamente puedo,RECUERDO INVIERNO
esperar tu vuelta,RECUERDO INVIERNO
por el parque,RECUERDO INVIERNO
húmedo de rocío,RECUERDO INVIERNO
te veré venir,RECUERDO INVIERNO
te veré venir,RECUERDO INVIERNO
te veré venir.,RECUERDO INVIERNO
Ayer te viste desnuda,6AUTOFEMICIDIO
desnuda frente al espejo,6AUTOFEMICIDIO
fuiste a agarrar un cuchillo,6AUTOFEMICIDIO
no pudiste aguantar eso,6AUTOFEMICIDIO
Hay gente que se suicida,6AUTOFEMICIDIO
un acto muy egoísta,6AUTOFEMICIDIO
para salir en la tele,6AUTOFEMICIDIO
en diarios y en las revistas,6AUTOFEMICIDIO
La grieta entre los humanos,6AUTOFEMICIDIO
se hace cada vez más grande,6AUTOFEMICIDIO
los chicos quieren ser chicas,6AUTOFEMICIDIO
las chicas quieren ser grandes,6AUTOFEMICIDIO
Tus amigos y tus seres querida,6AUTOFEMICIDIO
ya están corriendo,6AUTOFEMICIDIO
tienen miedo que los sigan,6AUTOFEMICIDIO
no saben que es todo un cuento,6AUTOFEMICIDIO
La grieta entre los humanos,6AUTOFEMICIDIO
se hace cada vez más grande,6AUTOFEMICIDIO
los chicos quieren ser chicas,6AUTOFEMICIDIO
las chicas quieren ser grandes.,6AUTOFEMICIDIO
Tengo miedo de América,(FT. PEDRO AZNAR)
tengo miedo de aquí,(FT. PEDRO AZNAR)
tengo miedo de prédicas,(FT. PEDRO AZNAR)
miedo de ir y venir,(FT. PEDRO AZNAR)
Tengo miedo de América,(FT. PEDRO AZNAR)
y de entrar sin salir,(FT. PEDRO AZNAR)
tengo miedo de réplicas,(FT. PEDRO AZNAR)
que nos saquen de aquí,(FT. PEDRO AZNAR)
Valle del futuro,(FT. PEDRO AZNAR)
es un oscuro callejón,(FT. PEDRO AZNAR)
tierra del mañana,(FT. PEDRO AZNAR)
vende el alma en un billón,(FT. PEDRO AZNAR)
Tengo miedo de América,(FT. PEDRO AZNAR)
aunque digan que sí,(FT. PEDRO AZNAR)
lo que muestran,(FT. PEDRO AZNAR)
no es la verdad,(FT. PEDRO AZNAR)
eso ya lo aprendí,(FT. PEDRO AZNAR)
Tengo miedo de ir a París,(FT. PEDRO AZNAR)
tengo miedo del fin,(FT. PEDRO AZNAR)
tengo miedo de mi TV,(FT. PEDRO AZNAR)
miedo de ser feliz,(FT. PEDRO AZNAR)
Silicon,(FT. PEDRO AZNAR)
sin perdón,(FT. PEDRO AZNAR)
compasión,(FT. PEDRO AZNAR)
sin amor,(FT. PEDRO AZNAR)
tengo miedo de América,(FT. PEDRO AZNAR)
tengo miedo de Dios,(FT. PEDRO AZNAR)
de noticias histéricas,(FT. PEDRO AZNAR)
y de mí y de vos,(FT. PEDRO AZNAR)
Tengo miedo de América,(FT. PEDRO AZNAR)
miedo de ser feliz,(FT. PEDRO AZNAR)
tengo miedo de réplicas,(FT. PEDRO AZNAR)
que nos barran de aquí,(FT. PEDRO AZNAR)
Valle del futuro,(FT. PEDRO AZNAR)
es un oscuro callejón,(FT. PEDRO AZNAR)
tierra del mañana,(FT. PEDRO AZNAR)
vende el alma en un billón,(FT. PEDRO AZNAR)
Valle del futuro,(FT. PEDRO AZNAR)
es un siniestro callejón,(FT. PEDRO AZNAR)
tierra del mañana,(FT. PEDRO AZNAR)
vende el puesto en un billón.,(FT. PEDRO AZNAR)
Juan Represión viste,REPRESIÓN
un saco azul triste,REPRESIÓN
Vive como pidiendo perdón,REPRESIÓN
y se esconde a la luz del sol,REPRESIÓN
Juan Represión sabe,REPRESIÓN
no hay nadie que lo ame,REPRESIÓN
las balas que la gente tiene,REPRESIÓN
lo asesinaron de pie,REPRESIÓN
Esta es la historia,REPRESIÓN
de un hombre,REPRESIÓN
que supo muy pocas letras,REPRESIÓN
y soñó con la justicia,REPRESIÓN
de los héroes de historietas,REPRESIÓN
Y se disfrazó de bueno,REPRESIÓN
con un disfraz de villano,REPRESIÓN
y los héroes de la historia,REPRESIÓN
son los héroes cotidianos,REPRESIÓN
Pobre Juan,REPRESIÓN
el odio te hace muy mal,REPRESIÓN
y esperas a tu muerte,REPRESIÓN
justo una madrugada en manos,REPRESIÓN
de la misma sociedad,REPRESIÓN
Juan Represión sueña,REPRESIÓN
poder ser invisible,REPRESIÓN
no puede soportar la verdad,REPRESIÓN
y el terror lo va a matar,REPRESIÓN
Juan Represión grita,REPRESIÓN
Juan Represión llora,REPRESIÓN
Está tan loco el pobre que hoy,REPRESIÓN
en la cárcel se encerró,REPRESIÓN
Esta es la historia,REPRESIÓN
de un hombre,REPRESIÓN
que quiso ser sobrehumano,REPRESIÓN
y la realidad entonces,REPRESIÓN
se le escapó de las manos,REPRESIÓN
y ahora juega a los ladrones,REPRESIÓN
junto con Batman y Robin,REPRESIÓN
en un asilo de ancianos con payasos y gusanos,REPRESIÓN
Pobre Juan,REPRESIÓN
que lástima me da,REPRESIÓN
todos los reprimidos,REPRESIÓN
seremos tus amigos,REPRESIÓN
cuando tires al suelo tu disfraz.,REPRESIÓN
Si puedes recoger,AL CAER
estrellas al caer,AL CAER
verás que el día,AL CAER
siguiente es tuyo,AL CAER
la quinta dimensión,AL CAER
el plato volador,AL CAER
que te mostraba con orgullo,AL CAER
Y cada amanecer,AL CAER
estrellas al caer,AL CAER
verás que el universo es tuyo,AL CAER
la piedra sideral,AL CAER
nunca te va a dejar,AL CAER
Verás que es imposible,AL CAER
verás que es imposible perder,AL CAER
y era fácil fantasear,AL CAER
discurrir,AL CAER
ayudar,AL CAER
A que todos sientan la canción,AL CAER
el amor,AL CAER
la ilusión,AL CAER
que no estuvo muerta,AL CAER
Si puedes recoger,AL CAER
estrellas al caer,AL CAER
verás que es imposible,AL CAER
verás que es imposible perder,AL CAER
Si puedes recoger,AL CAER
estrellas al caer,AL CAER
verás que es imposible,AL CAER
verás que es imposible perder.,AL CAER
Una pelicana,PELICANA Y EL ANDROIDE (FT. LUIS ALBERTO SPINETTA)
con su ala partida,PELICANA Y EL ANDROIDE (FT. LUIS ALBERTO SPINETTA)
se echó a volar,PELICANA Y EL ANDROIDE (FT. LUIS ALBERTO SPINETTA)
y se perdió en la tempestad,PELICANA Y EL ANDROIDE (FT. LUIS ALBERTO SPINETTA)
y fue hacia la Tierra,PELICANA Y EL ANDROIDE (FT. LUIS ALBERTO SPINETTA)
donde habita el androide,PELICANA Y EL ANDROIDE (FT. LUIS ALBERTO SPINETTA)
La calcomanía,PELICANA Y EL ANDROIDE (FT. LUIS ALBERTO SPINETTA)
de todos los días,PELICANA Y EL ANDROIDE (FT. LUIS ALBERTO SPINETTA)
se les pegó,PELICANA Y EL ANDROIDE (FT. LUIS ALBERTO SPINETTA)
pronto tuvieron la razón,PELICANA Y EL ANDROIDE (FT. LUIS ALBERTO SPINETTA)
y procrearon varias aves androides,PELICANA Y EL ANDROIDE (FT. LUIS ALBERTO SPINETTA)
Y en este espacio tan atroz,PELICANA Y EL ANDROIDE (FT. LUIS ALBERTO SPINETTA)
se busca intensamente,PELICANA Y EL ANDROIDE (FT. LUIS ALBERTO SPINETTA)
toda la vida,PELICANA Y EL ANDROIDE (FT. LUIS ALBERTO SPINETTA)
y ya no hay esmeraldas,PELICANA Y EL ANDROIDE (FT. LUIS ALBERTO SPINETTA)
y es que al beber de una piel,PELICANA Y EL ANDROIDE (FT. LUIS ALBERTO SPINETTA)
comprendió que era androide,PELICANA Y EL ANDROIDE (FT. LUIS ALBERTO SPINETTA)
Miles de tormentas,PELICANA Y EL ANDROIDE (FT. LUIS ALBERTO SPINETTA)
arrasaron las comarcas,PELICANA Y EL ANDROIDE (FT. LUIS ALBERTO SPINETTA)
Nos quedamos viendo,PELICANA Y EL ANDROIDE (FT. LUIS ALBERTO SPINETTA)
en la ventana aquel amor,PELICANA Y EL ANDROIDE (FT. LUIS ALBERTO SPINETTA)
que fue tan fuerte,PELICANA Y EL ANDROIDE (FT. LUIS ALBERTO SPINETTA)
Ave de Indochina,PELICANA Y EL ANDROIDE (FT. LUIS ALBERTO SPINETTA)
perdida en la niebla de alta mar,PELICANA Y EL ANDROIDE (FT. LUIS ALBERTO SPINETTA)
nunca te alejes de tu amor,PELICANA Y EL ANDROIDE (FT. LUIS ALBERTO SPINETTA)
aunque lo ignores,PELICANA Y EL ANDROIDE (FT. LUIS ALBERTO SPINETTA)
que él solo es,PELICANA Y EL ANDROIDE (FT. LUIS ALBERTO SPINETTA)
un androide.,PELICANA Y EL ANDROIDE (FT. LUIS ALBERTO SPINETTA)
Dicen que estoy loco,THE WHEELS
haga lo que haga,THE WHEELS
y me dan cantidad,THE WHEELS
de consejos,THE WHEELS
buenos para nada,THE WHEELS
Cuando digo que estoy bien,THE WHEELS
ellos me miran sin entender,THE WHEELS
¿Cómo poder ser feliz,THE WHEELS
si no estás en nuestro tren?,THE WHEELS
Dicen que soy vago,THE WHEELS
cantando por ahí,THE WHEELS
y me dan cantidad de consejos,THE WHEELS
buenos para nada,THE WHEELS
Cuando digo que estoy bien,THE WHEELS
ellos me miran sin entender,THE WHEELS
¿Cómo poder ser feliz,THE WHEELS
si no estás en nuestro tren?.,THE WHEELS
Ahora voy a hablarles de un escorpión:,LÓGICA DEL ESCORPIÓN
este escorpión quería pasar el río y le pidió a la rana que lo llevara.,LÓGICA DEL ESCORPIÓN
¡No!  dijo la rana.,LÓGICA DEL ESCORPIÓN
Si te dejo que te subas a mi espalda puedes picarme y la picadura,LÓGICA DEL ESCORPIÓN
de un escorpión es mortal.,LÓGICA DEL ESCORPIÓN
¡Vaya!  replicó el escorpión,LÓGICA DEL ESCORPIÓN
¿Dónde está la lógica de tus palabras?,LÓGICA DEL ESCORPIÓN
Los escorpiones siempre tratan de ser lógicos:,LÓGICA DEL ESCORPIÓN
"si yo te pico, tú mueres y yo me ahogaré.",LÓGICA DEL ESCORPIÓN
"Al oír estas palabras, la rana quedó convencida",LÓGICA DEL ESCORPIÓN
"y permitió que el escorpión se subiera encima de ella, pero cuando estaban en",LÓGICA DEL ESCORPIÓN
el medio del río sintió un dolor terrible,LÓGICA DEL ESCORPIÓN
"y se dio cuenta: pese a todo, el escorpión la había picado.",LÓGICA DEL ESCORPIÓN
"¡Lógica!  gritó la rana moribunda cuando comenzó a hundirse, arrastrando al",LÓGICA DEL ESCORPIÓN
escorpión bajo las aguas.,LÓGICA DEL ESCORPIÓN
¡No hay lógica en esto!,LÓGICA DEL ESCORPIÓN
Lo sé  respondió el escorpión.,LÓGICA DEL ESCORPIÓN
"Pero no he podido evitarlo, es mi carácter.",LÓGICA DEL ESCORPIÓN
Bebamos por el carácter.,LÓGICA DEL ESCORPIÓN
Si querés ser,AND ROLL STRAR (FITO PÁEZ)
una estrella de rock,AND ROLL STRAR (FITO PÁEZ)
escuchame bien,AND ROLL STRAR (FITO PÁEZ)
lo que te digo yo,AND ROLL STRAR (FITO PÁEZ)
Alquilá la eléctrica ya,AND ROLL STRAR (FITO PÁEZ)
tomate un mes,AND ROLL STRAR (FITO PÁEZ)
aprendé a tocar,AND ROLL STRAR (FITO PÁEZ)
y en poco tiempo más,AND ROLL STRAR (FITO PÁEZ)
estarás en TV,AND ROLL STRAR (FITO PÁEZ)
las chicas van a gritar,AND ROLL STRAR (FITO PÁEZ)
Andá al centro,AND ROLL STRAR (FITO PÁEZ)
y buscate ya,AND ROLL STRAR (FITO PÁEZ)
un representante,AND ROLL STRAR (FITO PÁEZ)
que te va a cagar,AND ROLL STRAR (FITO PÁEZ)
Vendé tu alma,AND ROLL STRAR (FITO PÁEZ)
a la corporación,AND ROLL STRAR (FITO PÁEZ)
vestite bien,AND ROLL STRAR (FITO PÁEZ)
robame una canción,AND ROLL STRAR (FITO PÁEZ)
Y en poco tiempo más,AND ROLL STRAR (FITO PÁEZ)
tendrás tu CD,AND ROLL STRAR (FITO PÁEZ)
las chicas van a gritar,AND ROLL STRAR (FITO PÁEZ)
No te olvides tu eléctrico fin,AND ROLL STRAR (FITO PÁEZ)
aprendé a grabar,AND ROLL STRAR (FITO PÁEZ)
adentro de un placard,AND ROLL STRAR (FITO PÁEZ)
y si alguien te va a discutir,AND ROLL STRAR (FITO PÁEZ)
no te olvides jamás,AND ROLL STRAR (FITO PÁEZ)
sos un rock and roll star.,AND ROLL STRAR (FITO PÁEZ)
Yo soy un vicio más.,VICIO
en tu vida soy un vicio más.,VICIO
"¿Por qué no me dejás,",VICIO
si es qué soy tan sólo soy un vicio?,VICIO
tu vicio.,VICIO
Yo soy un vicio más.,VICIO
En tu mente soy un vicio más.,VICIO
No me podes dejar,VICIO
porque soy tan sólo un vicio.,VICIO
tu vicio.,VICIO
Y cuando estés,VICIO
masturbando a la nena,VICIO
en un hotel de Pinamar,VICIO
"no te hagas problema,",VICIO
"no vale la pena,",VICIO
alguien en el mundo,VICIO
nunca te va a dejar.,VICIO
Yo soy un vicio más.,VICIO
en la gente soy un vicio más.,VICIO
"Contale a tu mamá,",VICIO
ella también tiene el vicio.,VICIO
tu vicio.,VICIO
Y cuando estés,VICIO
masturbando a la nena,VICIO
en una playa de Pinamar,VICIO
"quién te hará el aguante,",VICIO
quién te dará antes,VICIO
todas esas cosas,VICIO
que no puedes comprar.,VICIO
Yo soy un vicio más.,VICIO
todo el tiempo soy un vicio más.,VICIO
En esta sociedad,VICIO
todo el mundo tiene un vicio.,VICIO
tu vicio.,VICIO
Yo soy un vicio más.,VICIO
en tu vida soy un vicio más.,VICIO
"¿Por qué no me dejás,",VICIO
si es que sólo soy un vicio?,VICIO
tu vicio.,VICIO
Soy un vicio más.,VICIO
"Estoy andando por las vías del tren,",NOT IN LOVE
haciendo cosas que no quiero hacer.,NOT IN LOVE
Todo eso tiene una explicación:,NOT IN LOVE
Im not in love.,NOT IN LOVE
"Cuando la gente dice que estoy bien,",NOT IN LOVE
no pueden ver debajo de mi piel.,NOT IN LOVE
Sólo lo hacen por comodidad.,NOT IN LOVE
Im not in love.,NOT IN LOVE
"Es tu ley hacerme sentir culpable,",NOT IN LOVE
necesitas alguien para deshacer.,NOT IN LOVE
"¡Hey!, lo nuestro es interminable.",NOT IN LOVE
Necesito ser.,NOT IN LOVE
Para aburrirme prefiero sufrir.,NOT IN LOVE
Para venderme prefiero morir.,NOT IN LOVE
Lo único que quiero es no ser,NOT IN LOVE
como vos.,NOT IN LOVE
Im not in love.,NOT IN LOVE
"Puedo ver y decir,",3INFLUENCIA
puedo ver y decir y sentir:,3INFLUENCIA
algo ha cambiado.,3INFLUENCIA
para mí no es extraño.,3INFLUENCIA
"Yo no voy a correr,",3INFLUENCIA
yo no voy a correr ni a escapar,3INFLUENCIA
"de mi destino,",3INFLUENCIA
yo pienso en peligro.,3INFLUENCIA
Si fue hecho para mí,3INFLUENCIA
lo tengo que saber.,3INFLUENCIA
"pero es muy difícil ver,",3INFLUENCIA
si algo controla mi ser.,3INFLUENCIA
"En el fondo de mí,",3INFLUENCIA
en el fondo de mí veo temor,3INFLUENCIA
y veo sospechas,3INFLUENCIA
con mi fascinación nueva.,3INFLUENCIA
"Yo no sé bien qué es,",3INFLUENCIA
"Yo no sé bien que es,",3INFLUENCIA
"vos dirás: ""Son intuiciones""",3INFLUENCIA
verdaderas alertas.,3INFLUENCIA
"Debo confiar en mí,",3INFLUENCIA
lo tengo que saber.,3INFLUENCIA
"pero es muy difícil ver,",3INFLUENCIA
si algo controla mi ser.,3INFLUENCIA
Puedo ver y decir y sentir,3INFLUENCIA
mi mente dormir,3INFLUENCIA
bajo tu influencia.,3INFLUENCIA
"Una parte de mi,",3INFLUENCIA
"una parte de mi dice: Stop!,",3INFLUENCIA
"fuiste muy lejos,",3INFLUENCIA
no puedo contenerlo.,3INFLUENCIA
"Trato de resistir,",3INFLUENCIA
trato de resistir,3INFLUENCIA
y al final no es un problema.,3INFLUENCIA
que placer esta pena.,3INFLUENCIA
Si yo fuera otro ser,3INFLUENCIA
no lo podría entender.,3INFLUENCIA
"pero es tan difícil ver,",3INFLUENCIA
si algo controla mi ser.,3INFLUENCIA
Puedo ver y sentir y decir:,3INFLUENCIA
"mi vida dormir,",3INFLUENCIA
será por tu influencia.,3INFLUENCIA
esta extraña influencia.,3INFLUENCIA
Nunca pensé encontrarme con el diablo,CON EL DIABLO
tan vivo y sano como vos y yo,CON EL DIABLO
Tenía la risa que le dan los años,CON EL DIABLO
y la confianza que le da el temor,CON EL DIABLO
Nunca pensé encontrarme con el sabio,CON EL DIABLO
que me analiza como una ecuación,CON EL DIABLO
que espera una respuesta de mis labios,CON EL DIABLO
mientras estoy cantando esta canción,CON EL DIABLO
"Yo solo soy un pedazo de tierra,",CON EL DIABLO
no me confunda señor por favor,CON EL DIABLO
Nunca pensé encontrarme con el jefe,CON EL DIABLO
"en su oficina de tan buen humor,",CON EL DIABLO
pidiéndome que diga lo que pienso,CON EL DIABLO
qué pienso yo de nuestra situación,CON EL DIABLO
Yo solo soy un pedazo de tierra,CON EL DIABLO
no me confunda señor por favor,CON EL DIABLO
Yo solo soy uno más en la tierra,CON EL DIABLO
yo soy uno más bajo el sol,CON EL DIABLO
Que tensión que hay en el ambiente,CON EL DIABLO
cuantos pensarán como yo,CON EL DIABLO
Si las papas están calientes,CON EL DIABLO
¿por qué tengo que ser yo,CON EL DIABLO
el que dé el primer mordiscón?,CON EL DIABLO
"Me siento sólo, lindo, joven,",AMOR ESPERA
"viejo, triste, loco, nuevo, viejo y usado.",AMOR ESPERA
"Me siento lejos, cerca, fuera, linda,",AMOR ESPERA
"fea, loca, fuera, vieja y usada.",AMOR ESPERA
Y si el teléfono no suena,AMOR ESPERA
en el medio de una reunión privada.,AMOR ESPERA
Es que la cinta ésta cansada de escuchar,AMOR ESPERA
siempre las mismas pelotudas pavadas.,AMOR ESPERA
Y el amor espera.,AMOR ESPERA
Y el amor espera.,AMOR ESPERA
Y el amor espera.,AMOR ESPERA
Yo hago el muerto,AMOR ESPERA
"para ver quién me llora,",AMOR ESPERA
para ver quién me ha usado.,AMOR ESPERA
Yo me hago el diablo,AMOR ESPERA
porque sabe más por viejo,AMOR ESPERA
que lo que aprende del diablo.,AMOR ESPERA
Y si el teléfono no suena,AMOR ESPERA
en el medio de una reunión privada.,AMOR ESPERA
Es que la cinta está cansada de escuchar,AMOR ESPERA
siempre las mismas pelotudas pavadas.,AMOR ESPERA
Y el amor espera.,AMOR ESPERA
"Y ya es primavera,",AMOR ESPERA
"y la mesa, cera,",AMOR ESPERA
"y la vela, nada.",AMOR ESPERA
"""Why don´t we sing this song all together""",AMOR ESPERA
"Pero si resbalas y te dejas caer,",AMOR ESPERA
Pero si tus alas no te cortan los pies.,AMOR ESPERA
Todo el mundo sabe que no puedo vivir sin vos.,AMOR ESPERA
"Somos como peces que están fuera del mar,",AMOR ESPERA
fuimos tantas veces hacia el mismo lugar.,AMOR ESPERA
"Todo el mundo quiere, todo el mundo quiere olvidar.",AMOR ESPERA
"Pero si resbalas y no te caes, mi amor.",AMOR ESPERA
Pero si tus alas no se queman al sol.,AMOR ESPERA
Todo el mundo sabe que no puedo vivir sin vos.,AMOR ESPERA
"Somos como peces que están fuera del mar,",AMOR ESPERA
fuimos tantas veces hacia el mismo lugar.,AMOR ESPERA
"Todo el mundo quiere, todo el mundo quiere olvidar.",AMOR ESPERA
(INSTRUMENTAL),SORDOMUDA
"Mi nena no me quiere ya más,",NENA
no necesita amor:,NENA
Mi nena no me quiere llamar;,NENA
no necesita cosas para dos.,NENA
cuando estás alrededor,NENA
yo soy feliz.,NENA
"A donde estás, yo voy.",NENA
Las chicas que no saben reír,NENA
jamás van a bailar.,NENA
"Espero que me digas que si,",NENA
no tengo más excusas para dar.,NENA
Cuando estás alrededor,NENA
"yo soy feliz,",NENA
A donde vas ya estoy.,NENA
Es inútil descubrir un poema,NENA
donde no quedó nada.,NENA
Es inútil esconder tu mirada,NENA
"cerca de mi ilusión,",NENA
en Cangallo y Pavón,NENA
cantando estas canciones de amor.,NENA
Cuando estás alrededor,NENA
yo soy feliz.,NENA
A donde vas ya fui.,NENA
A dónde estás yo voy.,NENA
A dónde vas yo estoy,NENA
Yo soy un vicio más.,VICIO
en tu vida soy un vicio más.,VICIO
"¿Por qué no me dejás,",VICIO
si es qué soy tan sólo soy un vicio?,VICIO
tu vicio.,VICIO
Yo soy un vicio más.,VICIO
En tu mente soy un vicio más.,VICIO
No me podes dejar,VICIO
porque soy tan sólo un vicio.,VICIO
tu vicio.,VICIO
Y cuando estés,VICIO
masturbando a la nena,VICIO
en un hotel de Pinamar,VICIO
"no te hagas problema,",VICIO
"no vale la pena,",VICIO
alguien en el mundo,VICIO
nunca te va a dejar.,VICIO
Yo soy un vicio más.,VICIO
en la gente soy un vicio más.,VICIO
"Contale a tu mamá,",VICIO
ella también tiene el vicio.,VICIO
tu vicio.,VICIO
Y cuando estés,VICIO
masturbando a la nena,VICIO
en una playa de Pinamar,VICIO
"quién te hará el aguante,",VICIO
quién te dará antes,VICIO
todas esas cosas,VICIO
que no puedes comprar.,VICIO
Yo soy un vicio más.,VICIO
todo el tiempo soy un vicio más.,VICIO
En esta sociedad,VICIO
todo el mundo tiene un vicio.,VICIO
tu vicio.,VICIO
Yo soy un vicio más.,VICIO
en tu vida soy un vicio más.,VICIO
"¿Por qué no me dejás,",VICIO
si es que sólo soy un vicio?,VICIO
tu vicio.,VICIO
Soy un vicio más.,VICIO
Hey...hay veces que el amor,EGO
Es una zorra,EGO
Perseguida por jinetes,EGO
Se quiere transformar,EGO
En un tapado de visón,EGO
Que la vida no merece,EGO
Y si me ves reír,EGO
Cansado de sufrir,EGO
Por intereses,EGO
Esta el sur tiene una,EGO
Estrella de dios,EGO
Y la certeza de que todo pertenece,EGO
A través de una canción (cargada del amor),EGO
"En este brete estas tu,",EGO
sos una estrella del sol,EGO
cansada del amor.,EGO
Falta algún detalle? nunca te lo olvides!,EGO
Dime donde vas a ir,EGO
porque la sorrita se escapo por la ventana,EGO
Dime que tengo que hacer?,EGO
Estoy cansado de estas imprevistas emociones!,EGO
Dime donde vas a ir.,EGO
"Estoy cansado de la gente que no sale,",EGO
"que no sabe, que no pide perdón.",EGO
"Estoy andando por las vías del tren,",M NOT IN LOVE (ACÚSTICO)
haciendo cosas que no quiero hacer.,M NOT IN LOVE (ACÚSTICO)
Todo eso tiene una explicación:,M NOT IN LOVE (ACÚSTICO)
Im not in love.,M NOT IN LOVE (ACÚSTICO)
"Cuando la gente dice que estoy bien,",M NOT IN LOVE (ACÚSTICO)
no pueden ver debajo de mi piel.,M NOT IN LOVE (ACÚSTICO)
Sólo lo hacen por comodidad.,M NOT IN LOVE (ACÚSTICO)
Im not in love.,M NOT IN LOVE (ACÚSTICO)
"Es tu ley hacerme sentir culpable,",M NOT IN LOVE (ACÚSTICO)
necesitas alguien para deshacer.,M NOT IN LOVE (ACÚSTICO)
"¡Hey!, lo nuestro es interminable.",M NOT IN LOVE (ACÚSTICO)
Necesito ser.,M NOT IN LOVE (ACÚSTICO)
Para aburrirme prefiero sufrir.,M NOT IN LOVE (ACÚSTICO)
Para venderme prefiero morir.,M NOT IN LOVE (ACÚSTICO)
Lo único que quiero es no ser,M NOT IN LOVE (ACÚSTICO)
como vos.,M NOT IN LOVE (ACÚSTICO)
Im not in love.,M NOT IN LOVE (ACÚSTICO)
"Estoy andando por las vías del tren,",M NOT IN LOVE (REMIX)
haciendo cosas que no quiero hacer.,M NOT IN LOVE (REMIX)
Todo eso tiene una explicación:,M NOT IN LOVE (REMIX)
Im not in love.,M NOT IN LOVE (REMIX)
"Cuando la gente dice que estoy bien,",M NOT IN LOVE (REMIX)
no pueden ver debajo de mi piel.,M NOT IN LOVE (REMIX)
Sólo lo hacen por comodidad.,M NOT IN LOVE (REMIX)
Im not in love.,M NOT IN LOVE (REMIX)
"Es tu ley hacerme sentir culpable,",M NOT IN LOVE (REMIX)
necesitas alguien para deshacer.,M NOT IN LOVE (REMIX)
"¡Hey!, lo nuestro es interminable.",M NOT IN LOVE (REMIX)
Necesito ser.,M NOT IN LOVE (REMIX)
Para aburrirme prefiero sufrir.,M NOT IN LOVE (REMIX)
Para venderme prefiero morir.,M NOT IN LOVE (REMIX)
Lo único que quiero es no ser,M NOT IN LOVE (REMIX)
como vos.,M NOT IN LOVE (REMIX)
Im not in love.,M NOT IN LOVE (REMIX)
Yo miro por el día que vendrá,(CON NITO MESTRE)
hermoso como un sol en la ciudad,(CON NITO MESTRE)
y si me escuchas bien,(CON NITO MESTRE)
creo que entenderás,(CON NITO MESTRE)
por qué yo esperé en vano,(CON NITO MESTRE)
que me dieras tu mano,(CON NITO MESTRE)
de mis huesos la humanidad,(CON NITO MESTRE)
debes salvar,(CON NITO MESTRE)
"Los magos, los acróbatas, los clowns",(CON NITO MESTRE)
mueven los hilos con habilidad,(CON NITO MESTRE)
¿pero no es el terror a la soledad,(CON NITO MESTRE)
lo que hace a los payasos,(CON NITO MESTRE)
"uno rojo, otro blanco",(CON NITO MESTRE)
y a los viejos romper la voz,(CON NITO MESTRE)
para cantar?,(CON NITO MESTRE)
"Oye, hijo, las cosas están de este modo",(CON NITO MESTRE)
una radio en mi cuarto me lo dice todo,(CON NITO MESTRE)
¡no preguntes más!,(CON NITO MESTRE)
"tenés sábados, hembras y televisores",(CON NITO MESTRE)
tenés días para andar aún sin los pantalones,(CON NITO MESTRE)
¡no preguntes más!,(CON NITO MESTRE)
Siempre el mismo terror a la soledad,(CON NITO MESTRE)
me hizo esperar en vano,(CON NITO MESTRE)
que me dieras tu mano,(CON NITO MESTRE)
cuando el sol me viene a buscar,(CON NITO MESTRE)
a llevar mis sueños al justo lugar,(CON NITO MESTRE)
"Ella está por embarcar,",EN TRANCE
quizás consiga un pasaje,EN TRANCE
en la borda.,EN TRANCE
Ella está por despegar,EN TRANCE
ella se va.,EN TRANCE
Ella viaja sin pagar,EN TRANCE
el viejo truco de andar,EN TRANCE
por la sombra.,EN TRANCE
Ella baila sobre el mar,EN TRANCE
ella se va.,EN TRANCE
Pasajera en trance,EN TRANCE
pasajera en tránsito perpetuo,EN TRANCE
Pasajera en trance,EN TRANCE
transitando los lugares ciertos.,EN TRANCE
"Un amor real,",EN TRANCE
es cómo dormir y estar despierto,EN TRANCE
Un amor real,EN TRANCE
es como vivir en aeropuerto,EN TRANCE
La indómita luz,POR VOS
se hizo carne en mí,POR VOS
y lo dejé todo por esta soledad,POR VOS
y leo revistas,POR VOS
en la tempestad,POR VOS
Hice sacrificio,POR VOS
abracé la cruz al amanecer,POR VOS
"rezo, rezo, rezo, rezo por vos",POR VOS
Morí sin morir,POR VOS
y me abracé al dolor,POR VOS
y lo dejé todo por esta soledad,POR VOS
ya se hizo de noche,POR VOS
y ahora estoy aquí,POR VOS
Mi cuerpo se cae,POR VOS
sólo veo la cruz al amanecer,POR VOS
"rezo, rezo, rezo, rezo por vos",POR VOS
Y curé mis heridas,POR VOS
y me encendí de amor,POR VOS
y quemé las cortinas,POR VOS
"y me encendí de amor,",POR VOS
de amor sagrado,POR VOS
Y entonces,POR VOS
"rezo, rezo, rezo, rezo por vos",POR VOS
Podés pasear en limousine,DE LA CAMA AL LIVING
cortar las flores del jardín,DE LA CAMA AL LIVING
podés cambiar el sol,DE LA CAMA AL LIVING
y esconderte si no quieres verme.,DE LA CAMA AL LIVING
Puedes ver amanecer,DE LA CAMA AL LIVING
con caviar desde un hotel,DE LA CAMA AL LIVING
y no tienes un poquito de amor para dar.,DE LA CAMA AL LIVING
Yendo de la cama al living,DE LA CAMA AL LIVING
sientes el encierro,DE LA CAMA AL LIVING
yendo de la cama al living.,DE LA CAMA AL LIVING
Podés saltar de un trampolín,DE LA CAMA AL LIVING
batir un record en patín,DE LA CAMA AL LIVING
"podés hacer un gol,",DE LA CAMA AL LIVING
podés llevar tu luna al cielo,DE LA CAMA AL LIVING
Puedes ser un gran campeón,DE LA CAMA AL LIVING
jugar en la selección,DE LA CAMA AL LIVING
y no tienes un poquito de amor para dar.,DE LA CAMA AL LIVING
Yendo de la cama al living,DE LA CAMA AL LIVING
sientes el encierro,DE LA CAMA AL LIVING
yendo de la cama al living.,DE LA CAMA AL LIVING
Oh no no no,DE LA CAMA AL LIVING
no hay ninguna vibración,DE LA CAMA AL LIVING
aunque vives en el mundo de cine,DE LA CAMA AL LIVING
no hay señales de algo que vive en mí.,DE LA CAMA AL LIVING
Voy yendo de la cama al living,DE LA CAMA AL LIVING
sientes el encierro,DE LA CAMA AL LIVING
voy yendo de la cama al living.,DE LA CAMA AL LIVING
Voy a cambiar,TU AMOR
voy a insistir,TU AMOR
voy a pelear,TU AMOR
voy a seguir.,TU AMOR
Yo necesito tu amor,TU AMOR
tu amor me salva y me sirve,TU AMOR
yo necesito tu amor,TU AMOR
cada día un poco más.,TU AMOR
Yo tengo el vicio de,TU AMOR
dejarme llevar,TU AMOR
y poner mi cabeza en Marte.,TU AMOR
Tengo prejuicios que,TU AMOR
no puedo sacar,TU AMOR
tengo un cuerpo que,TU AMOR
quiere amarte.,TU AMOR
Yo vi tu amor,TU AMOR
yo vi tu amor.,TU AMOR
Dentro del mal,TU AMOR
cerca del fin,TU AMOR
"cerca de vos,",TU AMOR
dentro de mí.,TU AMOR
Yo necesito tu amor,TU AMOR
tu amor me salva y me sirve,TU AMOR
yo necesito tu amor,TU AMOR
cada día un poco más.,TU AMOR
No tengo nadie,TU AMOR
que yo quiera escuchar,TU AMOR
ni pasiones para abrigarme,TU AMOR
"no tengo máscara,",TU AMOR
no tengo disfraz,TU AMOR
ni señales para guiarme,TU AMOR
al menos hoy,TU AMOR
al menos hoy.,TU AMOR
Oh no puedes ser feliz,A TU CORAZÓN
con tanta gente hablando a tu alrededor,A TU CORAZÓN
oh dame tu amor a mí,A TU CORAZÓN
"le estoy hablando, hablando, hablando a tu corazón",A TU CORAZÓN
"Cuando estás muy sola, sola en la calle",A TU CORAZÓN
"con tanta gente hablando, hablando a tu alrededor",A TU CORAZÓN
necesitas a alguien que te acompañe,A TU CORAZÓN
"le estoy hablando, hablando, hablando a tu corazón",A TU CORAZÓN
No importa el lenguaje ni las palabras,A TU CORAZÓN
ni las fronteras que separan a nuestro amor,A TU CORAZÓN
quiero que me escuches y que te abras,A TU CORAZÓN
"le estoy hablando, hablando, hablando a tu corazón",A TU CORAZÓN
"Puedo ver y decir,",7INFLUENCIA
puedo ver y decir y sentir:,7INFLUENCIA
algo ha cambiado.,7INFLUENCIA
para mí no es extraño.,7INFLUENCIA
"Yo no voy a correr,",7INFLUENCIA
yo no voy a correr ni a escapar,7INFLUENCIA
"de mi destino,",7INFLUENCIA
yo pienso en peligro.,7INFLUENCIA
Si fue hecho para mí,7INFLUENCIA
lo tengo que saber.,7INFLUENCIA
"pero es muy difícil ver,",7INFLUENCIA
si algo controla mi ser.,7INFLUENCIA
"En el fondo de mí,",7INFLUENCIA
en el fondo de mí veo temor,7INFLUENCIA
y veo sospechas,7INFLUENCIA
con mi fascinación nueva.,7INFLUENCIA
"Yo no sé bien qué es,",7INFLUENCIA
"Yo no sé bien que es,",7INFLUENCIA
"vos dirás: ""Son intuiciones""",7INFLUENCIA
verdaderas alertas.,7INFLUENCIA
"Debo confiar en mí,",7INFLUENCIA
lo tengo que saber.,7INFLUENCIA
"pero es muy difícil ver,",7INFLUENCIA
si algo controla mi ser.,7INFLUENCIA
Puedo ver y decir y sentir,7INFLUENCIA
mi mente dormir,7INFLUENCIA
bajo tu influencia.,7INFLUENCIA
"Una parte de mi,",7INFLUENCIA
"una parte de mi dice: Stop!,",7INFLUENCIA
"fuiste muy lejos,",7INFLUENCIA
no puedo contenerlo.,7INFLUENCIA
"Trato de resistir,",7INFLUENCIA
trato de resistir,7INFLUENCIA
y al final no es un problema.,7INFLUENCIA
que placer esta pena.,7INFLUENCIA
Si yo fuera otro ser,7INFLUENCIA
no lo podría entender.,7INFLUENCIA
"pero es tan difícil ver,",7INFLUENCIA
si algo controla mi ser.,7INFLUENCIA
Puedo ver y sentir y decir:,7INFLUENCIA
"mi vida dormir,",7INFLUENCIA
será por tu influencia.,7INFLUENCIA
esta extraña influencia.,7INFLUENCIA
"Detrás de las paredes, no puedo esperar mil años que cambie el viento, tengo que volverte a ver.",TRAJES DE LÁGRIMAS II (CON GRACIELA BORGES)
Siento las preguntas de tu voz y empiezo a amarte con toda mi piel.,TRAJES DE LÁGRIMAS II (CON GRACIELA BORGES)
"No pregunten más, soy un ser que quiere andar, sin pedir permiso para ir a llorar.",TRAJES DE LÁGRIMAS II (CON GRACIELA BORGES)
"Cuando el sol me viene a buscar, a llevar mis sueños al justo lugar.",TRAJES DE LÁGRIMAS II (CON GRACIELA BORGES)
"Será porque nos queremos sentir bien, que ahora estamos bailando entre la gente?",TRAJES DE LÁGRIMAS II (CON GRACIELA BORGES)
Quiero verte desnuda el día que desfilen los cuerpos que han sido salvados.,TRAJES DE LÁGRIMAS II (CON GRACIELA BORGES)
"No fueron las pastillas, fueron los hombres de gris.",TRAJES DE LÁGRIMAS II (CON GRACIELA BORGES)
Cuánto tiempo más llevará? Mi capricho es ley.,TRAJES DE LÁGRIMAS II (CON GRACIELA BORGES)
Siempre que salgo tengo al lado un monitor,9FANTASY
y no sé quién está aquí.,9FANTASY
Alguien me llama por el maldito amor,9FANTASY
y no sé quién está aquí.,9FANTASY
No conozco a nadie,9FANTASY
y todos saben de mí,9FANTASY
pero es así,9FANTASY
porque siempre estoy en Fantasy.,9FANTASY
Cuando estoy sólo ya no se por quien vivir,9FANTASY
porque nunca estás aquí.,9FANTASY
Ya mis pies congelados llegan hasta mí,9FANTASY
porque nunca estás aquí,9FANTASY
No sabes de nada,9FANTASY
y todos hablan de ti,9FANTASY
pero es así,9FANTASY
porque siempre estás en Fantasy.,9FANTASY
Fantasy es un lugar,9FANTASY
del que nadie puede regresar,9FANTASY
del que nadie puede regresar.,9FANTASY
Fantasy es ilusión,9FANTASY
porque nunca hay nadie alrededor,9FANTASY
porque nunca hay nadie alrededor.,9FANTASY
No conozco a nadie,9FANTASY
quisiera verte a ti,9FANTASY
pero es así,9FANTASY
porque siempre estás.,9FANTASY
Fantasy es un lugar,9FANTASY
del que nadie puede regresar,9FANTASY
del que nadie puede regresar.,9FANTASY
Fantasy es ilusión,9FANTASY
porque nunca hay nadie alrededor,9FANTASY
porque nunca hay nadie alrededor.,9FANTASY
No conozco a nadie,9FANTASY
quisiera verte a ti,9FANTASY
pero es así,9FANTASY
porque siempre estás.,9FANTASY
"Quién sabe Alicia, este país",DE ALICIA EN EL PAÍS
no estuvo hecho porque sí,DE ALICIA EN EL PAÍS
"Te vas a ir, vas a salir",DE ALICIA EN EL PAÍS
"pero te quedas,",DE ALICIA EN EL PAÍS
¿dónde más vas a ir?,DE ALICIA EN EL PAÍS
"Y es que aquí, sabés",DE ALICIA EN EL PAÍS
"el trabalenguas, trabalenguas",DE ALICIA EN EL PAÍS
el asesino te asesina,DE ALICIA EN EL PAÍS
y es mucho para ti,DE ALICIA EN EL PAÍS
Se acabó ese juego que te hacía feliz,DE ALICIA EN EL PAÍS
"No cuentes lo que viste en los jardines,",DE ALICIA EN EL PAÍS
el sueño acabó,DE ALICIA EN EL PAÍS
ya no hay morsas ni tortugas,DE ALICIA EN EL PAÍS
Un río de cabezas aplastadas,DE ALICIA EN EL PAÍS
por el mismo pie,DE ALICIA EN EL PAÍS
juegan cricket,DE ALICIA EN EL PAÍS
bajo la luna,DE ALICIA EN EL PAÍS
"Estamos en la tierra de nadie,",DE ALICIA EN EL PAÍS
pero es mía,DE ALICIA EN EL PAÍS
"los inocentes son los culpables,",DE ALICIA EN EL PAÍS
"dice su señoría,",DE ALICIA EN EL PAÍS
el rey de espadas,DE ALICIA EN EL PAÍS
No cuentes que hay,DE ALICIA EN EL PAÍS
"detrás de aquel espejo,",DE ALICIA EN EL PAÍS
no tendrás poder,DE ALICIA EN EL PAÍS
"ni abogados, ni testigos",DE ALICIA EN EL PAÍS
Enciende los candiles,DE ALICIA EN EL PAÍS
que los brujos piensan en volver,DE ALICIA EN EL PAÍS
a nublarnos el camino,DE ALICIA EN EL PAÍS
"Estamos en la tierra de todos,",DE ALICIA EN EL PAÍS
en la mía,DE ALICIA EN EL PAÍS
"sobre el pasado y sobre el futuro,",DE ALICIA EN EL PAÍS
"ruinas sobre ruinas,",DE ALICIA EN EL PAÍS
querida Alicia,DE ALICIA EN EL PAÍS
"Quién sabe Alicia, este país",DE ALICIA EN EL PAÍS
no estuvo hecho porque sí,DE ALICIA EN EL PAÍS
"te vas a ir, vas a salir",DE ALICIA EN EL PAÍS
"pero te quedas,",DE ALICIA EN EL PAÍS
¿dónde más vas a ir?,DE ALICIA EN EL PAÍS
"Y es que aquí, sabés",DE ALICIA EN EL PAÍS
"el trabalenguas, trabalenguas",DE ALICIA EN EL PAÍS
"el asesino, te asesina",DE ALICIA EN EL PAÍS
y es mucho para ti,DE ALICIA EN EL PAÍS
Se acabó,DE ALICIA EN EL PAÍS
se acabó ese,DE ALICIA EN EL PAÍS
se acabó ese juego,DE ALICIA EN EL PAÍS
se acabó ese juego,DE ALICIA EN EL PAÍS
que te hacía feliz...,DE ALICIA EN EL PAÍS
"Acabo de llegar,",SOY UN EXTRAÑO
no soy un extraño,SOY UN EXTRAÑO
conozco esta ciudad,SOY UN EXTRAÑO
"no es como en los diarios,",SOY UN EXTRAÑO
desde allá.,SOY UN EXTRAÑO
"Dos tipos en un bar,",SOY UN EXTRAÑO
se toman las manos.,SOY UN EXTRAÑO
Prenden un grabador,SOY UN EXTRAÑO
"y bailan un tango,",SOY UN EXTRAÑO
de verdad.,SOY UN EXTRAÑO
"Y yo los miro sin querer mirar,",SOY UN EXTRAÑO
"enciendo un faso para despistar,",SOY UN EXTRAÑO
me quedo piola y empiezo a pensar,SOY UN EXTRAÑO
que no hay que pescar,SOY UN EXTRAÑO
dos veces con la misma red.,SOY UN EXTRAÑO
Acabo de mirar las luces que pasan,SOY UN EXTRAÑO
acabo de cruzar las plazas las rayas y el color.,SOY UN EXTRAÑO
Y siento un aroma poco familiar,SOY UN EXTRAÑO
alguien se acerca y comienza a hablar,SOY UN EXTRAÑO
"Me quedo piola y digo que tal,",SOY UN EXTRAÑO
vamos a pescar,SOY UN EXTRAÑO
dos veces con la misma red.,SOY UN EXTRAÑO
"Desprejuiciados son los que vendrán,",SOY UN EXTRAÑO
y los que están ya no me importan más,SOY UN EXTRAÑO
los carceleros de la humanidad,SOY UN EXTRAÑO
"no me atraparán,",SOY UN EXTRAÑO
dos veces con la misma red.,SOY UN EXTRAÑO
"Estoy verde, no me dejan salir.",ME DEJAN SALIR
"estoy verde, no me dejan salir.",ME DEJAN SALIR
"No puedo largar, no puedo salir",ME DEJAN SALIR
no puedo sentir amor a este sentimiento,ME DEJAN SALIR
tengo que volverte a ver.,ME DEJAN SALIR
Tengo que volverte a ver,ME DEJAN SALIR
no puedo salir,ME DEJAN SALIR
por amor a este sentimiento.,ME DEJAN SALIR
"Estoy verde, no me dejan salir",ME DEJAN SALIR
"estoy verde, no me dejan salir.",ME DEJAN SALIR
"No puedo pensar, no puedo vivir",ME DEJAN SALIR
no puedo pensar si amor es un pensamiento,ME DEJAN SALIR
tengo que volverte a ver.,ME DEJAN SALIR
Tengo que volverte a ver,ME DEJAN SALIR
"no puedo perder, por amor a ese sentimiento.",ME DEJAN SALIR
Tengo que confiar en mi amor,ME DEJAN SALIR
tengo que confiar en mi sentimiento,ME DEJAN SALIR
tengo que confiar en mi amor,ME DEJAN SALIR
tengo que confiar en mi sentimiento.,ME DEJAN SALIR
Ya no sirve vivir para sufrir,ME DEJAN SALIR
"te das cuenta, sacate el mocasín.",ME DEJAN SALIR
"No puedo calmar, no puedo parir",ME DEJAN SALIR
no puedo esperar mil años que cambie el viento,ME DEJAN SALIR
tengo que volverte a ver.,ME DEJAN SALIR
Tengo que volverte a ver,ME DEJAN SALIR
"no puedo perder, por amor a ese sentimiento",ME DEJAN SALIR
Tengo que confiar en mi amor,ME DEJAN SALIR
tengo que confiar en mi sentimiento.,ME DEJAN SALIR
Hay en este lugar,13CUCHILLOS
mucho para dar,13CUCHILLOS
no te puedo mentir,13CUCHILLOS
porque sos tan fiel,13CUCHILLOS
me viste crecer,13CUCHILLOS
me viste nacer,13CUCHILLOS
y yo te vi reír,13CUCHILLOS
Cuando el cristal,13CUCHILLOS
se apague en el mal,13CUCHILLOS
"verás, que toda",13CUCHILLOS
esta canción,13CUCHILLOS
es alegría,13CUCHILLOS
"Hoy, hoy tal como ayer",13CUCHILLOS
desaparecer,13CUCHILLOS
es todos sonreír,13CUCHILLOS
De tanto darte amor,13CUCHILLOS
te hice feliz,13CUCHILLOS
cortando el aire,13CUCHILLOS
solo hasta sentir,13CUCHILLOS
que no había perdón,13CUCHILLOS
que no había razón,13CUCHILLOS
ya no puedo morir,13CUCHILLOS
Esa navaja gris,13CUCHILLOS
te cortó la voz,13CUCHILLOS
se hizo cuchillo,13CUCHILLOS
al fin,13CUCHILLOS
"Nace una flor, todos los días sale el sol",COLECTIVO
de vez en cuando escuchas aquella voz.,COLECTIVO
"Cómo de pan, gustosa de cantar,",COLECTIVO
en los aleros de mi mente con las chicharras.,COLECTIVO
Pero a la vez existe un transformador,COLECTIVO
que te consume lo mejor que tenés,COLECTIVO
"te tira atrás, te pide más y más",COLECTIVO
y llega un punto en que no querés.,COLECTIVO
"Mamá la libertad, siempre la llevarás",COLECTIVO
dentro del corazón,COLECTIVO
te pueden corromper,COLECTIVO
te puedes olvidar,COLECTIVO
pero ella siempre está,COLECTIVO
"Mamá la libertad, siempre la llevarás",COLECTIVO
dentro del corazón,COLECTIVO
te pueden corromper,COLECTIVO
te puedes olvidar,COLECTIVO
pero ella siempre está,COLECTIVO
"Ayer soñé con los hambrientos, los locos,",COLECTIVO
"los que se fueron, los que están en prisión",COLECTIVO
hoy desperté cantando esta canción,COLECTIVO
que ya fue escrita hace tiempo atrás.,COLECTIVO
"Es necesario cantar de nuevo,",COLECTIVO
una vez más.,COLECTIVO
"Mamá la libertad, siempre la llevarás",COLECTIVO
dentro del corazón,COLECTIVO
te pueden corromper,COLECTIVO
te puedes olvidar,COLECTIVO
pero ella siempre está,COLECTIVO
"Mamá la libertad, siempre la llevarás",COLECTIVO
dentro del corazón,COLECTIVO
te pueden corromper,COLECTIVO
te puedes olvidar,COLECTIVO
pero ella siempre está.,COLECTIVO
A donde voy no llego,SAL NO SALA (CON JUANSE)
a donde estoy resbalo,SAL NO SALA (CON JUANSE)
no es porque sea bueno,SAL NO SALA (CON JUANSE)
tampoco soy tan malo,SAL NO SALA (CON JUANSE)
pero yo se que...,SAL NO SALA (CON JUANSE)
La sal no sala,SAL NO SALA (CON JUANSE)
y el azúcar no endulza,SAL NO SALA (CON JUANSE)
La sal no sala,SAL NO SALA (CON JUANSE)
y el azúcar no endulza,SAL NO SALA (CON JUANSE)
La madre de mi hermana,SAL NO SALA (CON JUANSE)
hizo un pacto con Dios,SAL NO SALA (CON JUANSE)
se inyectó mercurio,SAL NO SALA (CON JUANSE)
y ahora te lo da a vos,SAL NO SALA (CON JUANSE)
Pero sabes que...,SAL NO SALA (CON JUANSE)
La sal no sala,SAL NO SALA (CON JUANSE)
y el azúcar no endulza,SAL NO SALA (CON JUANSE)
La sal no sala,SAL NO SALA (CON JUANSE)
y el azúcar no endulza,SAL NO SALA (CON JUANSE)
No soporto la mañana,SAL NO SALA (CON JUANSE)
no soporto el sol,SAL NO SALA (CON JUANSE)
Estoy harto de tu hermana,SAL NO SALA (CON JUANSE)
estoy harto,SAL NO SALA (CON JUANSE)
La chica de la esquina,SAL NO SALA (CON JUANSE)
me está tratando mal,SAL NO SALA (CON JUANSE)
me vende una droga,SAL NO SALA (CON JUANSE)
que no puedo pagar,SAL NO SALA (CON JUANSE)
Pero sabes que...,SAL NO SALA (CON JUANSE)
La sal no sala,SAL NO SALA (CON JUANSE)
y el azúcar no endulza,SAL NO SALA (CON JUANSE)
La sal no sala,SAL NO SALA (CON JUANSE)
y el azúcar no endulza,SAL NO SALA (CON JUANSE)
(Me dijeron que hay alguien,SAL NO SALA (CON JUANSE)
que tiene de la buena),SAL NO SALA (CON JUANSE)
La sal no sala,SAL NO SALA (CON JUANSE)
y el azúcar no endulza,SAL NO SALA (CON JUANSE)
La sal no sala,SAL NO SALA (CON JUANSE)
y el azúcar no endulza.,SAL NO SALA (CON JUANSE)
"Por favor,",SOBRE EL BIDET
no hagas promesas sobre el bidet,SOBRE EL BIDET
"por favor,",SOBRE EL BIDET
no me abras más los sobres,SOBRE EL BIDET
"por favor,",SOBRE EL BIDET
yo te prometo te escribiré,SOBRE EL BIDET
si es que paras de correr,SOBRE EL BIDET
"Por favor,",SOBRE EL BIDET
sigue la sombra de mi bebé,SOBRE EL BIDET
"por favor,",SOBRE EL BIDET
"no bebas más, no llores",SOBRE EL BIDET
"por favor,",SOBRE EL BIDET
yo te prometo te escribiré,SOBRE EL BIDET
si es que para de llover,SOBRE EL BIDET
Porque me tratas tan bien,SOBRE EL BIDET
me tratas tan mal,SOBRE EL BIDET
sabes que no aprendí a vivir,SOBRE EL BIDET
A veces estoy tan bien,SOBRE EL BIDET
estoy tan down,SOBRE EL BIDET
calambres en el alma,SOBRE EL BIDET
cada cual tiene un trip,SOBRE EL BIDET
en el bocho,SOBRE EL BIDET
difícil que lleguemos,SOBRE EL BIDET
a ponernos,SOBRE EL BIDET
"de acuerdo, de acuerdo",SOBRE EL BIDET
Hablamos al pasar,ANDALUZ (CON PEDRO AZNAR)
acerca de alguien que conozco bien.,ANDALUZ (CON PEDRO AZNAR)
Me dejo atravesar,ANDALUZ (CON PEDRO AZNAR)
soy como un túnel donde corre el tren,ANDALUZ (CON PEDRO AZNAR)
Te hacés mi amiga,ANDALUZ (CON PEDRO AZNAR)
si estás conmigo.,ANDALUZ (CON PEDRO AZNAR)
pero cuando estás con otro,ANDALUZ (CON PEDRO AZNAR)
me deshacés.,ANDALUZ (CON PEDRO AZNAR)
Te encanta caretear,ANDALUZ (CON PEDRO AZNAR)
ser aceptada donde te odian más.,ANDALUZ (CON PEDRO AZNAR)
"Velocidad mental,",ANDALUZ (CON PEDRO AZNAR)
estratagemas y saber actuar,ANDALUZ (CON PEDRO AZNAR)
"Quien más, quien menos",ANDALUZ (CON PEDRO AZNAR)
conoce el  juego,ANDALUZ (CON PEDRO AZNAR)
"Si así es como nos tratamos,",ANDALUZ (CON PEDRO AZNAR)
esto va mal,ANDALUZ (CON PEDRO AZNAR)
muy mal!,ANDALUZ (CON PEDRO AZNAR)
Soy un tonto en seguirte,ANDALUZ (CON PEDRO AZNAR)
como un perro andalúz,ANDALUZ (CON PEDRO AZNAR)
pero mi amor se acabará,ANDALUZ (CON PEDRO AZNAR)
alguno de estos días,ANDALUZ (CON PEDRO AZNAR)
alguna de estas noches.,ANDALUZ (CON PEDRO AZNAR)
Soy un tonto en seguirte,ANDALUZ (CON PEDRO AZNAR)
como un perro andalúz,ANDALUZ (CON PEDRO AZNAR)
pero mi amor se acabará,ANDALUZ (CON PEDRO AZNAR)
alguno de estos días,ANDALUZ (CON PEDRO AZNAR)
alguna de estas noches.,ANDALUZ (CON PEDRO AZNAR)
Tu amor te espera,"LLORES POR MÍ, ARGENTINA (CON PEDRO AZNAR)"
no esperes más.,"LLORES POR MÍ, ARGENTINA (CON PEDRO AZNAR)"
en qué perdiste tanto tiempo?,"LLORES POR MÍ, ARGENTINA (CON PEDRO AZNAR)"
indecisa al hablar,"LLORES POR MÍ, ARGENTINA (CON PEDRO AZNAR)"
tan dura como Humpfrey Bogart,"LLORES POR MÍ, ARGENTINA (CON PEDRO AZNAR)"
Entre lujurias y represión,"LLORES POR MÍ, ARGENTINA (CON PEDRO AZNAR)"
bailaste los discos de moda,"LLORES POR MÍ, ARGENTINA (CON PEDRO AZNAR)"
y era tu diversión,"LLORES POR MÍ, ARGENTINA (CON PEDRO AZNAR)"
burlarte de los ilusionistas.,"LLORES POR MÍ, ARGENTINA (CON PEDRO AZNAR)"
No llores por las heridas,"LLORES POR MÍ, ARGENTINA (CON PEDRO AZNAR)"
que no paran de sangrar.,"LLORES POR MÍ, ARGENTINA (CON PEDRO AZNAR)"
"no llores por mí, Argentina","LLORES POR MÍ, ARGENTINA (CON PEDRO AZNAR)"
te quiero cada días más.,"LLORES POR MÍ, ARGENTINA (CON PEDRO AZNAR)"
Estás enferma de frustración,"LLORES POR MÍ, ARGENTINA (CON PEDRO AZNAR)"
y en tu locura no hay acuerdo.,"LLORES POR MÍ, ARGENTINA (CON PEDRO AZNAR)"
una hiena al reír,"LLORES POR MÍ, ARGENTINA (CON PEDRO AZNAR)"
pero al almuerzo con los cerdos.,"LLORES POR MÍ, ARGENTINA (CON PEDRO AZNAR)"
Si las estrellas de cabaret,"LLORES POR MÍ, ARGENTINA (CON PEDRO AZNAR)"
se ríen de tus movimientos,"LLORES POR MÍ, ARGENTINA (CON PEDRO AZNAR)"
no es preciso mentir,"LLORES POR MÍ, ARGENTINA (CON PEDRO AZNAR)"
la mierda que hay en tus pensamientos,"LLORES POR MÍ, ARGENTINA (CON PEDRO AZNAR)"
No llores por las heridas,"LLORES POR MÍ, ARGENTINA (CON PEDRO AZNAR)"
que no paran de sangrar.,"LLORES POR MÍ, ARGENTINA (CON PEDRO AZNAR)"
"no llores por mí, Argentina","LLORES POR MÍ, ARGENTINA (CON PEDRO AZNAR)"
"te quiero cada día,","LLORES POR MÍ, ARGENTINA (CON PEDRO AZNAR)"
te quiero cada día más.,"LLORES POR MÍ, ARGENTINA (CON PEDRO AZNAR)"
Alguien se quiere ir.,"LLORES POR MÍ, ARGENTINA (CON PEDRO AZNAR)"
alguien quiere volver,"LLORES POR MÍ, ARGENTINA (CON PEDRO AZNAR)"
alguien que está atrapado,"LLORES POR MÍ, ARGENTINA (CON PEDRO AZNAR)"
en el medio de un recuerdo.,"LLORES POR MÍ, ARGENTINA (CON PEDRO AZNAR)"
Esto yo ya lo vi,"LLORES POR MÍ, ARGENTINA (CON PEDRO AZNAR)"
esto ya lo escuché,"LLORES POR MÍ, ARGENTINA (CON PEDRO AZNAR)"
ella no quiere ser amiga,"LLORES POR MÍ, ARGENTINA (CON PEDRO AZNAR)"
de un chico de este pueblo.,"LLORES POR MÍ, ARGENTINA (CON PEDRO AZNAR)"
No llores por las heridas,"LLORES POR MÍ, ARGENTINA (CON PEDRO AZNAR)"
que no paran de sangrar.,"LLORES POR MÍ, ARGENTINA (CON PEDRO AZNAR)"
"no llores por mí, Argentina","LLORES POR MÍ, ARGENTINA (CON PEDRO AZNAR)"
"te quiero cada día,","LLORES POR MÍ, ARGENTINA (CON PEDRO AZNAR)"
te quiero cada día más.,"LLORES POR MÍ, ARGENTINA (CON PEDRO AZNAR)"
Detrás de las paredes,LAS PIEDRAS
que ayer te han levantado,LAS PIEDRAS
te ruego que respires todavía.,LAS PIEDRAS
Apoyo mis espaldas y espero que abraces,LAS PIEDRAS
atravesando el muro de mis días.,LAS PIEDRAS
"Y rasguña las piedras,",LAS PIEDRAS
y rasguña las piedras.,LAS PIEDRAS
y rasguña las piedras hasta mí.,LAS PIEDRAS
"Apenas perceptibles, escucho tus palabras",LAS PIEDRAS
se acercan las bandas de rock and roll,LAS PIEDRAS
"y sacuden un poco,",LAS PIEDRAS
las paredes gastadas,LAS PIEDRAS
y siento las preguntas de tu voz.,LAS PIEDRAS
"Y rasguña las piedras,",LAS PIEDRAS
y rasguña las piedras.,LAS PIEDRAS
y rasguña las piedras hasta mí.,LAS PIEDRAS
Y si estoy cansado de gritarte,LAS PIEDRAS
es que sólo quiero despertarte.,LAS PIEDRAS
Y por fin veo tus ojos,LAS PIEDRAS
que lloran desde el fondo,LAS PIEDRAS
y empiezo a amarte con toda mi piel,LAS PIEDRAS
Y escarbo hasta abrazarte,LAS PIEDRAS
y me sangran las manos,LAS PIEDRAS
pero qué libres vamos a crecer,LAS PIEDRAS
"Y rasguña las piedras,",LAS PIEDRAS
y rasguña las piedras.,LAS PIEDRAS
y rasguña las piedras hasta mí.,LAS PIEDRAS
"Y rasguña las piedras,",LAS PIEDRAS
y rasguña las piedras.,LAS PIEDRAS
y rasguña las piedras hasta mí.,LAS PIEDRAS
No voy a parar,20FANKY
yo no tengo dudas,20FANKY
no voy a bajar,20FANKY
déjalo que suba.,20FANKY
Por eso no quiero parar,20FANKY
ya no tengo dudas,20FANKY
no voy a bajar,20FANKY
déjalo que suba.,20FANKY
"Gozar, es tan parecido al amor",20FANKY
Gozar es tan diferente al amor.,20FANKY
El cambió una dirección,20FANKY
otra oportunidad merece alguna decisión.,20FANKY
Basta!,20FANKY
No voy a parar,20FANKY
yo no tengo dudas,20FANKY
no voy a bajar,20FANKY
déjalo que suba.,20FANKY
Gozar es tan parecido al amor,20FANKY
Gozar es tan diferente a matar.,20FANKY
Cuando pienso en el fin,20FANKY
cuando pienso en todo lo que dí.,20FANKY
Cuando miro el final,20FANKY
cuando sueño que todo va a acabar.,20FANKY
"Gozar es tan necesario, mi amor",20FANKY
Gozar es tan diferente al amor.,20FANKY
"Ella es menor, él es normal",SIGUEN PEGANDO ABAJO (PECADO MORTAL)
y lo que están haciendo es un pecado mortal,SIGUEN PEGANDO ABAJO (PECADO MORTAL)
ella se quedó sin boda ni arroz,SIGUEN PEGANDO ABAJO (PECADO MORTAL)
y al novio lo agarraron entre muchos más que dos.,SIGUEN PEGANDO ABAJO (PECADO MORTAL)
Miren lo están golpeando todo el tiempo,SIGUEN PEGANDO ABAJO (PECADO MORTAL)
"lo vuelven, vuelven a golpear",SIGUEN PEGANDO ABAJO (PECADO MORTAL)
nos siguen pegando abajo.,SIGUEN PEGANDO ABAJO (PECADO MORTAL)
Yo estaba en un club,SIGUEN PEGANDO ABAJO (PECADO MORTAL)
no había casi luz,SIGUEN PEGANDO ABAJO (PECADO MORTAL)
la puerta de salida tenía un farolito azul.,SIGUEN PEGANDO ABAJO (PECADO MORTAL)
El se desmayó delante de mí,SIGUEN PEGANDO ABAJO (PECADO MORTAL)
no fueron las pastillas,SIGUEN PEGANDO ABAJO (PECADO MORTAL)
fueron los hombres de gris,SIGUEN PEGANDO ABAJO (PECADO MORTAL)
Miren lo están golpeando todo el tiempo,SIGUEN PEGANDO ABAJO (PECADO MORTAL)
"lo vuelven, vuelven a golpear",SIGUEN PEGANDO ABAJO (PECADO MORTAL)
nos siguen pegando abajo.,SIGUEN PEGANDO ABAJO (PECADO MORTAL)
Estoy yéndome,SIGUEN PEGANDO ABAJO (PECADO MORTAL)
soy como una luz apagándose,SIGUEN PEGANDO ABAJO (PECADO MORTAL)
"desde el piso los pude ver,",SIGUEN PEGANDO ABAJO (PECADO MORTAL)
locos de placer alejándose,SIGUEN PEGANDO ABAJO (PECADO MORTAL)
Miren lo están golpeando todo el tiempo,SIGUEN PEGANDO ABAJO (PECADO MORTAL)
"lo vuelven, vuelven a golpear",SIGUEN PEGANDO ABAJO (PECADO MORTAL)
nos siguen pegando abajo.,SIGUEN PEGANDO ABAJO (PECADO MORTAL)
"Acabo de llegar,",SOY UN EXTRAÑO
no soy un extraño,SOY UN EXTRAÑO
conozco esta ciudad,SOY UN EXTRAÑO
"no es como en los diarios,",SOY UN EXTRAÑO
desde allá.,SOY UN EXTRAÑO
"Dos tipos en un bar,",SOY UN EXTRAÑO
se toman las manos.,SOY UN EXTRAÑO
Prenden un grabador,SOY UN EXTRAÑO
"y bailan un tango,",SOY UN EXTRAÑO
de verdad.,SOY UN EXTRAÑO
"Y yo los miro sin querer mirar,",SOY UN EXTRAÑO
"enciendo un faso para despistar,",SOY UN EXTRAÑO
me quedo piola y empiezo a pensar,SOY UN EXTRAÑO
que no hay que pescar,SOY UN EXTRAÑO
dos veces con la misma red.,SOY UN EXTRAÑO
Acabo de mirar las luces que pasan,SOY UN EXTRAÑO
acabo de cruzar las plazas las rayas y el color.,SOY UN EXTRAÑO
Y siento un aroma poco familiar,SOY UN EXTRAÑO
alguien se acerca y comienza a hablar,SOY UN EXTRAÑO
"Me quedo piola y digo que tal,",SOY UN EXTRAÑO
vamos a pescar,SOY UN EXTRAÑO
dos veces con la misma red.,SOY UN EXTRAÑO
"Desprejuiciados son los que vendrán,",SOY UN EXTRAÑO
y los que están ya no me importan más,SOY UN EXTRAÑO
los carceleros de la humanidad,SOY UN EXTRAÑO
"no me atraparán,",SOY UN EXTRAÑO
dos veces con la misma red.,SOY UN EXTRAÑO
El se cansó de hacer canciones de protesta,CERO UNO (TRANSAS)
y se vendió a Fiorucci.,CERO UNO (TRANSAS)
El se cansó de andar haciendo apuestas,CERO UNO (TRANSAS)
y se puso a estudiar.,CERO UNO (TRANSAS)
un día se cortará el pelo,CERO UNO (TRANSAS)
no creo que pueda dejar de fumar.,CERO UNO (TRANSAS)
"Anda bolado,",CERO UNO (TRANSAS)
"hace un poco de base,",CERO UNO (TRANSAS)
pero no le va mal.,CERO UNO (TRANSAS)
"No se alquiló ni un guardaespaldas negro,",CERO UNO (TRANSAS)
"no era Lennon ni Rucci,",CERO UNO (TRANSAS)
Se preguntó por qué,CERO UNO (TRANSAS)
"sus hijos nunca lo invitaban al bar,",CERO UNO (TRANSAS)
un día volverá a las fuentes.,CERO UNO (TRANSAS)
No creo que pueda dejar de protestar.,CERO UNO (TRANSAS)
"Anda preocupado,",CERO UNO (TRANSAS)
perdió algo de fama,CERO UNO (TRANSAS)
pero no le va mal.,CERO UNO (TRANSAS)
Transas.,CERO UNO (TRANSAS)
Daría cualquier cosa por amor,TRAPOS
daría cualquier cosa,TRAPOS
por poder llegar un poco más,TRAPOS
más de lo que puedo dar.,TRAPOS
Pero a la vez quiero decirte,TRAPOS
que te encargues de tu vida,TRAPOS
porque yo no soy mejor que vos,TRAPOS
vos no sos mejor que yo.,TRAPOS
Y aunque cambiemos de color las trincheras,TRAPOS
y aunque cambiemos de lugar las banderas,TRAPOS
siempre es como la primera vez.,TRAPOS
Y mientras todo el mundo sigue bailando,TRAPOS
se ven dos pibes que aún siguen buscando,TRAPOS
encontrarse por primera vez,TRAPOS
.,TRAPOS
Habiendo compartido aquél temor,TRAPOS
habiendo convivido en ésta desolación total,TRAPOS
ya no es necesario más.,TRAPOS
Y aunque cambiemos de color las trincheras,TRAPOS
y aunque cambiemos de lugar las banderas,TRAPOS
siempre es como la primera vez.,TRAPOS
Y mientras todo el mundo sigue bailando,TRAPOS
se ven dos pibes que aún siguen buscando,TRAPOS
encontrarse por primera vez.,TRAPOS
Están pasando demasiadas cosas raras,ESE DEFECTO
para que todo pueda seguir tan normal.,ESE DEFECTO
Desconfío de tu cara de informado,ESE DEFECTO
y de tu instinto de supervivencia.,ESE DEFECTO
Hace tiempo que no leo ni veo nada,ESE DEFECTO
porque me ofende que todo esté tan mal.,ESE DEFECTO
Y hasta las personas lindas me dan rabia,ESE DEFECTO
y los chicos y las chicas no hacen nada por cambiar.,ESE DEFECTO
Porque algún día se va a abrir esta trampa mortal,ESE DEFECTO
pero hasta entonces llevarás en tu cara una sombra.,ESE DEFECTO
Y yo te digo eh,ESE DEFECTO
bancate ese defecto,ESE DEFECTO
no es culpa tuya si la nariz no hace juego en tu cara.,ESE DEFECTO
Y yo te digo eh,ESE DEFECTO
bancate ese defecto,ESE DEFECTO
aunque te arregles las gomas nena,ESE DEFECTO
seguirás siendo rara.,ESE DEFECTO
"Mutilados, desnutridos,",ESE DEFECTO
"ojo de vidrio, muestra tu cicatriz",ESE DEFECTO
"marineros, maricones, embolsados,",ESE DEFECTO
bailan la danza de la inteligencia.,ESE DEFECTO
Están pasando demasiadas cosas raras,ESE DEFECTO
para que todo pueda seguir tan normal,ESE DEFECTO
Todo el mundo me conoce por la cara,ESE DEFECTO
todo el mundo se da cuenta por la forma de bailar.,ESE DEFECTO
Y yo te digo eh,ESE DEFECTO
bancate ese defecto,ESE DEFECTO
no es culpa tuya si la nariz no hace juego en tu cara.,ESE DEFECTO
Y yo te digo eh,ESE DEFECTO
bancate ese defecto,ESE DEFECTO
aunque te arregles las gomas nena,ESE DEFECTO
seguirás siendo rara.,ESE DEFECTO
"Estoy verde, no me dejan salir.",ME DEJAN SALIR
"estoy verde, no me dejan salir.",ME DEJAN SALIR
"No puedo largar, no puedo salir",ME DEJAN SALIR
no puedo sentir amor a este sentimiento,ME DEJAN SALIR
tengo que volverte a ver.,ME DEJAN SALIR
Tengo que volverte a ver,ME DEJAN SALIR
no puedo salir,ME DEJAN SALIR
por amor a este sentimiento.,ME DEJAN SALIR
"Estoy verde, no me dejan salir",ME DEJAN SALIR
"estoy verde, no me dejan salir.",ME DEJAN SALIR
"No puedo pensar, no puedo vivir",ME DEJAN SALIR
no puedo pensar si amor es un pensamiento,ME DEJAN SALIR
tengo que volverte a ver.,ME DEJAN SALIR
Tengo que volverte a ver,ME DEJAN SALIR
"no puedo perder, por amor a ese sentimiento.",ME DEJAN SALIR
Tengo que confiar en mi amor,ME DEJAN SALIR
tengo que confiar en mi sentimiento,ME DEJAN SALIR
tengo que confiar en mi amor,ME DEJAN SALIR
tengo que confiar en mi sentimiento.,ME DEJAN SALIR
Ya no sirve vivir para sufrir,ME DEJAN SALIR
"te das cuenta, sacate el mocasín.",ME DEJAN SALIR
"No puedo calmar, no puedo parir",ME DEJAN SALIR
no puedo esperar mil años que cambie el viento,ME DEJAN SALIR
tengo que volverte a ver.,ME DEJAN SALIR
Tengo que volverte a ver,ME DEJAN SALIR
"no puedo perder, por amor a ese sentimiento",ME DEJAN SALIR
Tengo que confiar en mi amor,ME DEJAN SALIR
tengo que confiar en mi sentimiento.,ME DEJAN SALIR
Los amigos del barrio pueden desaparecer,DINOSAURIOS
los cantores de radio pueden desaparecer,DINOSAURIOS
los que están en los diarios pueden desaparecer,DINOSAURIOS
la persona que amas puede desaparecer.,DINOSAURIOS
Los que están en el aire,DINOSAURIOS
pueden desaparecer en el aire,DINOSAURIOS
los que están en la calle,DINOSAURIOS
pueden desaparecer en la calle.,DINOSAURIOS
"Los amigos del barrio pueden desaparecer,",DINOSAURIOS
pero los dinosaurios van a desaparecer.,DINOSAURIOS
"No estoy tranquilo mi amor,",DINOSAURIOS
"hoy es sábado a la noche,",DINOSAURIOS
un amigo está en cana.,DINOSAURIOS
Oh mi amor,DINOSAURIOS
desaparece el mundo,DINOSAURIOS
Si los pesados mi amor llevan,DINOSAURIOS
todo ese montón de equipajes en la mano,DINOSAURIOS
oh mi amor yo quiero estar liviano.,DINOSAURIOS
Cuando el mundo tira para abajo,DINOSAURIOS
yo no quiero estar atado a nada,DINOSAURIOS
imaginen a los dinosaurios en la cama,DINOSAURIOS
Cuando el mundo tira para abajo,DINOSAURIOS
yo no quiero estar atado a nada,DINOSAURIOS
imaginen a los dinosaurios en la cama,DINOSAURIOS
Los amigos del barrio,DINOSAURIOS
pueden desaparecer,DINOSAURIOS
los cantores de radio,DINOSAURIOS
pueden desaparecer,DINOSAURIOS
los que están en los diarios,DINOSAURIOS
pueden desaparecer,DINOSAURIOS
la persona que amas,DINOSAURIOS
puede desaparecer.,DINOSAURIOS
Los que están en el aire,DINOSAURIOS
pueden desaparecer en el aire,DINOSAURIOS
los que están en la calle,DINOSAURIOS
pueden desaparecer en la calle.,DINOSAURIOS
Los amigos del barrio,DINOSAURIOS
"pueden desaparecer,",DINOSAURIOS
pero los dinosaurios,DINOSAURIOS
van a desaparecer.,DINOSAURIOS
"Vi la luna, chorreando sin parar",SOBRE PLATEADO (HUELLAS EN EL MAR)
su luz de catedral,SOBRE PLATEADO (HUELLAS EN EL MAR)
y un barco viejo cruzando,SOBRE PLATEADO (HUELLAS EN EL MAR)
el mar de Sudamérica a Europa,SOBRE PLATEADO (HUELLAS EN EL MAR)
sobre un espejo lleno de sal,SOBRE PLATEADO (HUELLAS EN EL MAR)
Aeroplanos cortando el celofán,SOBRE PLATEADO (HUELLAS EN EL MAR)
de un cielo tropical,SOBRE PLATEADO (HUELLAS EN EL MAR)
abriendo surcos van a llevar,SOBRE PLATEADO (HUELLAS EN EL MAR)
hacia el exilio o la vuelta,SOBRE PLATEADO (HUELLAS EN EL MAR)
a los que ya no aguantaron más,SOBRE PLATEADO (HUELLAS EN EL MAR)
Huellas en el mar,SOBRE PLATEADO (HUELLAS EN EL MAR)
sangre en nuestro hogar,SOBRE PLATEADO (HUELLAS EN EL MAR)
porque tenemos que ir tan lejos,SOBRE PLATEADO (HUELLAS EN EL MAR)
para estar acá,SOBRE PLATEADO (HUELLAS EN EL MAR)
nos quedamos por tener fe,SOBRE PLATEADO (HUELLAS EN EL MAR)
nos fuimos por amar,SOBRE PLATEADO (HUELLAS EN EL MAR)
ganamos algo y algo se fue,SOBRE PLATEADO (HUELLAS EN EL MAR)
y algunos hijos son padres,SOBRE PLATEADO (HUELLAS EN EL MAR)
y algunas huellas ya son la piel,SOBRE PLATEADO (HUELLAS EN EL MAR)
No tengo agua en el calefón,DE VIDEOTAPE
no tengo que escribir canciones de amor.,DE VIDEOTAPE
No ves que espero resucitar,DE VIDEOTAPE
mientras miras esos ojos de videotape.,DE VIDEOTAPE
Ya llega aquél examen del bien y el mal.,DE VIDEOTAPE
Ya llegan las noticias cruzando el mar.,DE VIDEOTAPE
"No ves que el mundo gira al revés,",DE VIDEOTAPE
mientras miras esos ojos de videotape.,DE VIDEOTAPE
Este mundo exclamará por siempre,DE VIDEOTAPE
la película que vi una vez,DE VIDEOTAPE
y este mundo te dirá por siempre,DE VIDEOTAPE
que es mejor mirar a la pared.,DE VIDEOTAPE
Ya tienes las postales del Paraguay,DE VIDEOTAPE
ya tienes las valijas sobre el diván.,DE VIDEOTAPE
"Te vas, el mundo gira al revés",DE VIDEOTAPE
mientras miras esos ojos de videotape.,DE VIDEOTAPE
Este mundo exclamará por siempre,DE VIDEOTAPE
la película que vi una vez,DE VIDEOTAPE
y este mundo te dirá por siempre,DE VIDEOTAPE
que es mejor mirar a la pared.,DE VIDEOTAPE
Pedimos perdón,MÁQUINA DE SER FELIZ
"corriendo, enmascarando el fin,",MÁQUINA DE SER FELIZ
"por eso te busqué, por eso diseñé",MÁQUINA DE SER FELIZ
la máquina de ser feliz.,MÁQUINA DE SER FELIZ
"Plateada y lunar,",MÁQUINA DE SER FELIZ
"remotamente digital,",MÁQUINA DE SER FELIZ
"no tiene que hacer bien, no tiene que hacer mal,",MÁQUINA DE SER FELIZ
es inocencia artificial.,MÁQUINA DE SER FELIZ
"Prende y se apaga sola,",MÁQUINA DE SER FELIZ
sale después de hora.,MÁQUINA DE SER FELIZ
"Hay tanta gente sola,",MÁQUINA DE SER FELIZ
hoy tanta gente llora.,MÁQUINA DE SER FELIZ
Con forma de un pez,MÁQUINA DE SER FELIZ
"nadando en mares de Ravel,",MÁQUINA DE SER FELIZ
"no sé si la robé, no sé si la pedí",MÁQUINA DE SER FELIZ
o simplemente estuvo ahí.,MÁQUINA DE SER FELIZ
"Un día se me fue,",MÁQUINA DE SER FELIZ
"ese día yo volví a reír,",MÁQUINA DE SER FELIZ
"y la felicidad persiste en soledad,",MÁQUINA DE SER FELIZ
la máquina no puede dar.,MÁQUINA DE SER FELIZ
"Prende y se apaga sola,",MÁQUINA DE SER FELIZ
"sale después de hora,",MÁQUINA DE SER FELIZ
la máquina de ser feliz.,MÁQUINA DE SER FELIZ
"Hay tanta gente sola,",MÁQUINA DE SER FELIZ
hoy tanta gente llora.,MÁQUINA DE SER FELIZ
"La máquina de ser feliz,",MÁQUINA DE SER FELIZ
"la tiene el Papa, la tengo yo.",MÁQUINA DE SER FELIZ
La máquina de ser feliz.,MÁQUINA DE SER FELIZ
"Ella es tan chica, tan drogadicta",ES TAN KUBRICK
ella no sabe mucho más qué hacer,ES TAN KUBRICK
"tiene un cuaderno, un diario eterno",ES TAN KUBRICK
bien escondido dentro de su piel.,ES TAN KUBRICK
"Ella es tan Kubrick, si la descubren",ES TAN KUBRICK
sería una estrella de primer nivel,ES TAN KUBRICK
"pero su madre, junto a su padre",ES TAN KUBRICK
seguro todo lo echan a perder.,ES TAN KUBRICK
"Ella es lolita, es Nicole Kidman",ES TAN KUBRICK
full metal jacket de un rincón burdel,ES TAN KUBRICK
"es esquizoide, no es celuloide",ES TAN KUBRICK
"(no es resplandor), ni siquiera un hotel.",ES TAN KUBRICK
"pero su madre, junto a su padre",ES TAN KUBRICK
no ven la artista que se va a perder.,ES TAN KUBRICK
yo la vi un día transportando un vinilo,ES TAN KUBRICK
me hizo acordar un poco a Fabi Cantilo,ES TAN KUBRICK
me sorprendió que me haya reconocido,ES TAN KUBRICK
"sopló mi rostro, y juro que me pegó.",ES TAN KUBRICK
"ella es tan chica, tan drogadicta",ES TAN KUBRICK
ella no sabe mucho más qué hacer,ES TAN KUBRICK
"ella es tan Kubrick, si la descubren",ES TAN KUBRICK
sería una estrella de primer nivel.,ES TAN KUBRICK
Al fin llegó la primavera,3PRIMAVERA
al fin iremos a pasear,3PRIMAVERA
al fin la ropa de la escuela,3PRIMAVERA
se empezará a deshilachar.,3PRIMAVERA
Y seremos hoy más jóvenes que ayer,3PRIMAVERA
es que el sol nos va a invitar a renacer.,3PRIMAVERA
Ahora que estoy rehabilitado,3PRIMAVERA
saldré de gira y otra vez,3PRIMAVERA
me encerrarán cuando se acabe,3PRIMAVERA
y roben lo que yo gané.,3PRIMAVERA
Porque a mí ya no me importa discutir,3PRIMAVERA
es la inteligencia lo que lo hace huir,3PRIMAVERA
No me mostrés tus celulares,3PRIMAVERA
con su gramática fatal,3PRIMAVERA
"arroba, punto, ja ja, sabes...",3PRIMAVERA
gramática vegetal,3PRIMAVERA
porque pronto dejarán de funcionar,3PRIMAVERA
estarás en este mundo digital.,3PRIMAVERA
Al fin llegó la primavera,3PRIMAVERA
al fin saldremos a pasear,3PRIMAVERA
al fin al viento las polleras,3PRIMAVERA
al fin piropos al pasar,3PRIMAVERA
Porque siempre estaré pronto a renacer,3PRIMAVERA
porque hoy yo estoy más joven que ayer,3PRIMAVERA
"que ayer, que ayer...",3PRIMAVERA
"Vivo en un edificio, a dos cuadras de la facultad",4RIVALIDAD
"donde guardo los vicios,",4RIVALIDAD
en la entrada hay seguridad,4RIVALIDAD
pero siempre hay vecinas incapaces,4RIVALIDAD
para distinguir,4RIVALIDAD
"la música del ruido, pero nunca van a conseguir",4RIVALIDAD
"Cambiarme baby, cambiarme baby",4RIVALIDAD
"viva la rivalidad, siga la rivalidad",4RIVALIDAD
sólo quiero la rivalidad.,4RIVALIDAD
"Cambiarme baby,",4RIVALIDAD
cambiarme baby...,4RIVALIDAD
"viva la rivalidad, siga la rivalidad",4RIVALIDAD
yo no quiero la rivalidad.,4RIVALIDAD
La noche del silencio cayó negra sobre la ciudad,4RIVALIDAD
algunos tenían miedo o rajaban para otro lugar,4RIVALIDAD
yo sé qué se imaginan cuando hablo,4RIVALIDAD
de la cruz del sur,4RIVALIDAD
"no es un lugar del cielo,",4RIVALIDAD
es la estrella donde brillas tú.,4RIVALIDAD
"Cambiarme baby, cambiarme baby",4RIVALIDAD
"viva la rivalidad, siga la rivalidad",4RIVALIDAD
sólo espero la rivalidad.,4RIVALIDAD
En la primera hora,5OTRO
me dieron el papel,5OTRO
la concha de la lora,5OTRO
ahora lo tiene él.,5OTRO
Por eso yo ya quiero,5OTRO
"otro, otro, otro",5OTRO
"yo quiero otro, nada más",5OTRO
"otro, otro, otro",5OTRO
Yo quería ser fascista,5OTRO
pero no me fue bien,5OTRO
después psicoanalista,5OTRO
pero ahí me asusté,5OTRO
la medicina quiero,5OTRO
"otro, otro, otro",5OTRO
querían a otro en mi lugar,5OTRO
"otro, otro, otro",5OTRO
"Ya ves, amantes otra vez",6LLUVIA
por eso es que hoy llovió,6LLUVIA
"ya ves, modelos de papel",6LLUVIA
no las critiques vos.,6LLUVIA
Ya ves que no te puedo dejar,6LLUVIA
las cosas que quisiste tener,6LLUVIA
"ya ves, amantes otra vez",6LLUVIA
por eso es que hoy llovió.,6LLUVIA
"Ya ves, no puedes entender",6LLUVIA
a tu reputación,6LLUVIA
"no ves, el gato que hay en vos",6LLUVIA
no te lo digo yo.,6LLUVIA
Ya ves que yo no te puedo dar,6LLUVIA
las cosas que quisiste dejar,6LLUVIA
"ya ves, amantes otra vez",6LLUVIA
por eso es que hoy llovió.,6LLUVIA
Me escapé por ahí,6LLUVIA
y el colchón me chupó la angustia,6LLUVIA
y vas a estar bien,6LLUVIA
cuando el sol no nos vuelva locos.,6LLUVIA
Ya ves que ya no quiero nada,6LLUVIA
no quiero nada más de vos,6LLUVIA
"ya ves, amantes otra vez",6LLUVIA
por eso es que hoy llovió.,6LLUVIA
Ya ves que no te puedo dejar,6LLUVIA
las cosas que quisiste tener,6LLUVIA
"ya ves, amantes otra vez",6LLUVIA
por eso es que hoy llovió,6LLUVIA
Me escapé una vez,6LLUVIA
me metí en un cine sucio,6LLUVIA
y ví cómo él bailaba,6LLUVIA
"en la lluvia, era",6LLUVIA
Una película gastada,6LLUVIA
una película en color,6LLUVIA
"ya ves, amantes en la lluvia",6LLUVIA
te lo digo yo.,6LLUVIA
Es medianoche en la televisión,DE DIOS
"cuando uno quiere algo de diversión,",DE DIOS
"con maquillaje y sin disfraz,",DE DIOS
aparecen los amigos de Dios.,DE DIOS
"Son brasileros o de otro país,",DE DIOS
todos se esconden bajo de un tapiz.,DE DIOS
"Esto, con Hitler ya pasó,",DE DIOS
el milagro de una mala actuación.,DE DIOS
"Y la historia de Jesús,",DE DIOS
que se atragantó la cruz,DE DIOS
eligiendo a una puta sin dientes.,DE DIOS
"Loco, cambio de canal,",DE DIOS
pero sigue el recital;,DE DIOS
¿Con qué mierda drogan a la gente?,DE DIOS
"El cojo avanza, el mudo tiene voz,",DE DIOS
todos se esconden bajo de un telón.,DE DIOS
¿Qué mierda van a vender?,DE DIOS
"Es difícil de creer,",DE DIOS
se volvieron locos de repente.,DE DIOS
"Es la eterna juventud,",DE DIOS
"es esa maldita luz,",DE DIOS
es la droga que arruinó tu mente.,DE DIOS
"Es medianoche en la televisión,",DE DIOS
"cuando uno quiere algo de diversión,",DE DIOS
"con maquillaje, sin disfraz,",DE DIOS
aparecen los amigos de Dios.,DE DIOS
Toda esta mierda sucedió,DE DIOS
el día que Tinelli nació.,DE DIOS
Aparecen los amigos de Dios.,DE DIOS
Aparecen los amigos de Dios.,DE DIOS
Abrí la puerta y subí al avión,9SPECTOR
no pude verte ni decirte adiós,9SPECTOR
apenas si sabía donde aterrizaría,9SPECTOR
"pero perderte, nena, era mi misión.",9SPECTOR
Hay cada turro en la televisión,9SPECTOR
ya sea en tu living o quizá en Japón,9SPECTOR
"no conseguí escaparme, tenía que quedarme",9SPECTOR
"las redes tendrán llave, pero una prisión.",9SPECTOR
Yo te conté dónde había actuado,9SPECTOR
el escenario era un bajón,9SPECTOR
entonces ella y sus pecados,9SPECTOR
volvieron con esta canción.,9SPECTOR
Si por desgracia tengo que tratar,9SPECTOR
y mis valijas van a revisar,9SPECTOR
"ya no sería un cantante, un narcotraficante",9SPECTOR
siempre serás mi amante y me seguirás.,9SPECTOR
Yo te mostraré el camino,9SPECTOR
entre la cana y los demás,9SPECTOR
vos siempre vas a estar conmigo,9SPECTOR
"soy tu testigo, tu disfraz.",9SPECTOR
Él es un hombre que hizo bien,B
siempre trata de seguir,B
"a pesar del mundo, y en eso el",B
mundo b,B
a la chica que hizo bien,B
siempre trata de fingir,B
a pesar del mundo y este mundo,B
El pasado no me condena,B
el presente no me da pena,B
el futuro está asegurado,B
y los muertos están comprados por,B
él!,B
Que es un hombre que hizo bien,B
siempre tratando de ir,B
a pesar del mundo y en eso el mundo b,B
a la chica que hizo bien,B
siempre trata de fingir,B
a pesar del mundo y este mundo,B
Hay más muertos que nacimientos,B
hay más pálidos que contentos,B
hay más chicas que están en bolas,B
y los muertos están de moda.,B
A la mañana me acuesto con el día,CON UN ALMA
Pero a la noche me acuesto con tu voz.,CON UN ALMA
"Hay alguien, alguien que me quiere ver.",CON UN ALMA
Estoy dileando con un alma que no puedo entender.,CON UN ALMA
"Y me arrastro,",CON UN ALMA
Me arrastro entre las calles,CON UN ALMA
Entre la niebla de la degradación,CON UN ALMA
"Hay alguien, alguien que me quiere ver",CON UN ALMA
Estoy dileando con un alma,CON UN ALMA
que no puedo entender.,CON UN ALMA
Y yo estoy enamorado de la nena,CON UN ALMA
Y el amor nunca me va a pedir perdón,CON UN ALMA
"Si fuera un árbol, sería un Spinetta",CON UN ALMA
"Si fuera un auto, sería un Renault Dauphine",CON UN ALMA
"Hay ángel, ángel que me guardas bien",CON UN ALMA
Estoy dileando con un alma que no puedo entender,CON UN ALMA
Y yo sigo enamorado de la nena,CON UN ALMA
Y el amor nunca me va a pedir perdón,CON UN ALMA
"Por eso vamos!, pegame como un hombre",CON UN ALMA
Y cogeme como una gran mujer,CON UN ALMA
"Hay alguien, alguien que me quiere ver",CON UN ALMA
Estoy dileando con un alma,CON UN ALMA
que no puedo entender,CON UN ALMA
Dileando con un alma,CON UN ALMA
Que no puedo entender,CON UN ALMA
Estoy deleando con un alma,CON UN ALMA
Que no puedo,CON UN ALMA
Y no quiero entender.,CON UN ALMA
"Te daré mi amor, te daré mi amor",CON UN ALMA
"Te daré mi amor, te daré mi amor",CON UN ALMA
Tarde o temprano yo te daré mi amor.,CON UN ALMA
Tarde o temprano yo te daré mi amor,CON UN ALMA
"Hey todo el mundo, sirvan al rehén",2REHÉN
"Dénle lo que pida, también dénle de comer",2REHÉN
"Cuiden sus pastillas, tengan el control",2REHÉN
Nadie va a enterarse,2REHÉN
Si es la luna o es el sol,2REHÉN
No está bien y no está mal,2REHÉN
"No está loca, tampoco es normal",2REHÉN
Ella es un gran rehén,2REHÉN
"Sé a dónde fuiste, sé con quién estás",2REHÉN
De dónde viniste,2REHÉN
Y por supuesto a dónde vas,2REHÉN
Vas a los museos para sonreír,2REHÉN
"Pero de esta pieza, nena",2REHÉN
No vas a salir,2REHÉN
No está bien y no está mal,2REHÉN
"No es celosa, tampoco es normal",2REHÉN
Ella es un gran rehén,2REHÉN
¿En qué planeta estás?,2REHÉN
"Rehén, rehén, rehén",2REHÉN
Sola en tu habitación no podés ver,2REHÉN
Escuchas los sonidos de la noche,2REHÉN
No la podés creer,2REHÉN
Cuando te secuestré un tiempo atrás,2REHÉN
Sabía que en un punto del camino,2REHÉN
Te ibas a enamorar,2REHÉN
Hey gilipollas sirvan al rehén,2REHÉN
"Dénle lo que pida, también dénle de comer",2REHÉN
"Cuiden sus pastillas, tengan el control",2REHÉN
Nunca va a enterarse,2REHÉN
Si es la luna o es el sol,2REHÉN
No está bien y no está mal,2REHÉN
"No es famosa, tampoco es normal",2REHÉN
Ella es mi gran rehén,2REHÉN
¿En qué planeta estás?,2REHÉN
"Rehén, rehén, rehén",2REHÉN
Ella es un gran rehén,2REHÉN
Ella es un gran rehén,2REHÉN
Ella es mi gran rehén.,2REHÉN
Cuando viniste a mi,3ASESÍNAME
Cerré la puerta pero abrí,3ASESÍNAME
"Asesíname, asesíname",3ASESÍNAME
Por darte lo que dí,3ASESÍNAME
Me convertí en un souvenir,3ASESÍNAME
"Asesíname, asesíname",3ASESÍNAME
Dejé tu imagen en el cajón,3ASESÍNAME
Guardé tu alma en el mellotron,3ASESÍNAME
No quiero más que me des,3ASESÍNAME
Con cuentagotas tu amor,3ASESÍNAME
Es sólo rock and roll,3ASESÍNAME
Pero ya es mucho para vos,3ASESÍNAME
"Asesíname, asesíname",3ASESÍNAME
No quiero más que me des,3ASESÍNAME
Con cuentagotas tu amor,3ASESÍNAME
Yo me quiero morir,3ASESÍNAME
No aguanto más estar aquí,3ASESÍNAME
"Asesíname, asesíname",3ASESÍNAME
"Asesíname, asesíname",3ASESÍNAME
Me enamoré de la chica de la esquina,BAILARINA
Estaba loca como su mamá,BAILARINA
"Por lo que veo, caminar no le alcanza",BAILARINA
"Oh, cómo quiero a esa loca!",BAILARINA
Porque la quiero de verdad,BAILARINA
Y si mi mente no me sigue fallando,BAILARINA
Y si mis ojos no la miran más,BAILARINA
Si mis palabras no consiguen rimarla,BAILARINA
"Uh, como quiero que venga!",BAILARINA
Porque la quiero de verdad,BAILARINA
Me enamoré de la linda bailarina,BAILARINA
Es tan hermosa que me hace llorar,BAILARINA
Es un antojo que me sale del alma,BAILARINA
"Uh, como quiero que venga!",BAILARINA
Porque la quiero de verdad.,BAILARINA
Cuando viniste a mi,(VERSIÓN STONE)
Cerré la puerta pero abrí,(VERSIÓN STONE)
"Asesíname, asesíname.",(VERSIÓN STONE)
Por darte lo que dí,(VERSIÓN STONE)
Me convertí en un souvenir.,(VERSIÓN STONE)
"Asesíname, asesíname.",(VERSIÓN STONE)
"Dejé tu imagen en el cajón,",(VERSIÓN STONE)
Guardé tu alma en el mellotron,(VERSIÓN STONE)
No quiero más que me des,(VERSIÓN STONE)
Con cuentagotas tu amor,(VERSIÓN STONE)
Es sólo rock and roll,(VERSIÓN STONE)
Pero ya es mucho para vos,(VERSIÓN STONE)
"Asesíname, asesíname.",(VERSIÓN STONE)
No quiero más que me des,(VERSIÓN STONE)
Con cuentagotas tu amor.,(VERSIÓN STONE)
Yo me quiero morir,(VERSIÓN STONE)
No aguanto más estar aquí,(VERSIÓN STONE)
"Asesíname, asesíname",(VERSIÓN STONE)
"Asesíname, asesíname.",(VERSIÓN STONE)
Loco lindo que te comes las veredas,6V.S.D.
Con tres pasos disparados al compás,6V.S.D.
Y tu figura de largura interminable,6V.S.D.
Y un bigote de malicia,6V.S.D.
Trabajado a sangre y sal,6V.S.D.
Bucanero de los mares del Congreso,6V.S.D.
Acoplame el corazón con tu canción,6V.S.D.
Comunícalo con alas de guitarra,6V.S.D.
Y un pianito de juguete,6V.S.D.
Que tocás tan solo vos,6V.S.D.
"Vos sos Dios, vos sos Gardel",6V.S.D.
Yo soy lo más,6V.S.D.
"Ay, Carlitos, ay qué día",6V.S.D.
Pasaremos hoy acá,6V.S.D.
Calavera rompe y raja y todos miran,6V.S.D.
Vos tomás un trago largo y te olvidás,6V.S.D.
De los consejos que te dan,6V.S.D.
Todas tus minas,6V.S.D.
Y las cosas de tu barrio,6V.S.D.
Lo olvidás en cualquier bar,6V.S.D.
Y en tu altura de guardián de los destierros,6V.S.D.
Que los genios solo pueden alcanzar,6V.S.D.
"Vos te olvidás de mamá, te olvidás de papá",6V.S.D.
"Te olvidás, te olvidás, te olvidás",6V.S.D.
"Vos sos Dios, vos sos Gardel. Vos sos lo más",6V.S.D.
"Ay, Carlitos, ay qué día",6V.S.D.
Pasaremos hoy acá.,6V.S.D.
Loco lindo que te comes las veredas,7TANGO
"Con tres pasos disparados al compás,",7TANGO
Y tu figura de largura interminable,7TANGO
Y un bigote de malicia,7TANGO
Trabajado a sangre y sal.,7TANGO
Bucanero de los mares del Congreso,7TANGO
Acoplame el corazón con tu canción,7TANGO
Comunícalo con alas de guitarra,7TANGO
Y un pianito de juguete,7TANGO
Que tocás tan solo vos,7TANGO
"Vos sos Dios, vos sos Gardel",7TANGO
Vos sos lo más.,7TANGO
"Vos sos Dios, vos sos Gardel",7TANGO
Vos sos lo más.,7TANGO
Vos hablando y yo tratando de escucharte,7TANGO
Calavera rompe y raja y todos miran,7TANGO
Vos tomás un trago largo y te olvidás,7TANGO
De los consejos que te dan,7TANGO
Todas tus minas,7TANGO
Y las cosas de tu barrio,7TANGO
Lo olvidás en cualquier bar.,7TANGO
Y en tu altura de guardián,7TANGO
de los destierros,7TANGO
"Que los genios te lo pueden acoplar,",7TANGO
"Vos sos Dios, vos sos Gardel",7TANGO
Vos sos lo más.,7TANGO
"Vos sos Dios, vos sos lo más.",7TANGO
Algún día vas a ver al cretino gritar:,8CRETINO
"""Dénle al tiempo una oportunidad""",8CRETINO
Algún día vas a ver al cretino llorar,8CRETINO
Convertido en una estatua de sal,8CRETINO
Detrás de las colinas sale el sol,8CRETINO
Te espero en el camino verde,8CRETINO
Algún día va a caerse,8CRETINO
Tu maldito disfraz,8CRETINO
Ese día descansaremos en paz,8CRETINO
Tanta fuerza y tanto amor,8CRETINO
Hacen al mundo girar,8CRETINO
Algún día lo descubrirás,8CRETINO
Detrás de las colinas sale el sol,8CRETINO
Te espero en el camino verde,8CRETINO
No esperes a mañana,8CRETINO
Tanto dolor se va a acabar,8CRETINO
Tanta fuerza y tanto amor,8CRETINO
Hacen al mundo girar,8CRETINO
Algún día lo comprenderás,8CRETINO
Y esa fuerza y ese amor,8CRETINO
Se convertirá en más,8CRETINO
Ese día descansaremos en paz,8CRETINO
Detrás del arcoiris sale el sol,8CRETINO
Te espero en el camino verde,8CRETINO
No esperes a mañana,8CRETINO
Tanto dolor se va a acabar,8CRETINO
No esperes a mañana,8CRETINO
Tanto dolor se va a acabar.,8CRETINO
"Hey, linda nena, ¿dónde vas a ir",AND ROLL YO
Cuando no queden más lugares para huir?,AND ROLL YO
"Argentinita, dónde vas a estar",AND ROLL YO
Cuando la gente no te quiera ni mirar?,AND ROLL YO
Voy a saltar adentro tuyo,AND ROLL YO
Comiéndome de a poco tu orgullo,AND ROLL YO
Saquen y eliminen a esa tonta,AND ROLL YO
De mi rock and roll Yo,AND ROLL YO
Este es mi rock and roll Yo,AND ROLL YO
Hey papa frita ¿ qué vas a sentir,AND ROLL YO
Cuando no tengas milanesas que freir?,AND ROLL YO
"Hija de puta, te voy a matar",AND ROLL YO
Donde te encuentres yo seguro voy a estar,AND ROLL YO
Voy a saltar adentro tuyo,AND ROLL YO
Comiéndome de a poco tu orgullo,AND ROLL YO
Saquen y eliminen a esa tonta,AND ROLL YO
De mi rock and roll Yo,AND ROLL YO
Quizás te ame ¿ qué puedo hacer,AND ROLL YO
Cuando mañana está en el ayer? Yeah!,AND ROLL YO
Voy a saltar adentro tuyo,AND ROLL YO
Comiéndome de a poco tu orgullo,AND ROLL YO
Saquen y eliminen a esa tonta,AND ROLL YO
De mi rock and roll Yo.,AND ROLL YO
Buen día brillo del sol,10WONDER
Te ofrezco mi sonrisa,10WONDER
"Ya ves, no tengo prisa",10WONDER
De estar en otro lado.,10WONDER
Pero ¿ qué voy a hacer?,10WONDER
"El mundo es un desastre,",10WONDER
Seguro que lo amaste,10WONDER
Y ahora está traicionado,10WONDER
Porque el amor te necesita amor,10WONDER
No esperés que alguien te lo dé a vos.,10WONDER
"Hey pará, cuidá ese corazón",10WONDER
Tonto fui,10WONDER
Y me creía el mejor.,10WONDER
Las cosas del querer,10WONDER
Que vimos en el cine,10WONDER
Tal vez no tenga fines,10WONDER
Ni principios ni nada,10WONDER
A riesgo de perder,10WONDER
Algunas ilusiones,10WONDER
Enciende las pasiones,10WONDER
Desde que está,10WONDER
A tu lado,10WONDER
Porque el amor te necesita,10WONDER
No esperés a que alguien te lo dé a vos,10WONDER
"Hey pará, cuidá ese corazón",10WONDER
Tonto fui,10WONDER
Y me creía el mejor.,10WONDER
Loco lindo que te comes las veredas,11DEALER
"Con tres pasos disparados al compás,",11DEALER
Y tu figura de largura interminable,11DEALER
Y un bigote de malicia,11DEALER
Trabajado a sangre y sal.,11DEALER
Bucanero de los mares del Congreso,11DEALER
Acoplame el corazón con tu canción,11DEALER
Comunícalo con alas de guitarra,11DEALER
Y un pianito de juguete,11DEALER
Que tocás tan solo vos,11DEALER
"Vos sos Dios, vos sos Gardel",11DEALER
Yo soy lo más,11DEALER
"Ay, Carlitos, ay qué día",11DEALER
Pasaremos hoy acá.,11DEALER
Calavera rompe y raja y todos miran,11DEALER
Vos tomás un trago largo y te olvidás,11DEALER
De los consejos que te dan,11DEALER
Todas tus minas,11DEALER
Y las cosas de tu barrio,11DEALER
Lo olvidás en cualquier bar.,11DEALER
Y en tu altura de guardián de los destierros,11DEALER
"Que los genios solo pueden alcanzar,",11DEALER
"Vos te olvidás de mamá, te olvidás de papá,",11DEALER
"Te olvidás, te olvidás, te olvidás",11DEALER
"Vos sos Dios, vos sos Gardel. Vos sos lo más.",11DEALER
"Ay, Carlitos, ay qué día",11DEALER
Pasaremos hoy acá.,11DEALER
Yo sé que estas enamorada otra vez,TE AMARÉ (FT. JAMBAO)
"y que no piensas regresar porque te has ido, mi amor",TE AMARÉ (FT. JAMBAO)
y volverás,TE AMARÉ (FT. JAMBAO)
yo se muy bien que volverás,TE AMARÉ (FT. JAMBAO)
porque él no te aprendido amar,TE AMARÉ (FT. JAMBAO)
"vendrás conmigo, mi amor",TE AMARÉ (FT. JAMBAO)
Siempre te amaré,TE AMARÉ (FT. JAMBAO)
y te adorare,TE AMARÉ (FT. JAMBAO)
"aquí te esperare aunque no estés, eh",TE AMARÉ (FT. JAMBAO)
Siempre te amaré,TE AMARÉ (FT. JAMBAO)
y te adorare,TE AMARÉ (FT. JAMBAO)
aquí te esperare aunque no estés... Oh no,TE AMARÉ (FT. JAMBAO)
aquí conmigo,TE AMARÉ (FT. JAMBAO)
Yo sé que estas enamorada otra vez,TE AMARÉ (FT. JAMBAO)
"y que no piensas regresar porque te has ido, mi amor",TE AMARÉ (FT. JAMBAO)
y volverás,TE AMARÉ (FT. JAMBAO)
yo se muy bien que volverás,TE AMARÉ (FT. JAMBAO)
porque él no te aprendido amar,TE AMARÉ (FT. JAMBAO)
"vendrás conmigo, mi amor",TE AMARÉ (FT. JAMBAO)
Siempre te amaré,TE AMARÉ (FT. JAMBAO)
y te adorare,TE AMARÉ (FT. JAMBAO)
aquí te esperare aunque no estés,TE AMARÉ (FT. JAMBAO)
Siempre te amaré,TE AMARÉ (FT. JAMBAO)
y te adorare,TE AMARÉ (FT. JAMBAO)
aquí te esperare aunque no estés,TE AMARÉ (FT. JAMBAO)
Siempre te amaré,TE AMARÉ (FT. JAMBAO)
y te adorare,TE AMARÉ (FT. JAMBAO)
aquí te esperare aunque no estés,TE AMARÉ (FT. JAMBAO)
¡aquí conmigo!,TE AMARÉ (FT. JAMBAO)
Voy a cambiar,TU AMOR
voy a insistir,TU AMOR
voy a pelear,TU AMOR
voy a seguir.,TU AMOR
Yo necesito tu amor,TU AMOR
tu amor me salva y me sirve,TU AMOR
yo necesito tu amor,TU AMOR
cada día un poco más.,TU AMOR
Yo tengo el vicio de dejarme llevar,TU AMOR
y poner mi cabeza en Marte.,TU AMOR
Tengo prejuicios que no puedo sacar,TU AMOR
tengo un cuerpo que quiere amarte.,TU AMOR
Yo vi tu amor,TU AMOR
yo vi tu amor.,TU AMOR
Dentro del mal,TU AMOR
cerca del fin,TU AMOR
"cerca de vos,",TU AMOR
dentro de mí.,TU AMOR
Yo necesito tu amor,TU AMOR
tu amor me salva y me sirve,TU AMOR
yo necesito tu amor,TU AMOR
cada día un poco más.,TU AMOR
No tengo nadie que yo quiera escuchar,TU AMOR
ni pasiones para abrigarme,TU AMOR
"no tengo máscara,",TU AMOR
no tengo disfraz,TU AMOR
ni señales para guiarme,TU AMOR
al menos hoy,TU AMOR
al menos hoy.,TU AMOR
Estás buscando un viejo camisón,UN SÍMBOLO DE PAZ
estás buscando alguna religión,UN SÍMBOLO DE PAZ
estás buscando un símbolo de paz.,UN SÍMBOLO DE PAZ
Estás buscando un incienso ya,UN SÍMBOLO DE PAZ
estás buscando un sueño en el placard.,UN SÍMBOLO DE PAZ
estás buscando un símbolo de paz.,UN SÍMBOLO DE PAZ
Y damos vueltas a la heladera,UN SÍMBOLO DE PAZ
y solo queda un limón sin exprimir,UN SÍMBOLO DE PAZ
nos divertimos en primavera,UN SÍMBOLO DE PAZ
y en invierno nos queremos morir.,UN SÍMBOLO DE PAZ
Estás buscando un porro de papá,UN SÍMBOLO DE PAZ
estás buscando un saco de mamá,UN SÍMBOLO DE PAZ
porque si nada queda nada da.,UN SÍMBOLO DE PAZ
Estás buscando un incienso ya,UN SÍMBOLO DE PAZ
estás buscando un sueño en el placard,UN SÍMBOLO DE PAZ
estás buscando un símbolo de paz.,UN SÍMBOLO DE PAZ
Y damos vuelta a la discoteca,UN SÍMBOLO DE PAZ
y ya no quedan ganas de sonreír,UN SÍMBOLO DE PAZ
nos divertimos en primavera,UN SÍMBOLO DE PAZ
y en invierno nos queremos morir.,UN SÍMBOLO DE PAZ
Será porque nos queremos sentir bien,UN SÍMBOLO DE PAZ
que ahora estamos bailando entre la gente,UN SÍMBOLO DE PAZ
será porque nos queremos sentir bien,UN SÍMBOLO DE PAZ
que ahora todo suena diferente.,UN SÍMBOLO DE PAZ
Y damos vueltas a la heladera,UN SÍMBOLO DE PAZ
y solo queda un limón sin exprimir,UN SÍMBOLO DE PAZ
nos divertimos en primavera,UN SÍMBOLO DE PAZ
y en invierno nos queremos morir.,UN SÍMBOLO DE PAZ
El no camina en barrios suburbanos,DE LA RELIGIÓN
el es un hombre decente,DE LA RELIGIÓN
él nunca toca la gente con las manos,DE LA RELIGIÓN
el es tan independiente.,DE LA RELIGIÓN
Es parte de la religión,DE LA RELIGIÓN
es parte de la religión,DE LA RELIGIÓN
es parte de la religión.,DE LA RELIGIÓN
"El siente culpa, el vive torturado",DE LA RELIGIÓN
el no es tan inteligente,DE LA RELIGIÓN
"él nunca avanza, camina de costado,",DE LA RELIGIÓN
el tiene miedo a su mente,DE LA RELIGIÓN
Es parte de la religión,DE LA RELIGIÓN
es parte de la religión,DE LA RELIGIÓN
es parte de la religión.,DE LA RELIGIÓN
Ella se desnuda y se desviste,DE LA RELIGIÓN
tan lésbicamente,DE LA RELIGIÓN
que no puedo dejar de sonreír.,DE LA RELIGIÓN
Todo se construye y se destruye,DE LA RELIGIÓN
tan rápidamente,DE LA RELIGIÓN
que no puedo dejar de sonreír.,DE LA RELIGIÓN
Es parte de la religión,DE LA RELIGIÓN
matar,DE LA RELIGIÓN
es parte de la religión,DE LA RELIGIÓN
mentir,DE LA RELIGIÓN
es parte de la religión.,DE LA RELIGIÓN
Vamos al campo,DE LAS HORMIGAS
a descansar.,DE LAS HORMIGAS
"no queda nada, nada, nada que jalar",DE LAS HORMIGAS
de vacaciones me quiero ir,DE LAS HORMIGAS
a ver las focas y el casino en la Feliz.,DE LAS HORMIGAS
No me banco las hormigas,DE LAS HORMIGAS
por favor pasame el Raid.,DE LAS HORMIGAS
No me banco las hormigas,DE LAS HORMIGAS
por favor pasame el Raid.,DE LAS HORMIGAS
"No tengo teca,",DE LAS HORMIGAS
no tengo grass,DE LAS HORMIGAS
y la heladera no funciona,DE LAS HORMIGAS
porque la misma es a gas.,DE LAS HORMIGAS
"comida, no hay más.",DE LAS HORMIGAS
Estoy en el medio de la selva,DE LAS HORMIGAS
esto no lo aguanto más.,DE LAS HORMIGAS
"No me banco las hormigas,",DE LAS HORMIGAS
yo me vuelvo a la ciudad.,DE LAS HORMIGAS
Adela en el carrousell,EN EL CARROUSEL
y los espejos son sonrisas,EN EL CARROUSEL
la sortija un aparato de amor.,EN EL CARROUSEL
Adela en el carrousell,EN EL CARROUSEL
y los caballos de madera,EN EL CARROUSEL
que la mecen y le mojan la piel.,EN EL CARROUSEL
"Ten piedad, no seas así",EN EL CARROUSEL
no le des patadas a los locos.,EN EL CARROUSEL
"Ten piedad no seas así,",EN EL CARROUSEL
voy desvaneciendo sin tu amor.,EN EL CARROUSEL
El sol empieza a salir,EN EL CARROUSEL
y en los jardines de tu mente,EN EL CARROUSEL
hay estatuas que ella debe pulir.,EN EL CARROUSEL
La luna empieza llorar,EN EL CARROUSEL
y cuando todo es tan plateado,EN EL CARROUSEL
hay colores que no pueden entrar.,EN EL CARROUSEL
"Ten piedad, no seas así",EN EL CARROUSEL
no le des patadas a los locos.,EN EL CARROUSEL
"Ten piedad no seas así,",EN EL CARROUSEL
voy desvaneciendo sin tu amor.,EN EL CARROUSEL
Ya a través de la sortija,EN EL CARROUSEL
ella lo convirtió,EN EL CARROUSEL
en un caballo que gira,EN EL CARROUSEL
y gira a su alrededor.,EN EL CARROUSEL
"Tanto girar, girar es un efecto.",EN EL CARROUSEL
"Tanto esperar, esperando",EN EL CARROUSEL
que se haga realidad,EN EL CARROUSEL
él se pasa girando sin parar.,EN EL CARROUSEL
Nada es perfecto.,EN EL CARROUSEL
Adela en el más allá,EN EL CARROUSEL
es una estrella clandestina,EN EL CARROUSEL
que ilumina los despojos de amor.,EN EL CARROUSEL
El sólo quiere mirar,EN EL CARROUSEL
la calesita de los sueños que se fueron,EN EL CARROUSEL
y ya no volverán.,EN EL CARROUSEL
"Ten piedad, no seas así",EN EL CARROUSEL
no le des patadas a los locos.,EN EL CARROUSEL
"Ten piedad no seas así,",EN EL CARROUSEL
voy desvaneciendo sin tu amor.,EN EL CARROUSEL
"No voy en tren, voy en avión",VOY EN TREN
"no necesito a nadie, a nadie alrededor.",VOY EN TREN
"Porque no hay nadie que mi piel resista,",VOY EN TREN
"porque no hay nadie que yo quiera ver,",VOY EN TREN
"no veo televisión ni las revistas,",VOY EN TREN
no veo ya nada que no pueda hacer.,VOY EN TREN
"No voy en tren, voy en avión",VOY EN TREN
"no necesito a nadie, a nadie alrededor.",VOY EN TREN
Cuando era niño nunca fui muy listo,VOY EN TREN
tocaba el piano como un animal,VOY EN TREN
"yo sé, que algunos piensan que soy mixto",VOY EN TREN
pero yo tengo personalidad.,VOY EN TREN
Yo soy de la Cruz del sur,VOY EN TREN
soy el que cierra y el que apaga la luz,VOY EN TREN
"yo soy de la Cruz del sur,",VOY EN TREN
aquí y en anywhere.,VOY EN TREN
"No voy en tren, voy en avión",VOY EN TREN
"no necesito a nadie, a nadie alrededor.",VOY EN TREN
La indómita luz,POR VOS
se hizo carne en mí,POR VOS
y lo dejé todo por esta soledad,POR VOS
y leo revistas,POR VOS
en la tempestad,POR VOS
Hice sacrificio,POR VOS
abracé la cruz al amanecer,POR VOS
"rezo, rezo, rezo, rezo por vos",POR VOS
Morí sin morir,POR VOS
y me abracé al dolor,POR VOS
y lo dejé todo por esta soledad,POR VOS
ya se hizo de noche,POR VOS
y ahora estoy aquí,POR VOS
Mi cuerpo se cae,POR VOS
sólo veo la cruz al amanecer,POR VOS
"rezo, rezo, rezo, rezo por vos",POR VOS
Y curé mis heridas,POR VOS
y me encendí de amor,POR VOS
y quemé las cortinas,POR VOS
"y me encendí de amor,",POR VOS
de amor sagrado,POR VOS
Y entonces,POR VOS
"rezo, rezo, rezo, rezo por vos",POR VOS
Me vas a hacer feliz,KARMA DE VIVIR AL SUR
vas a matarme con tu forma de ser,KARMA DE VIVIR AL SUR
Me vas a hacer reír,KARMA DE VIVIR AL SUR
vas a matarme con tu forma de ser,KARMA DE VIVIR AL SUR
Me vas a hacer feliz,KARMA DE VIVIR AL SUR
vas a mostrarme ese lado inconcluso,KARMA DE VIVIR AL SUR
Me vas a hacer reír,KARMA DE VIVIR AL SUR
vas a mostrarme lo que no puede ser.,KARMA DE VIVIR AL SUR
Me vas a hacer feliz,KARMA DE VIVIR AL SUR
vas a matarme con tu forma de ser,KARMA DE VIVIR AL SUR
Me vas a hacer reír,KARMA DE VIVIR AL SUR
vas a matarme con tu forma de ser,KARMA DE VIVIR AL SUR
No voy a desistir,KARMA DE VIVIR AL SUR
aunque me digan que ya no hay nada mas,KARMA DE VIVIR AL SUR
Sentir hasta resistir,KARMA DE VIVIR AL SUR
el Karma de vivir al Sur,KARMA DE VIVIR AL SUR
Sentir hasta resistir,KARMA DE VIVIR AL SUR
el Karma de vivir sin luz,KARMA DE VIVIR AL SUR
"Yo se, que un día ya no habrá  perdón",KARMA DE VIVIR AL SUR
"yo se, que un día no habrá  confusión",KARMA DE VIVIR AL SUR
porque si confías en m¡,KARMA DE VIVIR AL SUR
todo estará  siempre,KARMA DE VIVIR AL SUR
Me vas a hacer feliz,KARMA DE VIVIR AL SUR
Me vas a hacer feliz,KARMA DE VIVIR AL SUR
Ella adivinó todo lo que estaba pensando.,ADIVINÓ
Ella adivinó ella sólo adivinó,ADIVINÓ
Ella adivinó todo lo que me estaba pasando,ADIVINÓ
Ella adivinó ella sólo sólo adivinó.,ADIVINÓ
"Con un juego, una canción",ADIVINÓ
"cambiaste este pequeño amor, bajo el sol.",ADIVINÓ
Cuánto tiempo más yo te seguiré esperando,ADIVINÓ
"Cuánto tiempo más,",ADIVINÓ
dime sólo cuánto tiempo más.,ADIVINÓ
Cuánto tiempo más seguirá mi corazón sangrando,ADIVINÓ
"cuánto tiempo más,",ADIVINÓ
dime sólo cuánto tiempo más.,ADIVINÓ
Como un perro en la prisión,ADIVINÓ
recuerdo este pequeño amor bajo el sol.,ADIVINÓ
Éxtasis,RUTA DEL TENTEMPIÉ
todo el tiempo vivo en éxtasis,RUTA DEL TENTEMPIÉ
una forma de amor,RUTA DEL TENTEMPIÉ
un remedio de ser feliz,RUTA DEL TENTEMPIÉ
Es para mí,RUTA DEL TENTEMPIÉ
todo el tiempo vivo en éxtasis,RUTA DEL TENTEMPIÉ
un misterio de amor,RUTA DEL TENTEMPIÉ
una forma de ser feliz.,RUTA DEL TENTEMPIÉ
Nunca me animé a decirte nada,RUTA DEL TENTEMPIÉ
nunca me animé a mostrar mi amor.,RUTA DEL TENTEMPIÉ
Nunca penetré en tu mirada.,RUTA DEL TENTEMPIÉ
Éxtasis,RUTA DEL TENTEMPIÉ
todo el mundo quiere éxtasis.,RUTA DEL TENTEMPIÉ
un misterio de amor,RUTA DEL TENTEMPIÉ
una forma de ser feliz.,RUTA DEL TENTEMPIÉ
"Resiste, yo se que existe amor en tu piel.",RUTA DEL TENTEMPIÉ
"Resiste, yo se que existe amor en tu piel.",RUTA DEL TENTEMPIÉ
Y no voy a esperar,RUTA DEL TENTEMPIÉ
y no voy a correr,RUTA DEL TENTEMPIÉ
y no voy a ganar,RUTA DEL TENTEMPIÉ
y no voy a perder.,RUTA DEL TENTEMPIÉ
Soy un típico ser en la ruta del tentempié.,RUTA DEL TENTEMPIÉ
La indómita luz,POR VOS
se hizo carne en mí,POR VOS
y lo dejé todo por esta soledad.,POR VOS
Y leo revistas,POR VOS
en la tempestad,POR VOS
hice el sacrificio,POR VOS
abracé la cruz al amanecer.,POR VOS
"Rezo, rezo, rezo, rezo.",POR VOS
Morí sin morir,POR VOS
y me abracé al dolor,POR VOS
y lo dejé todo por esta soledad,POR VOS
ya se hizo de noche,POR VOS
y ahora estoy aquí,POR VOS
mi cuerpo se cae,POR VOS
sólo veo la cruz al amanecer.,POR VOS
"Rezo, rezo, rezo, rezo por vos.",POR VOS
Y curé mis heridas,POR VOS
y me encendí de amor,POR VOS
Y quemé las cortinas,POR VOS
"y me encendí de amor,",POR VOS
de amor sagrado.,POR VOS
Y entonces rezo.,POR VOS
"Rezo, rezo, rezo, rezo por vos.",POR VOS
Y si vas a la derecha,PEINADOS NUEVOS
"y cambiás hacia la izquierda, adelante.",PEINADOS NUEVOS
"Es mejor que estarse quieto,",PEINADOS NUEVOS
es mejor que ser un vigilante.,PEINADOS NUEVOS
Si me gustan las canciones de amor,PEINADOS NUEVOS
y me gustan esos raros peinados nuevos,PEINADOS NUEVOS
ya no quiero criticar,PEINADOS NUEVOS
sólo quiero ser un enfermero.,PEINADOS NUEVOS
Y si trabajás al pedo,PEINADOS NUEVOS
"y estás haciendo algo nuevo, adelante.",PEINADOS NUEVOS
Y si cantas a la luna,PEINADOS NUEVOS
"y perdés la vida en un instante,",PEINADOS NUEVOS
Si luchaste por un mundo mejor,PEINADOS NUEVOS
y te gustan esos raros peinados nuevos,PEINADOS NUEVOS
no quiero ver al doctor,PEINADOS NUEVOS
sólo quiero ver al enfermero.,PEINADOS NUEVOS
Dame un poquito de amor,PEINADOS NUEVOS
no quiero un toco.,PEINADOS NUEVOS
"Quiero algo de razón,",PEINADOS NUEVOS
no quiero un loco.,PEINADOS NUEVOS
apagá el televisor.,PEINADOS NUEVOS
Si lo que te gusta es gritar,PEINADOS NUEVOS
desenchufa el cable del parlante.,PEINADOS NUEVOS
El silencio tiene acción,PEINADOS NUEVOS
el más cuerdo es el más delirante.,PEINADOS NUEVOS
Me gustaban las canciones de amor,PEINADOS NUEVOS
me gustaban esos raros peinados nuevos,PEINADOS NUEVOS
"de chiquito fui aviador,",PEINADOS NUEVOS
pero ahora soy un enfermero.,PEINADOS NUEVOS
"Ella es menor, él es normal",SIGUEN PEGANDO ABAJO (PECADO MORTAL)
y lo que están haciendo es un pecado mortal,SIGUEN PEGANDO ABAJO (PECADO MORTAL)
ella se quedó sin boda ni arroz,SIGUEN PEGANDO ABAJO (PECADO MORTAL)
y al novio lo agarraron entre muchos más que dos.,SIGUEN PEGANDO ABAJO (PECADO MORTAL)
Miren lo están golpeando todo el tiempo,SIGUEN PEGANDO ABAJO (PECADO MORTAL)
"lo vuelven, vuelven a golpear",SIGUEN PEGANDO ABAJO (PECADO MORTAL)
nos siguen pegando abajo.,SIGUEN PEGANDO ABAJO (PECADO MORTAL)
Yo estaba en un club,SIGUEN PEGANDO ABAJO (PECADO MORTAL)
no había casi luz,SIGUEN PEGANDO ABAJO (PECADO MORTAL)
la puerta de salida tenía un farolito azul.,SIGUEN PEGANDO ABAJO (PECADO MORTAL)
El se desmayó delante de mí,SIGUEN PEGANDO ABAJO (PECADO MORTAL)
no fueron las pastillas,SIGUEN PEGANDO ABAJO (PECADO MORTAL)
fueron los hombres de gris,SIGUEN PEGANDO ABAJO (PECADO MORTAL)
Miren lo están golpeando todo el tiempo,SIGUEN PEGANDO ABAJO (PECADO MORTAL)
"lo vuelven, vuelven a golpear",SIGUEN PEGANDO ABAJO (PECADO MORTAL)
nos siguen pegando abajo.,SIGUEN PEGANDO ABAJO (PECADO MORTAL)
Estoy yéndome,SIGUEN PEGANDO ABAJO (PECADO MORTAL)
soy como una luz apagándose,SIGUEN PEGANDO ABAJO (PECADO MORTAL)
"desde el piso los pude ver,",SIGUEN PEGANDO ABAJO (PECADO MORTAL)
locos de placer alejándose,SIGUEN PEGANDO ABAJO (PECADO MORTAL)
Miren lo están golpeando todo el tiempo,SIGUEN PEGANDO ABAJO (PECADO MORTAL)
"lo vuelven, vuelven a golpear",SIGUEN PEGANDO ABAJO (PECADO MORTAL)
nos siguen pegando abajo.,SIGUEN PEGANDO ABAJO (PECADO MORTAL)
El se cansó de hacer canciones de protesta,CERO UNO (TRANSAS)
y se vendió a Fiorucci.,CERO UNO (TRANSAS)
El se cansó de andar haciendo apuestas,CERO UNO (TRANSAS)
y se puso a estudiar.,CERO UNO (TRANSAS)
un día se cortará el pelo,CERO UNO (TRANSAS)
no creo que pueda dejar de fumar.,CERO UNO (TRANSAS)
"Anda bolado,",CERO UNO (TRANSAS)
"hace un poco de base,",CERO UNO (TRANSAS)
pero no le va mal.,CERO UNO (TRANSAS)
"No se alquiló ni un guardaespaldas negro,",CERO UNO (TRANSAS)
"no era Lennon ni Rucci,",CERO UNO (TRANSAS)
Se preguntó por qué,CERO UNO (TRANSAS)
"sus hijos nunca lo invitaban al bar,",CERO UNO (TRANSAS)
un día volverá a las fuentes.,CERO UNO (TRANSAS)
No creo que pueda dejar de protestar.,CERO UNO (TRANSAS)
"Anda preocupado,",CERO UNO (TRANSAS)
perdió algo de fama,CERO UNO (TRANSAS)
pero no le va mal.,CERO UNO (TRANSAS)
Transas.,CERO UNO (TRANSAS)
"Tuve un amor en Paraguay,",DEL EXILIO
una flor que se quemó mal.,DEL EXILIO
"No alcancé a decir que sí,",DEL EXILIO
que ya se sacó el toque,DEL EXILIO
y me lo dejó a mí.,DEL EXILIO
"Si, me exilé en Madrid,",DEL EXILIO
y me fui a New York,DEL EXILIO
sólo porque seguí a Perón.,DEL EXILIO
Tenía un sólido futuro artístico,DEL EXILIO
y me comí el bajón.,DEL EXILIO
"Yo tenía tres libros,",DEL EXILIO
y una foto del Che,DEL EXILIO
ahora tengo mil años,DEL EXILIO
y muy poco que hacer.,DEL EXILIO
Vamo a baila,DEL EXILIO
vamo a baila,DEL EXILIO
vamo a baila,DEL EXILIO
"Estoy verde, no me dejan salir.",ME DEJAN SALIR
"estoy verde, no me dejan salir.",ME DEJAN SALIR
"No puedo largar, no puedo salir",ME DEJAN SALIR
no puedo sentir amor a este sentimiento,ME DEJAN SALIR
tengo que volverte a ver.,ME DEJAN SALIR
Tengo que volverte a ver,ME DEJAN SALIR
no puedo salir,ME DEJAN SALIR
por amor a este sentimiento.,ME DEJAN SALIR
"Estoy verde, no me dejan salir",ME DEJAN SALIR
"estoy verde, no me dejan salir.",ME DEJAN SALIR
"No puedo pensar, no puedo vivir",ME DEJAN SALIR
no puedo pensar si amor es un pensamiento,ME DEJAN SALIR
tengo que volverte a ver.,ME DEJAN SALIR
Tengo que volverte a ver,ME DEJAN SALIR
"no puedo perder, por amor a ese sentimiento.",ME DEJAN SALIR
Tengo que confiar en mi amor,ME DEJAN SALIR
tengo que confiar en mi sentimiento,ME DEJAN SALIR
tengo que confiar en mi amor,ME DEJAN SALIR
tengo que confiar en mi sentimiento.,ME DEJAN SALIR
Ya no sirve vivir para sufrir,ME DEJAN SALIR
"te das cuenta, sacate el mocasín.",ME DEJAN SALIR
"No puedo calmar, no puedo parir",ME DEJAN SALIR
no puedo esperar mil años que cambie el viento,ME DEJAN SALIR
tengo que volverte a ver.,ME DEJAN SALIR
Tengo que volverte a ver,ME DEJAN SALIR
"no puedo perder, por amor a ese sentimiento",ME DEJAN SALIR
Tengo que confiar en mi amor,ME DEJAN SALIR
tengo que confiar en mi sentimiento.,ME DEJAN SALIR
Yo que nací con Videla,HOTELES
yo que nací sin poder,HOTELES
yo que luché por la libertad,HOTELES
y nunca la pude tener,HOTELES
Yo que viví entre fachistas,HOTELES
yo que morí en el altar,HOTELES
yo que crecí con los que estaban bien,HOTELES
pero a la noche estaba todo mal.,HOTELES
"Hoy pasó el tiempo,",HOTELES
demoliendo hoteles,HOTELES
mientras los plomos juntan los cables,HOTELES
cazan rehenes.,HOTELES
Hoy pasó el tiempo,HOTELES
demoliendo hoteles,HOTELES
mientras los chicos allá en la esquina,HOTELES
pegan carteles.,HOTELES
Yo fui educado con odio,HOTELES
y odiaba la humanidad,HOTELES
un día me fui con los hippies,HOTELES
y tuve un amor y mucho más.,HOTELES
"Ahora no estoy más tranquilo,",HOTELES
y por qué tendría que estar,HOTELES
todos crecimos sin entender,HOTELES
y todavía me siento un anormal,HOTELES
"Hoy pasó el tiempo,",HOTELES
demoliendo hoteles,HOTELES
mientras los plomos juntan los cables,HOTELES
cazan rehenes.,HOTELES
Hoy pasó el tiempo,HOTELES
demoliendo hoteles,HOTELES
mientras los chicos allá en la esquina,HOTELES
pegan carteles.,HOTELES
Yo no quiero volverme tan loco,NO QUIERO VOLVERME TAN LOCO
yo no quiero vestirme de rojo,NO QUIERO VOLVERME TAN LOCO
yo no quiero morir en el mundo hoy,NO QUIERO VOLVERME TAN LOCO
Yo no quiero ya verte tan triste,NO QUIERO VOLVERME TAN LOCO
yo no quiero saber lo que hiciste,NO QUIERO VOLVERME TAN LOCO
yo no quiero esta pena en mi corazón,NO QUIERO VOLVERME TAN LOCO
Escucho el beat de un tambor,NO QUIERO VOLVERME TAN LOCO
entre la desolación,NO QUIERO VOLVERME TAN LOCO
y una radio en una calle desierta,NO QUIERO VOLVERME TAN LOCO
Están las puertas cerradas,NO QUIERO VOLVERME TAN LOCO
y las ventanas también,NO QUIERO VOLVERME TAN LOCO
no será que nuestra gente está muerta?,NO QUIERO VOLVERME TAN LOCO
Presiento el fin de un amor,NO QUIERO VOLVERME TAN LOCO
en la era del color,NO QUIERO VOLVERME TAN LOCO
la televisión esta en las vidrieras,NO QUIERO VOLVERME TAN LOCO
Toda esa gente parada,NO QUIERO VOLVERME TAN LOCO
que tiene grasa en la piel,NO QUIERO VOLVERME TAN LOCO
no se entera ni que el mundo da vueltas,NO QUIERO VOLVERME TAN LOCO
Yo no quiero meterme en problemas,NO QUIERO VOLVERME TAN LOCO
yo no quiero asuntos que queman,NO QUIERO VOLVERME TAN LOCO
yo tan solo les digo que es un bajón,NO QUIERO VOLVERME TAN LOCO
Yo no quiero sembrar la anarquía,NO QUIERO VOLVERME TAN LOCO
yo no quiero vivir como digan,NO QUIERO VOLVERME TAN LOCO
tengo algo que late en mi corazón,NO QUIERO VOLVERME TAN LOCO
Escucho un tango y un rock,NO QUIERO VOLVERME TAN LOCO
y presiento que soy yo,NO QUIERO VOLVERME TAN LOCO
y quisiera ver al mundo de fiesta,NO QUIERO VOLVERME TAN LOCO
Veo tantas chicas castradas,NO QUIERO VOLVERME TAN LOCO
y tantos tontos que al fin,NO QUIERO VOLVERME TAN LOCO
yo no sé si vivir dando respuesta,NO QUIERO VOLVERME TAN LOCO
Yo quiero ver muchos más,NO QUIERO VOLVERME TAN LOCO
delirantes por ahí,NO QUIERO VOLVERME TAN LOCO
bailando en una calle cualquiera,NO QUIERO VOLVERME TAN LOCO
En Buenos Aires se ve,NO QUIERO VOLVERME TAN LOCO
que ya no hay tiempo de más,NO QUIERO VOLVERME TAN LOCO
la alegría no es solo brasilera,NO QUIERO VOLVERME TAN LOCO
no mi amor,NO QUIERO VOLVERME TAN LOCO
Yo no quiero vivir paranoico,NO QUIERO VOLVERME TAN LOCO
yo no quiero ver chicos con odio,NO QUIERO VOLVERME TAN LOCO
yo no quiero sentir esta depresión,NO QUIERO VOLVERME TAN LOCO
Voy buscando el placer de estar vivo,NO QUIERO VOLVERME TAN LOCO
no me importa si soy un bandido,NO QUIERO VOLVERME TAN LOCO
voy pateando basura en el callejón,NO QUIERO VOLVERME TAN LOCO
Yo no quiero volverme tan loco,NO QUIERO VOLVERME TAN LOCO
yo no quiero vestirme de rojo,NO QUIERO VOLVERME TAN LOCO
yo no quiero morir en el mundo hoy,NO QUIERO VOLVERME TAN LOCO
Yo no quiero ya verte tan triste,NO QUIERO VOLVERME TAN LOCO
yo no quiero saber lo que hiciste,NO QUIERO VOLVERME TAN LOCO
yo no quiero esta pena en mi corazón,NO QUIERO VOLVERME TAN LOCO
Los amigos del barrio pueden desaparecer,DINOSAURIOS
los cantores de radio pueden desaparecer,DINOSAURIOS
los que están en los diarios pueden desaparecer,DINOSAURIOS
la persona que amas puede desaparecer.,DINOSAURIOS
Los que están en el aire,DINOSAURIOS
pueden desaparecer en el aire,DINOSAURIOS
los que están en la calle,DINOSAURIOS
pueden desaparecer en la calle.,DINOSAURIOS
"Los amigos del barrio pueden desaparecer,",DINOSAURIOS
pero los dinosaurios van a desaparecer.,DINOSAURIOS
"No estoy tranquilo mi amor,",DINOSAURIOS
"hoy es sábado a la noche,",DINOSAURIOS
un amigo está en cana.,DINOSAURIOS
Oh mi amor,DINOSAURIOS
desaparece el mundo,DINOSAURIOS
Si los pesados mi amor llevan,DINOSAURIOS
todo ese montón de equipajes en la mano,DINOSAURIOS
oh mi amor yo quiero estar liviano.,DINOSAURIOS
Cuando el mundo tira para abajo,DINOSAURIOS
yo no quiero estar atado a nada,DINOSAURIOS
imaginen a los dinosaurios en la cama,DINOSAURIOS
Cuando el mundo tira para abajo,DINOSAURIOS
yo no quiero estar atado a nada,DINOSAURIOS
imaginen a los dinosaurios en la cama,DINOSAURIOS
Los amigos del barrio,DINOSAURIOS
pueden desaparecer,DINOSAURIOS
los cantores de radio,DINOSAURIOS
pueden desaparecer,DINOSAURIOS
los que están en los diarios,DINOSAURIOS
pueden desaparecer,DINOSAURIOS
la persona que amas,DINOSAURIOS
puede desaparecer.,DINOSAURIOS
Los que están en el aire,DINOSAURIOS
pueden desaparecer en el aire,DINOSAURIOS
los que están en la calle,DINOSAURIOS
pueden desaparecer en la calle.,DINOSAURIOS
Los amigos del barrio,DINOSAURIOS
"pueden desaparecer,",DINOSAURIOS
pero los dinosaurios,DINOSAURIOS
van a desaparecer.,DINOSAURIOS
"Por favor,",SOBRE EL BIDET
no hagas promesas sobre el bidet,SOBRE EL BIDET
"por favor,",SOBRE EL BIDET
no me abras más los sobres,SOBRE EL BIDET
"por favor,",SOBRE EL BIDET
yo te prometo te escribiré,SOBRE EL BIDET
si es que paras de correr,SOBRE EL BIDET
"Por favor,",SOBRE EL BIDET
sigue la sombra de mi bebé,SOBRE EL BIDET
"por favor,",SOBRE EL BIDET
"no bebas más, no llores",SOBRE EL BIDET
"por favor,",SOBRE EL BIDET
yo te prometo te escribiré,SOBRE EL BIDET
si es que para de llover,SOBRE EL BIDET
Porque me tratas tan bien,SOBRE EL BIDET
me tratas tan mal,SOBRE EL BIDET
sabes que no aprendí a vivir,SOBRE EL BIDET
A veces estoy tan bien,SOBRE EL BIDET
estoy tan down,SOBRE EL BIDET
calambres en el alma,SOBRE EL BIDET
cada cual tiene un trip,SOBRE EL BIDET
en el bocho,SOBRE EL BIDET
difícil que lleguemos,SOBRE EL BIDET
a ponernos,SOBRE EL BIDET
"de acuerdo, de acuerdo",SOBRE EL BIDET
No le debo nada a Entel,TELEFÓNICA
me cuido la nariz,TELEFÓNICA
el silencio termina mañana,TELEFÓNICA
me voy a desvestir.,TELEFÓNICA
El tiempo que yo soñé,TELEFÓNICA
"es la eternidad, es la dulce fe",TELEFÓNICA
de que sigas conmigo por siempre,TELEFÓNICA
por siempre por aquí.,TELEFÓNICA
Y cuando encuentro un amigo,TELEFÓNICA
"lo tengo que buscar,",TELEFÓNICA
y voy al supermercado,TELEFÓNICA
buscando un capataz.,TELEFÓNICA
El sueño que yo soñé,TELEFÓNICA
es la humanidad,TELEFÓNICA
es la humanidad,TELEFÓNICA
el poeta tenía razón,TELEFÓNICA
la balsa hay que tomar.,TELEFÓNICA
"Córtenla, déjenos vivir en paz,",TELEFÓNICA
"sáquenla, sáquenla un poquito,",TELEFÓNICA
sáquenla un poquito.,TELEFÓNICA
Cuando vuelvo a mi casa temprano,TELEFÓNICA
me tengo que tomar,TELEFÓNICA
un litro de vino prestado,TELEFÓNICA
que no pienso pagar.,TELEFÓNICA
"El día que estoy aquí,",TELEFÓNICA
"ese amanecer, es dónde querer",TELEFÓNICA
y mirar tus ojos en naves,TELEFÓNICA
viajando hacia mí.,TELEFÓNICA
"Teléfono, tiráte ya del trampolín.",TELEFÓNICA
"Papelón, sacáte la gomina,",TELEFÓNICA
pelá la brillantina.,TELEFÓNICA
Ya no tengo monedas de nylon,TELEFÓNICA
perdí mi peluquín.,TELEFÓNICA
Me sigo pavimentando,TELEFÓNICA
y llegaré hasta el fin,TELEFÓNICA
"Alegría, quiero ver tu foto en los diarios",TELEFÓNICA
riéndote por qué.,TELEFÓNICA
Por qué no vienes hasta mí,DE LA REVOLUCIÓN
por qué no puedo amarte,DE LA REVOLUCIÓN
por qué no vienes hasta mí,DE LA REVOLUCIÓN
por qué no cambias como el sol,DE LA REVOLUCIÓN
por qué eres tan distante,DE LA REVOLUCIÓN
por qué no cambias como el sol,DE LA REVOLUCIÓN
Me siento solo y confundido a la vez,DE LA REVOLUCIÓN
los analistas no podrán entender,DE LA REVOLUCIÓN
ya no sé bien que decir,DE LA REVOLUCIÓN
ya no sé más que hacer,DE LA REVOLUCIÓN
todo el mundo loco y yo sin poderte ver,DE LA REVOLUCIÓN
"pero si insisto, yo sé muy bien, te conseguiré",DE LA REVOLUCIÓN
Cerca de la revolución,DE LA REVOLUCIÓN
el pueblo pide sangre,DE LA REVOLUCIÓN
cerca de la revolución,DE LA REVOLUCIÓN
yo estoy cantando esta canción,DE LA REVOLUCIÓN
que alguna vez fue hambre,DE LA REVOLUCIÓN
yo estoy cantando esta canción,DE LA REVOLUCIÓN
Y si mañana es como ayer otra vez,DE LA REVOLUCIÓN
lo que fue hermoso será horrible,DE LA REVOLUCIÓN
"después, no es sólo una cuestión de elecciones",DE LA REVOLUCIÓN
"no elegí este mundo, pero aprendí a querer",DE LA REVOLUCIÓN
"pero si insisto yo sé muy bien, te conseguiré",DE LA REVOLUCIÓN
Si estas palabras te pudieran dar fe,DE LA REVOLUCIÓN
si esta armonía te ayudara a creer,DE LA REVOLUCIÓN
"yo sería tan feliz, tan feliz en el mundo,",DE LA REVOLUCIÓN
"que moriría, arrodillado a tus pies",DE LA REVOLUCIÓN
"pero si insisto, yo sé muy bien, te conseguiré",DE LA REVOLUCIÓN
Yo que nací con Videla,HOTELES
yo que nací sin poder,HOTELES
yo que luché por la libertad,HOTELES
y nunca la pude tener,HOTELES
Yo que viví entre fachistas,HOTELES
yo que morí en el altar,HOTELES
yo que crecí con los que estaban bien,HOTELES
pero a la noche estaba todo mal.,HOTELES
"Hoy pasó el tiempo,",HOTELES
demoliendo hoteles,HOTELES
mientras los plomos juntan los cables,HOTELES
cazan rehenes.,HOTELES
Hoy pasó el tiempo,HOTELES
demoliendo hoteles,HOTELES
mientras los chicos allá en la esquina,HOTELES
pegan carteles.,HOTELES
Yo fui educado con odio,HOTELES
y odiaba la humanidad,HOTELES
un día me fui con los hippies,HOTELES
y tuve un amor y mucho más.,HOTELES
"Ahora no estoy más tranquilo,",HOTELES
y por qué tendría que estar,HOTELES
todos crecimos sin entender,HOTELES
y todavía me siento un anormal,HOTELES
"Hoy pasó el tiempo,",HOTELES
demoliendo hoteles,HOTELES
mientras los plomos juntan los cables,HOTELES
cazan rehenes.,HOTELES
Hoy pasó el tiempo,HOTELES
demoliendo hoteles,HOTELES
mientras los chicos allá en la esquina,HOTELES
pegan carteles.,HOTELES
"Por favor,",SOBRE EL BIDET
no hagas promesas sobre el bidet,SOBRE EL BIDET
"por favor,",SOBRE EL BIDET
no me abras más los sobres,SOBRE EL BIDET
"por favor,",SOBRE EL BIDET
yo te prometo te escribiré,SOBRE EL BIDET
si es que paras de correr,SOBRE EL BIDET
"Por favor,",SOBRE EL BIDET
sigue la sombra de mi bebé,SOBRE EL BIDET
"por favor,",SOBRE EL BIDET
"no bebas más, no llores",SOBRE EL BIDET
"por favor,",SOBRE EL BIDET
yo te prometo te escribiré,SOBRE EL BIDET
si es que para de llover,SOBRE EL BIDET
Porque me tratas tan bien,SOBRE EL BIDET
me tratas tan mal,SOBRE EL BIDET
sabes que no aprendí a vivir,SOBRE EL BIDET
A veces estoy tan bien,SOBRE EL BIDET
estoy tan down,SOBRE EL BIDET
calambres en el alma,SOBRE EL BIDET
cada cual tiene un trip,SOBRE EL BIDET
en el bocho,SOBRE EL BIDET
difícil que lleguemos,SOBRE EL BIDET
a ponernos,SOBRE EL BIDET
"de acuerdo, de acuerdo",SOBRE EL BIDET
Y si vas a la derecha,PEINADOS NUEVOS
"y cambiás hacia la izquierda, adelante.",PEINADOS NUEVOS
"Es mejor que estarse quieto,",PEINADOS NUEVOS
es mejor que ser un vigilante.,PEINADOS NUEVOS
Si me gustan las canciones de amor,PEINADOS NUEVOS
y me gustan esos raros peinados nuevos,PEINADOS NUEVOS
ya no quiero criticar,PEINADOS NUEVOS
sólo quiero ser un enfermero.,PEINADOS NUEVOS
Y si trabajás al pedo,PEINADOS NUEVOS
"y estás haciendo algo nuevo, adelante.",PEINADOS NUEVOS
Y si cantas a la luna,PEINADOS NUEVOS
"y perdés la vida en un instante,",PEINADOS NUEVOS
Si luchaste por un mundo mejor,PEINADOS NUEVOS
y te gustan esos raros peinados nuevos,PEINADOS NUEVOS
no quiero ver al doctor,PEINADOS NUEVOS
sólo quiero ver al enfermero.,PEINADOS NUEVOS
Dame un poquito de amor,PEINADOS NUEVOS
no quiero un toco.,PEINADOS NUEVOS
"Quiero algo de razón,",PEINADOS NUEVOS
no quiero un loco.,PEINADOS NUEVOS
apagá el televisor.,PEINADOS NUEVOS
Si lo que te gusta es gritar,PEINADOS NUEVOS
desenchufa el cable del parlante.,PEINADOS NUEVOS
El silencio tiene acción,PEINADOS NUEVOS
el más cuerdo es el más delirante.,PEINADOS NUEVOS
Me gustaban las canciones de amor,PEINADOS NUEVOS
me gustaban esos raros peinados nuevos,PEINADOS NUEVOS
"de chiquito fui aviador,",PEINADOS NUEVOS
pero ahora soy un enfermero.,PEINADOS NUEVOS
Rubias de New York,BAR
fantasmas de percal,BAR
"presten atención,",BAR
se ha abierto un piano bar,BAR
cerca del cabaret.,BAR
Será que nací en el sur?,BAR
será que encendí la luz de tu amor?,BAR
"Viudas de Nerón,",BAR
amantes de Gardel,BAR
"suena un bandoneón,",BAR
cerca del cabaret,BAR
Será que nací en el sur?,BAR
será que encendí la luz de tu amor?,BAR
Los chicos tienen un lugar,BAR
donde viven esas cosas que asombran,BAR
las chicas tienen un lugar donde ir a conversar.,BAR
"Usa tu rubor,",BAR
escoge tu disfraz,BAR
"plumas de gorrión,",BAR
sonrisas de zorzal.,BAR
Coloca vitrina al sur,BAR
"re loca titila luz, la ciudad.",BAR
Por qué te quedás en Vía Muerta?,TE ANIMÁS A DESPEGAR
Por qué te quedás en Vía Muerta?,TE ANIMÁS A DESPEGAR
No se por qué vas hacia ese lugar,TE ANIMÁS A DESPEGAR
donde todos han descarrilado,TE ANIMÁS A DESPEGAR
Porqué no te animás a despegar? Yo te digo,TE ANIMÁS A DESPEGAR
por qué te quedás en Vía Muerta?,TE ANIMÁS A DESPEGAR
Por qué te quedás en Vía Muerta?,TE ANIMÁS A DESPEGAR
No se por qué vas hacia ese lugar,TE ANIMÁS A DESPEGAR
donde todos han descarrilado,TE ANIMÁS A DESPEGAR
Porqué no te animás a despegar?,TE ANIMÁS A DESPEGAR
Yo te digo por qué.,TE ANIMÁS A DESPEGAR
"Mi amor, no te puedo amar.",SE VA A LLAMAR MI AMOR
"Mi amor, no te puedo amar.",SE VA A LLAMAR MI AMOR
"Estás prohibida, estás prohibida, ya.",SE VA A LLAMAR MI AMOR
"Estás prohibida, pásenlo en la radio,",SE VA A LLAMAR MI AMOR
por mi amor.,SE VA A LLAMAR MI AMOR
"Salí, salí a pescar.",SE VA A LLAMAR MI AMOR
"Salí, salí a pescar.",SE VA A LLAMAR MI AMOR
"Es un rock, es un blues,",SE VA A LLAMAR MI AMOR
es una mesa de luz,SE VA A LLAMAR MI AMOR
es un mambo de Xuxú,SE VA A LLAMAR MI AMOR
un manual de Kapelusz,SE VA A LLAMAR MI AMOR
"es mi amor,",SE VA A LLAMAR MI AMOR
no se va a llamar.,SE VA A LLAMAR MI AMOR
"Estás prohibida, estás prohibida, ya.",SE VA A LLAMAR MI AMOR
"Estás prohibida, pásenlo en la radio,",SE VA A LLAMAR MI AMOR
por mi amor.,SE VA A LLAMAR MI AMOR
Por mi amor.,SE VA A LLAMAR MI AMOR
"Tuve tu amor,",TU AMOR
tuve tu amor,TU AMOR
en mí ya.,TU AMOR
"Tuve tu amor,",TU AMOR
tú ves tu amor,TU AMOR
"tú ves tu amor,",TU AMOR
en mí ya.,TU AMOR
Tú ves tu amor.,TU AMOR
"El exilio te vistió de actriz,",TU AMOR
porque alguien se confudió,TU AMOR
"alguien te descubrió,",TU AMOR
cansado de esperar,TU AMOR
"como volverte a ver,",TU AMOR
"alguien se suicidó,",TU AMOR
alguien te traicionó.,TU AMOR
Los sitios girarán por siempre,TU AMOR
"sitios para transgredir,",TU AMOR
"hay algo en tu nariz,",TU AMOR
que escondes muy bien,TU AMOR
"te encentro feliz, triste.",TU AMOR
Susana se escapó,TU AMOR
Miguel también,TU AMOR
"Ana se quedó,",TU AMOR
Ana se quedó,TU AMOR
Te veo muy bien,TU AMOR
te ves muy bien,TU AMOR
"te ves muy bien,",TU AMOR
te ves muy bien así,TU AMOR
fumándote.,TU AMOR
"Te tengo que aplazar,",TU AMOR
como si fuera un bebé,TU AMOR
nadie podrá contar esto otra vez,TU AMOR
no importa adónde vas,TU AMOR
no importa donde estés.,TU AMOR
Yo me pude despedir en septiembre,TU AMOR
"pero antes de partir,",TU AMOR
tuve tu amor,TU AMOR
"tuve tu amor,",TU AMOR
tuve tu amor,TU AMOR
en mí ya.,TU AMOR
"Tuve un amor en Paraguay,",DEL EXILIO
una flor que se quemó mal.,DEL EXILIO
"No alcancé a decir que sí,",DEL EXILIO
que ya se sacó el toque,DEL EXILIO
y me lo dejó a mí.,DEL EXILIO
"Si, me exilé en Madrid,",DEL EXILIO
y me fui a New York,DEL EXILIO
sólo porque seguí a Perón.,DEL EXILIO
Tenía un sólido futuro artístico,DEL EXILIO
y me comí el bajón.,DEL EXILIO
"Yo tenía tres libros,",DEL EXILIO
y una foto del Che,DEL EXILIO
ahora tengo mil años,DEL EXILIO
y muy poco que hacer.,DEL EXILIO
Vamo a baila,DEL EXILIO
vamo a baila,DEL EXILIO
vamo a baila,DEL EXILIO
Por qué no vienes hasta mí,DE LA REVOLUCIÓN
por qué no puedo amarte,DE LA REVOLUCIÓN
por qué no vienes hasta mí,DE LA REVOLUCIÓN
por qué no cambias como el sol,DE LA REVOLUCIÓN
por qué eres tan distante,DE LA REVOLUCIÓN
por qué no cambias como el sol,DE LA REVOLUCIÓN
Me siento solo y confundido a la vez,DE LA REVOLUCIÓN
los analistas no podrán entender,DE LA REVOLUCIÓN
ya no sé bien que decir,DE LA REVOLUCIÓN
ya no sé más que hacer,DE LA REVOLUCIÓN
todo el mundo loco y yo sin poderte ver,DE LA REVOLUCIÓN
"pero si insisto, yo sé muy bien, te conseguiré",DE LA REVOLUCIÓN
Cerca de la revolución,DE LA REVOLUCIÓN
el pueblo pide sangre,DE LA REVOLUCIÓN
cerca de la revolución,DE LA REVOLUCIÓN
yo estoy cantando esta canción,DE LA REVOLUCIÓN
que alguna vez fue hambre,DE LA REVOLUCIÓN
yo estoy cantando esta canción,DE LA REVOLUCIÓN
Y si mañana es como ayer otra vez,DE LA REVOLUCIÓN
lo que fue hermoso será horrible,DE LA REVOLUCIÓN
"después, no es sólo una cuestión de elecciones",DE LA REVOLUCIÓN
"no elegí este mundo, pero aprendí a querer",DE LA REVOLUCIÓN
"pero si insisto yo sé muy bien, te conseguiré",DE LA REVOLUCIÓN
Si estas palabras te pudieran dar fe,DE LA REVOLUCIÓN
si esta armonía te ayudara a creer,DE LA REVOLUCIÓN
"yo sería tan feliz, tan feliz en el mundo,",DE LA REVOLUCIÓN
"que moriría, arrodillado a tus pies",DE LA REVOLUCIÓN
"pero si insisto, yo sé muy bien, te conseguiré",DE LA REVOLUCIÓN
Tiene manos de marfil,INTERFERENCIA
y telados de Taiwán,INTERFERENCIA
un chico conectado con la ciencia.,INTERFERENCIA
Busca aliados de jazmín,INTERFERENCIA
y una daga de metal,INTERFERENCIA
y tiene apuro y a la vez paciencia.,INTERFERENCIA
"Tiene un radio, para vivir, para vivir.",INTERFERENCIA
Estamos como el,INTERFERENCIA
amor que se echa a perder,INTERFERENCIA
violando todo lo que amamos,INTERFERENCIA
"para vivir, para vivir",INTERFERENCIA
"Tiene agujeros que no ves,",INTERFERENCIA
picaduras de escorpión,INTERFERENCIA
que oculta un maquillaje de inocencia.,INTERFERENCIA
Todo lo que ves o es,INTERFERENCIA
como la imaginación,INTERFERENCIA
"se junta con total interferencia, en la radio",INTERFERENCIA
suena un violín,INTERFERENCIA
Estamos como el amor,INTERFERENCIA
que se echa a perder,INTERFERENCIA
violando todo lo que amamos,INTERFERENCIA
"para vivir, para vivir.",INTERFERENCIA
"No voy en tren, voy en avión",VOY EN TREN
"no necesito a nadie, a nadie alrededor.",VOY EN TREN
"Porque no hay nadie que mi piel resista,",VOY EN TREN
"porque no hay nadie que yo quiera ver,",VOY EN TREN
"no veo televisión ni las revistas,",VOY EN TREN
no veo ya nada que no pueda hacer.,VOY EN TREN
"No voy en tren, voy en avión",VOY EN TREN
"no necesito a nadie, a nadie alrededor.",VOY EN TREN
Cuando era niño nunca fui muy listo,VOY EN TREN
tocaba el piano como un animal,VOY EN TREN
"yo sé, que algunos piensan que soy mixto",VOY EN TREN
pero yo tengo personalidad.,VOY EN TREN
Yo soy de la Cruz del sur,VOY EN TREN
soy el que cierra y el que apaga la luz,VOY EN TREN
"yo soy de la Cruz del sur,",VOY EN TREN
aquí y en anywhere.,VOY EN TREN
"No voy en tren, voy en avión",VOY EN TREN
"no necesito a nadie, a nadie alrededor.",VOY EN TREN
No voy a parar,2FANKY
yo no tengo dudas,2FANKY
no voy a bajar,2FANKY
déjalo que suba.,2FANKY
Por eso no quiero parar,2FANKY
ya no tengo dudas,2FANKY
no voy a bajar,2FANKY
déjalo que suba.,2FANKY
"Gozar, es tan parecido al amor",2FANKY
Gozar es tan diferente al amor.,2FANKY
El cambió una dirección,2FANKY
otra oportunidad merece alguna decisión.,2FANKY
Basta!,2FANKY
No voy a parar,2FANKY
yo no tengo dudas,2FANKY
no voy a bajar,2FANKY
déjalo que suba.,2FANKY
Gozar es tan parecido al amor,2FANKY
Gozar es tan diferente a matar.,2FANKY
Cuando pienso en el fin,2FANKY
cuando pienso en todo lo que dí.,2FANKY
Cuando miro el final,2FANKY
cuando sueño que todo va a acabar.,2FANKY
"Gozar es tan necesario, mi amor",2FANKY
Gozar es tan diferente al amor.,2FANKY
"Cuando estés mal, cuando estés solo",MÍ
cuando ya estés cansado de llorar,MÍ
no te olvides de mí,MÍ
porque sé que te puedo estimular,MÍ
Cuando me mires a los ojos,MÍ
y mi mirada esté en otro lugar,MÍ
no te acerques a mí,MÍ
porque sé que te puedo lastimar,MÍ
No pienses que estoy loco,MÍ
es sólo una manera de actuar,MÍ
no pienses que estoy solo,MÍ
estoy comunicado con todo lo demás,MÍ
"Por eso,",MÍ
"cuando estés mal, cuando estés sola",MÍ
cuando ya estés cansada de llorar,MÍ
no te olvides de mí,MÍ
porque sé que te puedo estimular,MÍ
"No razonar, desaparecer",SIENTO MUCHO MEJOR
cuando tenias que estar,SIENTO MUCHO MEJOR
te echaste a correr,SIENTO MUCHO MEJOR
Lo que hiciste en ti,SIENTO MUCHO MEJOR
no tiene perdón,SIENTO MUCHO MEJOR
y yo sé que me siento,SIENTO MUCHO MEJOR
mucho mas fuerte,SIENTO MUCHO MEJOR
sin tu amor.,SIENTO MUCHO MEJOR
Mucho tiempo atrás,SIENTO MUCHO MEJOR
me hiciste sentir,SIENTO MUCHO MEJOR
que nuestro amor era más,SIENTO MUCHO MEJOR
y de esa forma vivir,SIENTO MUCHO MEJOR
"No sé, más quien soy",SIENTO MUCHO MEJOR
de que te reís,SIENTO MUCHO MEJOR
y ahora sé que me siento,SIENTO MUCHO MEJOR
mucho mas fuerte sin tu amor,SIENTO MUCHO MEJOR
"oh, sin tu amor.",SIENTO MUCHO MEJOR
"No sé, que hacer",SIENTO MUCHO MEJOR
"no sé, que decir",SIENTO MUCHO MEJOR
cuando tenias que estar,SIENTO MUCHO MEJOR
te echaste a reír,SIENTO MUCHO MEJOR
Lo que hiciste en mi,SIENTO MUCHO MEJOR
no tiene perdón,SIENTO MUCHO MEJOR
y ahora sé que me siento,SIENTO MUCHO MEJOR
mucho mas fuerte sin tu amor.,SIENTO MUCHO MEJOR
Y yo sé que me siento,SIENTO MUCHO MEJOR
mucho mas fuerte,SIENTO MUCHO MEJOR
sin tu amor.,SIENTO MUCHO MEJOR
"Tuve tu amor,",TU AMOR
tuve tu amor,TU AMOR
en mí ya.,TU AMOR
"Tuve tu amor,",TU AMOR
tú ves tu amor,TU AMOR
"tú ves tu amor,",TU AMOR
en mí ya.,TU AMOR
Tú ves tu amor.,TU AMOR
"El exilio te vistió de actriz,",TU AMOR
porque alguien se confudió,TU AMOR
"alguien te descubrió,",TU AMOR
cansado de esperar,TU AMOR
"como volverte a ver,",TU AMOR
"alguien se suicidó,",TU AMOR
alguien te traicionó.,TU AMOR
Los sitios girarán por siempre,TU AMOR
"sitios para transgredir,",TU AMOR
"hay algo en tu nariz,",TU AMOR
que escondes muy bien,TU AMOR
"te encentro feliz, triste.",TU AMOR
Susana se escapó,TU AMOR
Miguel también,TU AMOR
"Ana se quedó,",TU AMOR
Ana se quedó,TU AMOR
Te veo muy bien,TU AMOR
te ves muy bien,TU AMOR
"te ves muy bien,",TU AMOR
te ves muy bien así,TU AMOR
fumándote.,TU AMOR
"Te tengo que aplazar,",TU AMOR
como si fuera un bebé,TU AMOR
nadie podrá contar esto otra vez,TU AMOR
no importa adónde vas,TU AMOR
no importa donde estés.,TU AMOR
Yo me pude despedir en septiembre,TU AMOR
"pero antes de partir,",TU AMOR
tuve tu amor,TU AMOR
"tuve tu amor,",TU AMOR
tuve tu amor,TU AMOR
en mí ya.,TU AMOR
Vamos al campo,DE LAS HORMIGAS
a descansar.,DE LAS HORMIGAS
"no queda nada, nada, nada que jalar",DE LAS HORMIGAS
de vacaciones me quiero ir,DE LAS HORMIGAS
a ver las focas y el casino en la Feliz.,DE LAS HORMIGAS
No me banco las hormigas,DE LAS HORMIGAS
por favor pasame el Raid.,DE LAS HORMIGAS
No me banco las hormigas,DE LAS HORMIGAS
por favor pasame el Raid.,DE LAS HORMIGAS
"No tengo teca,",DE LAS HORMIGAS
no tengo grass,DE LAS HORMIGAS
y la heladera no funciona,DE LAS HORMIGAS
porque la misma es a gas.,DE LAS HORMIGAS
"comida, no hay más.",DE LAS HORMIGAS
Estoy en el medio de la selva,DE LAS HORMIGAS
esto no lo aguanto más.,DE LAS HORMIGAS
"No me banco las hormigas,",DE LAS HORMIGAS
yo me vuelvo a la ciudad.,DE LAS HORMIGAS
La indómita luz,POR VOS
se hizo carne en mí,POR VOS
y lo dejé todo por esta soledad,POR VOS
y leo revistas,POR VOS
en la tempestad,POR VOS
Hice sacrificio,POR VOS
abracé la cruz al amanecer,POR VOS
"rezo, rezo, rezo, rezo por vos",POR VOS
Morí sin morir,POR VOS
y me abracé al dolor,POR VOS
y lo dejé todo por esta soledad,POR VOS
ya se hizo de noche,POR VOS
y ahora estoy aquí,POR VOS
Mi cuerpo se cae,POR VOS
sólo veo la cruz al amanecer,POR VOS
"rezo, rezo, rezo, rezo por vos",POR VOS
Y curé mis heridas,POR VOS
y me encendí de amor,POR VOS
y quemé las cortinas,POR VOS
"y me encendí de amor,",POR VOS
de amor sagrado,POR VOS
Y entonces,POR VOS
"rezo, rezo, rezo, rezo por vos",POR VOS
Conozco un empleado,BARATA Y ZAPATOS DE GOMA
que fue muerto de pena,BARATA Y ZAPATOS DE GOMA
enamorado de las sirenas.,BARATA Y ZAPATOS DE GOMA
El cine de mi barrio,BARATA Y ZAPATOS DE GOMA
ya me mostró la escena,BARATA Y ZAPATOS DE GOMA
no vi tu alma y quería tus venas.,BARATA Y ZAPATOS DE GOMA
Y en este torbellino,BARATA Y ZAPATOS DE GOMA
dónde nada importa,BARATA Y ZAPATOS DE GOMA
me sentí solo y te perdí,BARATA Y ZAPATOS DE GOMA
pero sí vi tus ojos,BARATA Y ZAPATOS DE GOMA
y hasta comí la arena,BARATA Y ZAPATOS DE GOMA
quise quedarme pero me fui.,BARATA Y ZAPATOS DE GOMA
Filosofía barata y zapatos de goma,BARATA Y ZAPATOS DE GOMA
ni ésta mentira te hace feliz,BARATA Y ZAPATOS DE GOMA
quise quedarme cuando morí de pena,BARATA Y ZAPATOS DE GOMA
quise quedarme pero me fui.,BARATA Y ZAPATOS DE GOMA
Y en la terminal,BARATA Y ZAPATOS DE GOMA
y en la terminal,BARATA Y ZAPATOS DE GOMA
estoy descalzo,BARATA Y ZAPATOS DE GOMA
y te espero a ti.,BARATA Y ZAPATOS DE GOMA
El ómnibus se ha ido,BARATA Y ZAPATOS DE GOMA
el amor se ha vencido,BARATA Y ZAPATOS DE GOMA
quise quedarme pero me fui.,BARATA Y ZAPATOS DE GOMA
Filosofía barata y zapatos de goma,BARATA Y ZAPATOS DE GOMA
ni ésta mentira te hace feliz,BARATA Y ZAPATOS DE GOMA
quise quedarme cuando morí de pena,BARATA Y ZAPATOS DE GOMA
quise quedarme pero me fui.,BARATA Y ZAPATOS DE GOMA
Filosofía barata y zapatos de goma,BARATA Y ZAPATOS DE GOMA
quizás es todo lo que te di.,BARATA Y ZAPATOS DE GOMA
Estás buscando un viejo camisón,UN SÍMBOLO DE PAZ
estás buscando alguna religión,UN SÍMBOLO DE PAZ
estás buscando un símbolo de paz.,UN SÍMBOLO DE PAZ
Estás buscando un incienso ya,UN SÍMBOLO DE PAZ
estás buscando un sueño en el placard.,UN SÍMBOLO DE PAZ
estás buscando un símbolo de paz.,UN SÍMBOLO DE PAZ
Y damos vueltas a la heladera,UN SÍMBOLO DE PAZ
y solo queda un limón sin exprimir,UN SÍMBOLO DE PAZ
nos divertimos en primavera,UN SÍMBOLO DE PAZ
y en invierno nos queremos morir.,UN SÍMBOLO DE PAZ
Estás buscando un porro de papá,UN SÍMBOLO DE PAZ
estás buscando un saco de mamá,UN SÍMBOLO DE PAZ
porque si nada queda nada da.,UN SÍMBOLO DE PAZ
Estás buscando un incienso ya,UN SÍMBOLO DE PAZ
estás buscando un sueño en el placard,UN SÍMBOLO DE PAZ
estás buscando un símbolo de paz.,UN SÍMBOLO DE PAZ
Y damos vuelta a la discoteca,UN SÍMBOLO DE PAZ
y ya no quedan ganas de sonreír,UN SÍMBOLO DE PAZ
nos divertimos en primavera,UN SÍMBOLO DE PAZ
y en invierno nos queremos morir.,UN SÍMBOLO DE PAZ
Será porque nos queremos sentir bien,UN SÍMBOLO DE PAZ
que ahora estamos bailando entre la gente,UN SÍMBOLO DE PAZ
será porque nos queremos sentir bien,UN SÍMBOLO DE PAZ
que ahora todo suena diferente.,UN SÍMBOLO DE PAZ
Y damos vueltas a la heladera,UN SÍMBOLO DE PAZ
y solo queda un limón sin exprimir,UN SÍMBOLO DE PAZ
nos divertimos en primavera,UN SÍMBOLO DE PAZ
y en invierno nos queremos morir.,UN SÍMBOLO DE PAZ
Oh no puedes ser feliz,A TU CORAZÓN
con tanta gente hablando a tu alrededor,A TU CORAZÓN
oh dame tu amor a mí,A TU CORAZÓN
"le estoy hablando, hablando, hablando a tu corazón",A TU CORAZÓN
"Cuando estás muy sola, sola en la calle",A TU CORAZÓN
"con tanta gente hablando, hablando a tu alrededor",A TU CORAZÓN
necesitas a alguien que te acompañe,A TU CORAZÓN
"le estoy hablando, hablando, hablando a tu corazón",A TU CORAZÓN
No importa el lenguaje ni las palabras,A TU CORAZÓN
ni las fronteras que separan a nuestro amor,A TU CORAZÓN
quiero que me escuches y que te abras,A TU CORAZÓN
"le estoy hablando, hablando, hablando a tu corazón",A TU CORAZÓN
Siempre que salgo tengo al lado un monitor,11FANTASY
y no sé quién está aquí.,11FANTASY
Alguien me llama por el maldito amor,11FANTASY
y no sé quién está aquí.,11FANTASY
No conozco a nadie,11FANTASY
y todos saben de mí,11FANTASY
pero es así,11FANTASY
porque siempre estoy en Fantasy.,11FANTASY
Cuando estoy sólo ya no se por quien vivir,11FANTASY
porque nunca estás aquí.,11FANTASY
Ya mis pies congelados llegan hasta mí,11FANTASY
porque nunca estás aquí,11FANTASY
No sabes de nada,11FANTASY
y todos hablan de ti,11FANTASY
pero es así,11FANTASY
porque siempre estás en Fantasy.,11FANTASY
Fantasy es un lugar,11FANTASY
del que nadie puede regresar,11FANTASY
del que nadie puede regresar.,11FANTASY
Fantasy es ilusión,11FANTASY
porque nunca hay nadie alrededor,11FANTASY
porque nunca hay nadie alrededor.,11FANTASY
No conozco a nadie,11FANTASY
quisiera verte a ti,11FANTASY
pero es así,11FANTASY
porque siempre estás.,11FANTASY
Fantasy es un lugar,11FANTASY
del que nadie puede regresar,11FANTASY
del que nadie puede regresar.,11FANTASY
Fantasy es ilusión,11FANTASY
porque nunca hay nadie alrededor,11FANTASY
porque nunca hay nadie alrededor.,11FANTASY
No conozco a nadie,11FANTASY
quisiera verte a ti,11FANTASY
pero es así,11FANTASY
porque siempre estás.,11FANTASY
Éxtasis,RUTA DEL TENTEMPIÉ
todo el tiempo vivo en éxtasis,RUTA DEL TENTEMPIÉ
una forma de amor,RUTA DEL TENTEMPIÉ
un remedio de ser feliz,RUTA DEL TENTEMPIÉ
Es para mí,RUTA DEL TENTEMPIÉ
todo el tiempo vivo en éxtasis,RUTA DEL TENTEMPIÉ
un misterio de amor,RUTA DEL TENTEMPIÉ
una forma de ser feliz.,RUTA DEL TENTEMPIÉ
Nunca me animé a decirte nada,RUTA DEL TENTEMPIÉ
nunca me animé a mostrar mi amor.,RUTA DEL TENTEMPIÉ
Nunca penetré en tu mirada.,RUTA DEL TENTEMPIÉ
Éxtasis,RUTA DEL TENTEMPIÉ
todo el mundo quiere éxtasis.,RUTA DEL TENTEMPIÉ
un misterio de amor,RUTA DEL TENTEMPIÉ
una forma de ser feliz.,RUTA DEL TENTEMPIÉ
"Resiste, yo se que existe amor en tu piel.",RUTA DEL TENTEMPIÉ
"Resiste, yo se que existe amor en tu piel.",RUTA DEL TENTEMPIÉ
Y no voy a esperar,RUTA DEL TENTEMPIÉ
y no voy a correr,RUTA DEL TENTEMPIÉ
y no voy a ganar,RUTA DEL TENTEMPIÉ
y no voy a perder.,RUTA DEL TENTEMPIÉ
Soy un típico ser en la ruta del tentempié.,RUTA DEL TENTEMPIÉ
"Me siento sólo, lindo, joven,",AMOR ESPERA
"viejo, triste, loco, nuevo, viejo y usado.",AMOR ESPERA
"Me siento lejos, cerca, fuera, linda,",AMOR ESPERA
"fea, loca, fuera, vieja y usada.",AMOR ESPERA
Y si el teléfono no suena,AMOR ESPERA
en el medio de una reunión privada.,AMOR ESPERA
Es que la cinta ésta cansada de escuchar,AMOR ESPERA
siempre las mismas pelotudas pavadas.,AMOR ESPERA
Y el amor espera.,AMOR ESPERA
Y el amor espera.,AMOR ESPERA
Y el amor espera.,AMOR ESPERA
Yo hago el muerto,AMOR ESPERA
"para ver quién me llora,",AMOR ESPERA
para ver quién me ha usado.,AMOR ESPERA
Yo me hago el diablo,AMOR ESPERA
porque sabe más por viejo,AMOR ESPERA
que lo que aprende del diablo.,AMOR ESPERA
Y si el teléfono no suena,AMOR ESPERA
en el medio de una reunión privada.,AMOR ESPERA
Es que la cinta está cansada de escuchar,AMOR ESPERA
siempre las mismas pelotudas pavadas.,AMOR ESPERA
Y el amor espera.,AMOR ESPERA
"Y ya es primavera,",AMOR ESPERA
"y la mesa, cera,",AMOR ESPERA
"y la vela, nada.",AMOR ESPERA
"Pero si resbalas y te dejas caer,",AMOR ESPERA
Pero si tus alas no te cortan los pies.,AMOR ESPERA
Todo el mundo sabe que no puedo vivir sin vos.,AMOR ESPERA
"Somos como peces que están fuera del mar,",AMOR ESPERA
fuimos tantas veces hacia el mismo lugar.,AMOR ESPERA
"Todo el mundo quiere, todo el mundo quiere olvidar.",AMOR ESPERA
"Pero si resbalas y no te caes, mi amor.",AMOR ESPERA
Pero si tus alas no se queman al sol.,AMOR ESPERA
Todo el mundo sabe que no puedo vivir sin vos.,AMOR ESPERA
"Somos como peces que están fuera del mar,",AMOR ESPERA
fuimos tantas veces hacia el mismo lugar.,AMOR ESPERA
"Todo el mundo quiere, todo el mundo quiere olvidar",AMOR ESPERA
"Tuve un amor en Paraguay,",DEL EXILIO
una flor que se quemó mal.,DEL EXILIO
"No alcancé a decir que sí,",DEL EXILIO
que ya se sacó el toque y me lo dejó a mí.,DEL EXILIO
"Si, me exilié en Madrid,",DEL EXILIO
y me fui a New York,DEL EXILIO
sólo porque seguí a Perón.,DEL EXILIO
Tenía un sólido futuro artístico,DEL EXILIO
y me comí el bajón.,DEL EXILIO
"Yo tenía tres libros,",DEL EXILIO
y una foto del Che,DEL EXILIO
ahora tengo mil años,DEL EXILIO
y muy poco que hacer.,DEL EXILIO
Vamo a baila,DEL EXILIO
vamo a baila,DEL EXILIO
vamo a baila.,DEL EXILIO
Por qué no vienes hasta mí,DE LA REVOLUCIÓN
por qué no puedo amarte,DE LA REVOLUCIÓN
por qué no vienes hasta mí,DE LA REVOLUCIÓN
por qué no cambias como el sol,DE LA REVOLUCIÓN
por qué eres tan distante,DE LA REVOLUCIÓN
por qué no cambias como el sol,DE LA REVOLUCIÓN
Me siento solo y confundido a la vez,DE LA REVOLUCIÓN
los analistas no podrán entender,DE LA REVOLUCIÓN
ya no sé bien que decir,DE LA REVOLUCIÓN
ya no sé más que hacer,DE LA REVOLUCIÓN
todo el mundo loco y yo sin poderte ver,DE LA REVOLUCIÓN
"pero si insisto, yo sé muy bien, te conseguiré",DE LA REVOLUCIÓN
Cerca de la revolución,DE LA REVOLUCIÓN
el pueblo pide sangre,DE LA REVOLUCIÓN
cerca de la revolución,DE LA REVOLUCIÓN
yo estoy cantando esta canción,DE LA REVOLUCIÓN
que alguna vez fue hambre,DE LA REVOLUCIÓN
yo estoy cantando esta canción,DE LA REVOLUCIÓN
Y si mañana es como ayer otra vez,DE LA REVOLUCIÓN
lo que fue hermoso será horrible,DE LA REVOLUCIÓN
"después, no es sólo una cuestión de elecciones",DE LA REVOLUCIÓN
"no elegí este mundo, pero aprendí a querer",DE LA REVOLUCIÓN
"pero si insisto yo sé muy bien, te conseguiré",DE LA REVOLUCIÓN
Si estas palabras te pudieran dar fe,DE LA REVOLUCIÓN
si esta armonía te ayudara a creer,DE LA REVOLUCIÓN
"yo sería tan feliz, tan feliz en el mundo,",DE LA REVOLUCIÓN
"que moriría, arrodillado a tus pies",DE LA REVOLUCIÓN
"pero si insisto, yo sé muy bien, te conseguiré",DE LA REVOLUCIÓN
Yo nunca fui a New York,CHIPI
no sé lo que es París,CHIPI
vivo bajo la tierra,CHIPI
vivo dentro de mi,CHIPI
Yo no tengo un espejo,CHIPI
no tengo un souvenir,CHIPI
la lágrima me habla,CHIPI
y está dentro de mi,CHIPI
Yo solo tengo esta pobre antena,CHIPI
que me transmite lo que decís,CHIPI
"una canción, mi ilusión, mis penas,",CHIPI
y este souvenir.,CHIPI
Yo subo la escalera,CHIPI
yo cumplo una misión,CHIPI
la lágrima me dice,CHIPI
que yo tampoco soy,CHIPI
la hija de una amor,CHIPI
la hija del dolor,CHIPI
la hija que no espera,CHIPI
tu tiempo se acabó,CHIPI
Si este dolor durará por siempre,CHIPI
no digas nada vete de aquí,CHIPI
porque yo estoy donde nunca voy,CHIPI
donde nunca fui,CHIPI
Tomalo con calma,CHIPI
la cosa es así,CHIPI
ya se hace de noche,CHIPI
me tengo que ir,CHIPI
Chipi chipi chipi,CHIPI
chipi bombón bombón,CHIPI
bombón,CHIPI
chipi chipi bombón,CHIPI
Ya no te pienso esperar por siempre,CHIPI
porque el mercurio lo tengo aquí,CHIPI
"ya no digas mas palabras, men",CHIPI
ya me voy de aquí,CHIPI
Y no te olvides nunca que..,CHIPI
.,CHIPI
Esta canción durará por siempre,CHIPI
por eso mismo yo la hice así,CHIPI
una canción sin amor,CHIPI
sin dolor,CHIPI
la canción sin fin.,CHIPI
No voy a parar,5FANKY
yo no tengo dudas,5FANKY
no voy a bajar,5FANKY
déjalo que suba.,5FANKY
Por eso no quiero parar,5FANKY
ya no tengo dudas,5FANKY
no voy a bajar,5FANKY
déjalo que suba.,5FANKY
"Gozar, es tan parecido al amor",5FANKY
Gozar es tan diferente al amor.,5FANKY
El cambió una dirección,5FANKY
otra oportunidad merece alguna decisión.,5FANKY
Basta!,5FANKY
No voy a parar,5FANKY
yo no tengo dudas,5FANKY
no voy a bajar,5FANKY
déjalo que suba.,5FANKY
Gozar es tan parecido al amor,5FANKY
Gozar es tan diferente a matar.,5FANKY
Cuando pienso en el fin,5FANKY
cuando pienso en todo lo que dí.,5FANKY
Cuando miro el final,5FANKY
cuando sueño que todo va a acabar.,5FANKY
"Gozar es tan necesario, mi amor",5FANKY
Gozar es tan diferente al amor.,5FANKY
Yo que nací con Videla,HOTELES
yo que nací sin poder,HOTELES
yo que luché por la libertad,HOTELES
y nunca la pude tener,HOTELES
Yo que viví entre fachistas,HOTELES
yo que morí en el altar,HOTELES
yo que crecí con los que estaban bien,HOTELES
pero a la noche estaba todo mal.,HOTELES
"Hoy pasó el tiempo,",HOTELES
demoliendo hoteles,HOTELES
mientras los plomos juntan los cables,HOTELES
cazan rehenes.,HOTELES
Hoy pasó el tiempo,HOTELES
demoliendo hoteles,HOTELES
mientras los chicos allá en la esquina,HOTELES
pegan carteles.,HOTELES
Yo fui educado con odio,HOTELES
y odiaba la humanidad,HOTELES
un día me fui con los hippies,HOTELES
y tuve un amor y mucho más.,HOTELES
"Ahora no estoy más tranquilo,",HOTELES
y por qué tendría que estar,HOTELES
todos crecimos sin entender,HOTELES
y todavía me siento un anormal,HOTELES
"Hoy pasó el tiempo,",HOTELES
demoliendo hoteles,HOTELES
mientras los plomos juntan los cables,HOTELES
cazan rehenes.,HOTELES
Hoy pasó el tiempo,HOTELES
demoliendo hoteles,HOTELES
mientras los chicos allá en la esquina,HOTELES
pegan carteles.,HOTELES
"Por favor,",SOBRE EL BIDET
no hagas promesas sobre el bidet,SOBRE EL BIDET
"por favor,",SOBRE EL BIDET
no me abras más los sobres,SOBRE EL BIDET
"por favor,",SOBRE EL BIDET
yo te prometo te escribiré,SOBRE EL BIDET
si es que paras de correr,SOBRE EL BIDET
"Por favor,",SOBRE EL BIDET
sigue la sombra de mi bebé,SOBRE EL BIDET
"por favor,",SOBRE EL BIDET
"no bebas más, no llores",SOBRE EL BIDET
"por favor,",SOBRE EL BIDET
yo te prometo te escribiré,SOBRE EL BIDET
si es que para de llover,SOBRE EL BIDET
Porque me tratas tan bien,SOBRE EL BIDET
me tratas tan mal,SOBRE EL BIDET
sabes que no aprendí a vivir,SOBRE EL BIDET
A veces estoy tan bien,SOBRE EL BIDET
estoy tan down,SOBRE EL BIDET
calambres en el alma,SOBRE EL BIDET
cada cual tiene un trip,SOBRE EL BIDET
en el bocho,SOBRE EL BIDET
difícil que lleguemos,SOBRE EL BIDET
a ponernos,SOBRE EL BIDET
"de acuerdo, de acuerdo",SOBRE EL BIDET
La indómita luz,POR VOS (CON LUIS ALBERTO SPINETTA)
se hizo carne en mí,POR VOS (CON LUIS ALBERTO SPINETTA)
y lo dejé todo por esta soledad,POR VOS (CON LUIS ALBERTO SPINETTA)
y leo revistas,POR VOS (CON LUIS ALBERTO SPINETTA)
en la tempestad,POR VOS (CON LUIS ALBERTO SPINETTA)
Hice sacrificio,POR VOS (CON LUIS ALBERTO SPINETTA)
abracé la cruz al amanecer,POR VOS (CON LUIS ALBERTO SPINETTA)
"rezo, rezo, rezo, rezo por vos",POR VOS (CON LUIS ALBERTO SPINETTA)
Morí sin morir,POR VOS (CON LUIS ALBERTO SPINETTA)
y me abracé al dolor,POR VOS (CON LUIS ALBERTO SPINETTA)
y lo dejé todo por esta soledad,POR VOS (CON LUIS ALBERTO SPINETTA)
ya se hizo de noche,POR VOS (CON LUIS ALBERTO SPINETTA)
y ahora estoy aquí,POR VOS (CON LUIS ALBERTO SPINETTA)
Mi cuerpo se cae,POR VOS (CON LUIS ALBERTO SPINETTA)
sólo veo la cruz al amanecer,POR VOS (CON LUIS ALBERTO SPINETTA)
"rezo, rezo, rezo, rezo por vos",POR VOS (CON LUIS ALBERTO SPINETTA)
Y curé mis heridas,POR VOS (CON LUIS ALBERTO SPINETTA)
y me encendí de amor,POR VOS (CON LUIS ALBERTO SPINETTA)
y quemé las cortinas,POR VOS (CON LUIS ALBERTO SPINETTA)
"y me encendí de amor,",POR VOS (CON LUIS ALBERTO SPINETTA)
de amor sagrado,POR VOS (CON LUIS ALBERTO SPINETTA)
Y entonces,POR VOS (CON LUIS ALBERTO SPINETTA)
"rezo, rezo, rezo, rezo por vos",POR VOS (CON LUIS ALBERTO SPINETTA)
"Podés pasear en limousine,",DE LA CAMA AL LIVING
"cortar las flores del jardín,",DE LA CAMA AL LIVING
podés cambiar el sol,DE LA CAMA AL LIVING
y esconderte si no quieres verme.,DE LA CAMA AL LIVING
Puedes ver amanecer,DE LA CAMA AL LIVING
"con caviar desde un hotel,",DE LA CAMA AL LIVING
y no tienes un poquito,DE LA CAMA AL LIVING
de amor para dar.,DE LA CAMA AL LIVING
Yendo de la cama al living,DE LA CAMA AL LIVING
"sientes el encierro,",DE LA CAMA AL LIVING
yendo de la cama al living.,DE LA CAMA AL LIVING
Podés saltar de un trampolín,DE LA CAMA AL LIVING
batir un record en patín,DE LA CAMA AL LIVING
"podés hacer un gol,",DE LA CAMA AL LIVING
podés llevar tu luna al cielo.,DE LA CAMA AL LIVING
"puedes ser un gran campeón,",DE LA CAMA AL LIVING
"jugar en la Selección,",DE LA CAMA AL LIVING
y no tienes un poquito,DE LA CAMA AL LIVING
de amor para dar.,DE LA CAMA AL LIVING
Yendo de la cama al living,DE LA CAMA AL LIVING
"sientes el encierro,",DE LA CAMA AL LIVING
yendo de la cama al living.,DE LA CAMA AL LIVING
"Oh, no, no, no,",DE LA CAMA AL LIVING
"no hay ninguna vibración,",DE LA CAMA AL LIVING
aunque vives en el mundo de cine,DE LA CAMA AL LIVING
no hay señales de algo que vive en mí.,DE LA CAMA AL LIVING
"Voy yendo de la cama al living,",DE LA CAMA AL LIVING
"sientes el encierro,",DE LA CAMA AL LIVING
voy yendo de la cama al living.,DE LA CAMA AL LIVING
No tengo nada que hacer,DE 2 x 3
no tengo nada que dar,DE 2 x 3
no encuentro la gracia en mi manera de hablar,DE 2 x 3
no quiero volver nunca más.,DE 2 x 3
"Todos podemos perder, todos podemos ganar",DE 2 x 3
entre las sogas del circo y las trincheras del mal,DE 2 x 3
yo quiero olvidarme de hablar.,DE 2 x 3
Las pálidas figuras se acercaron hasta mí.,DE 2 x 3
Mi mente tuvo dudas y fingí que ya las vi.,DE 2 x 3
Ya no quiero vivir así,DE 2 x 3
repitiendo las agonías del pasado,DE 2 x 3
con los hermanos de mi niñez,DE 2 x 3
es muy duro sobrevivir,DE 2 x 3
aunque el tiempo ya los ha vuelto desconfiados.,DE 2 x 3
Tenemos algo para decir,DE 2 x 3
no es la misma canción de 2 x 3,DE 2 x 3
las cosas ya no son como las vez.,DE 2 x 3
"Ella es menor, él es normal",MORTAL (NOS SIGUEN PEGANDO ABAJO)
y lo que están haciendo es un pecado mortal,MORTAL (NOS SIGUEN PEGANDO ABAJO)
ella se quedó sin boda ni arroz,MORTAL (NOS SIGUEN PEGANDO ABAJO)
y al novio lo agarraron entre muchos más que dos.,MORTAL (NOS SIGUEN PEGANDO ABAJO)
Miren lo están golpeando todo el tiempo,MORTAL (NOS SIGUEN PEGANDO ABAJO)
"lo vuelven, vuelven a golpear",MORTAL (NOS SIGUEN PEGANDO ABAJO)
nos siguen pegando abajo.,MORTAL (NOS SIGUEN PEGANDO ABAJO)
Yo estaba en un club,MORTAL (NOS SIGUEN PEGANDO ABAJO)
no había casi luz,MORTAL (NOS SIGUEN PEGANDO ABAJO)
la puerta de salida tenía un farolito azul.,MORTAL (NOS SIGUEN PEGANDO ABAJO)
El se desmayó delante de mí,MORTAL (NOS SIGUEN PEGANDO ABAJO)
no fueron las pastillas,MORTAL (NOS SIGUEN PEGANDO ABAJO)
fueron los hombres de gris,MORTAL (NOS SIGUEN PEGANDO ABAJO)
Miren lo están golpeando todo el tiempo,MORTAL (NOS SIGUEN PEGANDO ABAJO)
"lo vuelven, vuelven a golpear",MORTAL (NOS SIGUEN PEGANDO ABAJO)
nos siguen pegando abajo.,MORTAL (NOS SIGUEN PEGANDO ABAJO)
Estoy yéndome,MORTAL (NOS SIGUEN PEGANDO ABAJO)
soy como una luz apagándose,MORTAL (NOS SIGUEN PEGANDO ABAJO)
"desde el piso los pude ver,",MORTAL (NOS SIGUEN PEGANDO ABAJO)
locos de placer alejándose,MORTAL (NOS SIGUEN PEGANDO ABAJO)
Miren lo están golpeando todo el tiempo,MORTAL (NOS SIGUEN PEGANDO ABAJO)
"lo vuelven, vuelven a golpear",MORTAL (NOS SIGUEN PEGANDO ABAJO)
nos siguen pegando abajo.,MORTAL (NOS SIGUEN PEGANDO ABAJO)
"Puedo ver y decir,",12INFLUENCIA
puedo ver y decir y sentir:,12INFLUENCIA
algo ha cambiado.,12INFLUENCIA
para mí no es extraño.,12INFLUENCIA
"Yo no voy a correr,",12INFLUENCIA
yo no voy a correr ni a escapar,12INFLUENCIA
"de mi destino,",12INFLUENCIA
yo pienso en peligro.,12INFLUENCIA
Si fue hecho para mí,12INFLUENCIA
lo tengo que saber.,12INFLUENCIA
"pero es muy difícil ver,",12INFLUENCIA
si algo controla mi ser.,12INFLUENCIA
"En el fondo de mí,",12INFLUENCIA
en el fondo de mí veo temor,12INFLUENCIA
y veo sospechas,12INFLUENCIA
con mi fascinación nueva.,12INFLUENCIA
"Yo no sé bien qué es,",12INFLUENCIA
"Yo no sé bien que es,",12INFLUENCIA
"vos dirás: ""Son intuiciones""",12INFLUENCIA
verdaderas alertas.,12INFLUENCIA
"Debo confiar en mí,",12INFLUENCIA
lo tengo que saber.,12INFLUENCIA
"pero es muy difícil ver,",12INFLUENCIA
si algo controla mi ser.,12INFLUENCIA
Puedo ver y decir y sentir,12INFLUENCIA
mi mente dormir,12INFLUENCIA
bajo tu influencia.,12INFLUENCIA
"Una parte de mi,",12INFLUENCIA
"una parte de mi dice: Stop!,",12INFLUENCIA
"fuiste muy lejos,",12INFLUENCIA
no puedo contenerlo.,12INFLUENCIA
"Trato de resistir,",12INFLUENCIA
trato de resistir,12INFLUENCIA
y al final no es un problema.,12INFLUENCIA
que placer esta pena.,12INFLUENCIA
Si yo fuera otro ser,12INFLUENCIA
no lo podría entender.,12INFLUENCIA
"pero es tan difícil ver,",12INFLUENCIA
si algo controla mi ser.,12INFLUENCIA
Puedo ver y sentir y decir:,12INFLUENCIA
"mi vida dormir,",12INFLUENCIA
será por tu influencia.,12INFLUENCIA
esta extraña influencia.,12INFLUENCIA
Te siento respirar,EN EL ESPEJO
lejos de tu lugar,EN EL ESPEJO
hoy tuve un sueño con vos,EN EL ESPEJO
Que locos éramos los dos,EN EL ESPEJO
en los buenos tiempos,EN EL ESPEJO
Vos dejarás salir,EN EL ESPEJO
de tu eterno jardín,EN EL ESPEJO
yo de mi tonto fulgor,EN EL ESPEJO
Cuando encontrarnos era el fin,EN EL ESPEJO
y la vida el motor,EN EL ESPEJO
La línea blanca se termino,EN EL ESPEJO
no hay señales en tus ojos y estoy,EN EL ESPEJO
llorando en el espejo y no puedo ver,EN EL ESPEJO
A un hábil jugador,EN EL ESPEJO
trascendental actor,EN EL ESPEJO
en busca de aquel papel,EN EL ESPEJO
"que justifique con la acción,",EN EL ESPEJO
toda fantasía,EN EL ESPEJO
Que toque el saxofón,EN EL ESPEJO
que cause inspiración,EN EL ESPEJO
baila en tu forma de ser,EN EL ESPEJO
que desintegra con un blues,EN EL ESPEJO
esta oscura ficción.,EN EL ESPEJO
Y si vas a la derecha,PEINADOS NUEVOS
"y cambiás hacia la izquierda, adelante.",PEINADOS NUEVOS
"Es mejor que estarse quieto,",PEINADOS NUEVOS
es mejor que ser un vigilante.,PEINADOS NUEVOS
Si me gustan las canciones de amor,PEINADOS NUEVOS
y me gustan esos raros peinados nuevos,PEINADOS NUEVOS
ya no quiero criticar,PEINADOS NUEVOS
sólo quiero ser un enfermero.,PEINADOS NUEVOS
Y si trabajás al pedo,PEINADOS NUEVOS
"y estás haciendo algo nuevo, adelante.",PEINADOS NUEVOS
Y si cantas a la luna,PEINADOS NUEVOS
"y perdés la vida en un instante,",PEINADOS NUEVOS
Si luchaste por un mundo mejor,PEINADOS NUEVOS
y te gustan esos raros peinados nuevos,PEINADOS NUEVOS
no quiero ver al doctor,PEINADOS NUEVOS
sólo quiero ver al enfermero.,PEINADOS NUEVOS
Dame un poquito de amor,PEINADOS NUEVOS
no quiero un toco.,PEINADOS NUEVOS
"Quiero algo de razón,",PEINADOS NUEVOS
no quiero un loco.,PEINADOS NUEVOS
apagá el televisor.,PEINADOS NUEVOS
Si lo que te gusta es gritar,PEINADOS NUEVOS
desenchufa el cable del parlante.,PEINADOS NUEVOS
El silencio tiene acción,PEINADOS NUEVOS
el más cuerdo es el más delirante.,PEINADOS NUEVOS
Me gustaban las canciones de amor,PEINADOS NUEVOS
me gustaban esos raros peinados nuevos,PEINADOS NUEVOS
"de chiquito fui aviador,",PEINADOS NUEVOS
pero ahora soy un enfermero.,PEINADOS NUEVOS
"No razonar, desaparecer",SIENTO MUCHO MEJOR
cuando tenias que estar,SIENTO MUCHO MEJOR
te echaste a correr,SIENTO MUCHO MEJOR
Lo que hiciste en ti,SIENTO MUCHO MEJOR
no tiene perdón,SIENTO MUCHO MEJOR
y yo sé que me siento,SIENTO MUCHO MEJOR
mucho mas fuerte,SIENTO MUCHO MEJOR
sin tu amor.,SIENTO MUCHO MEJOR
Mucho tiempo atrás,SIENTO MUCHO MEJOR
me hiciste sentir,SIENTO MUCHO MEJOR
que nuestro amor era más,SIENTO MUCHO MEJOR
y de esa forma vivir,SIENTO MUCHO MEJOR
"No sé, más quien soy",SIENTO MUCHO MEJOR
de que te reís,SIENTO MUCHO MEJOR
y ahora sé que me siento,SIENTO MUCHO MEJOR
mucho mas fuerte sin tu amor,SIENTO MUCHO MEJOR
"oh, sin tu amor.",SIENTO MUCHO MEJOR
"No sé, que hacer",SIENTO MUCHO MEJOR
"no sé, que decir",SIENTO MUCHO MEJOR
cuando tenias que estar,SIENTO MUCHO MEJOR
te echaste a reír,SIENTO MUCHO MEJOR
Lo que hiciste en mi,SIENTO MUCHO MEJOR
no tiene perdón,SIENTO MUCHO MEJOR
y ahora sé que me siento,SIENTO MUCHO MEJOR
mucho mas fuerte sin tu amor.,SIENTO MUCHO MEJOR
Y yo sé que me siento,SIENTO MUCHO MEJOR
mucho mas fuerte,SIENTO MUCHO MEJOR
sin tu amor.,SIENTO MUCHO MEJOR
Estás buscando un viejo camisón,DE PAZ
estás buscando alguna religión,DE PAZ
estás buscando un símbolo de paz.,DE PAZ
Estás buscando un incienso ya,DE PAZ
estás buscando un sueño en el placard.,DE PAZ
estás buscando un símbolo de paz.,DE PAZ
Y damos vueltas a la heladera,DE PAZ
y solo queda un limón sin exprimir,DE PAZ
nos divertimos en primavera,DE PAZ
y en invierno nos queremos morir.,DE PAZ
Estás buscando un porro de papá,DE PAZ
estás buscando un saco de mamá,DE PAZ
porque si nada queda nada da.,DE PAZ
Estás buscando un incienso ya,DE PAZ
estás buscando un sueño en el placard,DE PAZ
estás buscando un símbolo de paz.,DE PAZ
Y damos vuelta a la discoteca,DE PAZ
y ya no quedan ganas de sonreír,DE PAZ
nos divertimos en primavera,DE PAZ
y en invierno nos queremos morir.,DE PAZ
Será porque nos queremos sentir bien,DE PAZ
que ahora estamos bailando entre la gente,DE PAZ
será porque nos queremos sentir bien,DE PAZ
que ahora todo suena diferente.,DE PAZ
Y damos vueltas a la heladera,DE PAZ
y solo queda un limón sin exprimir,DE PAZ
nos divertimos en primavera,DE PAZ
y en invierno nos queremos morir.,DE PAZ
"No voy en tren, voy en avión",VOY EN TREN
"no necesito a nadie, a nadie alrededor.",VOY EN TREN
"Porque no hay nadie que mi piel resista,",VOY EN TREN
"porque no hay nadie que yo quiera ver,",VOY EN TREN
"no veo televisión ni las revistas,",VOY EN TREN
no veo ya nada que no pueda hacer.,VOY EN TREN
"No voy en tren, voy en avión",VOY EN TREN
"no necesito a nadie, a nadie alrededor.",VOY EN TREN
Cuando era niño nunca fui muy listo,VOY EN TREN
tocaba el piano como un animal,VOY EN TREN
"yo sé, que algunos piensan que soy mixto",VOY EN TREN
pero yo tengo personalidad.,VOY EN TREN
Yo soy de la Cruz del sur,VOY EN TREN
soy el que cierra y el que apaga la luz,VOY EN TREN
"yo soy de la Cruz del sur,",VOY EN TREN
aquí y en anywhere.,VOY EN TREN
"No voy en tren, voy en avión",VOY EN TREN
"no necesito a nadie, a nadie alrededor.",VOY EN TREN
"Che, si en verdad me tomas en serio",SABER POR QUÉ
Deberías saber por qué,SABER POR QUÉ
En el fondo no es un misterio,SABER POR QUÉ
Deberías saber por qué,SABER POR QUÉ
"Te vas, ahí nomás",SABER POR QUÉ
Todos van hasta ahí nomás,SABER POR QUÉ
Ahí nomás.,SABER POR QUÉ
"Che, si te pones la camiseta",SABER POR QUÉ
Deberías saber por qué,SABER POR QUÉ
Aunque digas que no me meta,SABER POR QUÉ
Deberías saber por qué,SABER POR QUÉ
Te vas ahí nomás,SABER POR QUÉ
Todos van hasta ahí nomás,SABER POR QUÉ
Ahí nomás.,SABER POR QUÉ
"Andando, preguntando, discutiendo, caminando",SABER POR QUÉ
Esquivando tu manera de ser,SABER POR QUÉ
"Gritando, discutiendo, corrompiendo, agonizando",SABER POR QUÉ
Hasta el día que te volveré a ver.,SABER POR QUÉ
"Che, si es que entraste a mi apartamento",SABER POR QUÉ
Deberías saber por qué,SABER POR QUÉ
Es muy fácil decir lo siento,SABER POR QUÉ
Es muy fácil sentirse bien igual,SABER POR QUÉ
Bien igual.,SABER POR QUÉ
"Che, si en verdad me tomas en serio",SABER POR QUÉ
Deberías saber por que...,SABER POR QUÉ
"Hey, linda nena, ¿dónde vas a ir",& ROLL YO
Cuando no queden más lugares para huir?,& ROLL YO
"Argentinita, dónde vas a estar",& ROLL YO
Cuando la gente no te quiera ni mirar?,& ROLL YO
"Voy a saltar adentro tuyo,",& ROLL YO
Comiéndome de a poco tu orgullo,& ROLL YO
Saquen y eliminen a esa tonta,& ROLL YO
De mi rock and roll Yo,& ROLL YO
Este es mi rock and roll Yo.,& ROLL YO
Hey papa frita ¿qué vas a sentir,& ROLL YO
Cuando no tengas milanesas que freir?,& ROLL YO
"Hija de puta, te voy a matar",& ROLL YO
Donde te encuentres yo seguro voy a estar,& ROLL YO
Voy a saltar adentro tuyo,& ROLL YO
Comiéndome de a poco tu orgullo,& ROLL YO
Saquen y eliminen a esa tonta,& ROLL YO
De mi rock and roll Yo.,& ROLL YO
Quizás te ame ¿qué puedo hacer,& ROLL YO
Cuando mañana está en el ayer? Yeah!,& ROLL YO
Voy a saltar adentro tuyo,& ROLL YO
Comiéndome de a poco tu orgullo,& ROLL YO
Saquen y eliminen a esa tonta,& ROLL YO
De mi rock and roll Yo.,& ROLL YO
Están muertos,TOQUEN
están muertos,TOQUEN
están muertos.,TOQUEN
Están muertos,TOQUEN
están muertos,TOQUEN
están muertos.,TOQUEN
Váyanse de aquí,TOQUEN
váyanse de aquí,TOQUEN
váyanse.,TOQUEN
Muertos.,TOQUEN
No me toquen mis discos,TOQUEN
no me toquen mi ajuar,TOQUEN
no me toquen las manos,TOQUEN
ya no me toquen,TOQUEN
No!,TOQUEN
Están muertos,TOQUEN
están muertos,TOQUEN
están muertos.,TOQUEN
Están muertos,TOQUEN
están muertos,TOQUEN
están muertos.,TOQUEN
Sáquenme de aquí,TOQUEN
Sáquenme de aquí,TOQUEN
sáquenme,TOQUEN
Ya no me toquen no!,TOQUEN
No toquen,TOQUEN
no toquen,TOQUEN
no toquen,TOQUEN
no.,TOQUEN
No toquen,TOQUEN
no quiero que me toquen,TOQUEN
no toquen no!,TOQUEN
No toquen,TOQUEN
no toquen,TOQUEN
no toquen,TOQUEN
no.,TOQUEN
No toquen,TOQUEN
no quiero que me toquen,TOQUEN
ya no me toquen,TOQUEN
no!,TOQUEN
"Mi amor, no te puedo amar.",SE VA A LLAMAR MI AMOR
"Mi amor, no te puedo amar.",SE VA A LLAMAR MI AMOR
"Estás prohibida, estás prohibida, ya.",SE VA A LLAMAR MI AMOR
"Estás prohibida, pásenlo en la radio,",SE VA A LLAMAR MI AMOR
por mi amor.,SE VA A LLAMAR MI AMOR
"Salí, salí a pescar.",SE VA A LLAMAR MI AMOR
"Salí, salí a pescar.",SE VA A LLAMAR MI AMOR
"Es un rock, es un blues, es una mesa de luz",SE VA A LLAMAR MI AMOR
es un mambo de xuxú,SE VA A LLAMAR MI AMOR
un manual de Kapelusz,SE VA A LLAMAR MI AMOR
"es mi amor,",SE VA A LLAMAR MI AMOR
no se va a llamar.,SE VA A LLAMAR MI AMOR
"Estás prohibida, estás prohibida, ya.",SE VA A LLAMAR MI AMOR
"Estás prohibida, pásenlo en la radio,",SE VA A LLAMAR MI AMOR
por mi amor.,SE VA A LLAMAR MI AMOR
Por mi amor.,SE VA A LLAMAR MI AMOR
Nunca Podrás amarme,INTENSIVA
Vivo sólo en la TV,INTENSIVA
Nunca podré decirte cómo es,INTENSIVA
Nunca podrás tocarme,INTENSIVA
Sólo verme en un papel,INTENSIVA
No dejes de mirarme,INTENSIVA
En la pared.,INTENSIVA
Yo nací para ti,INTENSIVA
Soy de Puerto Rico,INTENSIVA
Te daré un surubí,INTENSIVA
Soy un rico tipo siempre,INTENSIVA
Y vos sos tan virgen para mí,INTENSIVA
Frotándote las piernas,INTENSIVA
Llorando en la capilla...,INTENSIVA
Un amor de chicas muertas.,INTENSIVA
Nunca Podrás amarme,MUERTAS
vivo sólo en la T.V.,MUERTAS
Nunca podré decirte cómo es,MUERTAS
nunca podrás tocarme,MUERTAS
sólo verme en un papel,MUERTAS
no dejes de mirarme,MUERTAS
en la pared.,MUERTAS
Yo nací para ti,MUERTAS
soy de Puerto Rico,MUERTAS
Te daré un surubí,MUERTAS
soy un rico tipo siempre,MUERTAS
y vos sos tan virgen para mi,MUERTAS
frotándote las piernas,MUERTAS
llorando en la capilla,MUERTAS
un amor de chicas muertas.,MUERTAS
Y no te olvides...,1OBERTURE
no te olvides nunca...,1OBERTURE
"que yo, yo...",1OBERTURE
"soy ""La hija de la lágrima"".",1OBERTURE
Víctima de soledad,2VÍCTIMA
víctima de un mal extraño,2VÍCTIMA
mi corazón se ha partido en dos.,2VÍCTIMA
¿Quién te ha visto y quién te ve?,2VÍCTIMA
Quién te ama te hace daño,2VÍCTIMA
mío corazón se ha partido en dos,2VÍCTIMA
veo esa sangre en la pared,2VÍCTIMA
iluminó mi ser,2VÍCTIMA
algo va a caer,2VÍCTIMA
veo tu sombra y ya no sé,2VÍCTIMA
ya no sé qué hacer,2VÍCTIMA
algo va a caer,2VÍCTIMA
Víctima de libertad,2VÍCTIMA
víctima de un sol extraño,2VÍCTIMA
Oh! Mi corazón se ha partido en dos,2VÍCTIMA
cuando todos van a ver,2VÍCTIMA
cuando va a nacer,2VÍCTIMA
todo va a caer,2VÍCTIMA
tengo que salir y volver,2VÍCTIMA
desaparecer,2VÍCTIMA
y alguien va a caer,2VÍCTIMA
Víctima de libertad,2VÍCTIMA
víctima de soledad,2VÍCTIMA
víctima de soledad,2VÍCTIMA
víctima de soledad.,2VÍCTIMA
(INSTRUMENTAL),Y CHOFI
(INSTRUMENTAL),4ATLANTIS
A donde voy no llego,SAL NO SALA
a donde estoy resbalo,SAL NO SALA
no es porque sea bueno,SAL NO SALA
tampoco soy tan malo,SAL NO SALA
pero yo se que...,SAL NO SALA
La sal no sala,SAL NO SALA
y el azúcar no endulza,SAL NO SALA
La sal no sala,SAL NO SALA
y el azúcar no endulza,SAL NO SALA
La madre de mi hermana,SAL NO SALA
hizo un pacto con Dios,SAL NO SALA
se inyectó mercurio,SAL NO SALA
y ahora te lo da a vos,SAL NO SALA
Pero sabes que...,SAL NO SALA
La sal no sala,SAL NO SALA
y el azúcar no endulza,SAL NO SALA
La sal no sala,SAL NO SALA
y el azúcar no endulza,SAL NO SALA
No soporto la mañana,SAL NO SALA
no soporto el sol,SAL NO SALA
Estoy harto de tu hermana,SAL NO SALA
estoy harto,SAL NO SALA
La chica de la esquina,SAL NO SALA
me está tratando mal,SAL NO SALA
me vende una droga,SAL NO SALA
que no puedo pagar,SAL NO SALA
Pero sabes que...,SAL NO SALA
La sal no sala,SAL NO SALA
y el azúcar no endulza,SAL NO SALA
La sal no sala,SAL NO SALA
y el azúcar no endulza,SAL NO SALA
(Me dijeron que hay alguien,SAL NO SALA
que tiene de la buena),SAL NO SALA
La sal no sala,SAL NO SALA
y el azúcar no endulza,SAL NO SALA
La sal no sala,SAL NO SALA
y el azúcar no endulza.,SAL NO SALA
Yo nunca fui a New York,CHIPI
no sé lo que es París,CHIPI
vivo bajo la tierra,CHIPI
vivo dentro de mi,CHIPI
Yo no tengo un espejo,CHIPI
no tengo un souvenir,CHIPI
la lágrima me habla,CHIPI
y está dentro de mi,CHIPI
Yo solo tengo esta pobre antena,CHIPI
que me transmite lo que decís,CHIPI
"una canción, mi ilusión, mis penas,",CHIPI
y este souvenir.,CHIPI
Yo subo la escalera,CHIPI
yo cumplo una misión,CHIPI
la lágrima me dice,CHIPI
que yo tampoco soy,CHIPI
la hija de una amor,CHIPI
la hija del dolor,CHIPI
la hija que no espera,CHIPI
tu tiempo se acabó,CHIPI
Si este dolor durará por siempre,CHIPI
no digas nada vete de aquí,CHIPI
porque yo estoy donde nunca voy,CHIPI
donde nunca fui,CHIPI
Tomalo con calma,CHIPI
la cosa es así,CHIPI
ya se hace de noche,CHIPI
me tengo que ir,CHIPI
Chipi chipi chipi,CHIPI
chipi bombón bombón,CHIPI
bombón,CHIPI
chipi chipi bombón,CHIPI
Ya no te pienso esperar por siempre,CHIPI
porque el mercurio lo tengo aquí,CHIPI
"ya no digas mas palabras, men",CHIPI
ya me voy de aquí,CHIPI
Y no te olvides nunca que..,CHIPI
.,CHIPI
Esta canción durará por siempre,CHIPI
por eso mismo yo la hice así,CHIPI
una canción sin amor,CHIPI
sin dolor,CHIPI
la canción sin fin.,CHIPI
(INSTRUMENTAL),(TAXI)
Dónde estoy?,IS LOVE
ya no existe reloj,IS LOVE
ya no existe la arena,IS LOVE
Sólo Dios,IS LOVE
me podría descubrir,IS LOVE
"me podría dar la vena, amor",IS LOVE
Sólo amor mío,IS LOVE
y nada más,IS LOVE
que el tiempo que se pierde,IS LOVE
Creo en vos,IS LOVE
yo no tengo pared,IS LOVE
yo no tengo cadenas,IS LOVE
Sólo amor,IS LOVE
solo quiero vivir,IS LOVE
solo quiero esta vena amor,IS LOVE
Hoy estoy aquí,IS LOVE
rodeada de las cosas que no vuelan,IS LOVE
Nos tenemos que encontrar,IS LOVE
yo vengo de otra guerra,IS LOVE
de otro sol,IS LOVE
Bajo alrededor,IS LOVE
y por donde yo voy,IS LOVE
y de donde yo soy,IS LOVE
no hay tiempo,IS LOVE
¿Qué esperás?,IS LOVE
¿Qué esperás atado así?,IS LOVE
Yo vi que no había nada.,IS LOVE
Tu palabra.,IS LOVE
(INSTRUMENTAL),DE AMOR
Las casas tienen armazones blandas,U!
y hay un lado que no tiene sol,U!
y todos tienen una casa blanca,U!
y todos tienen un poco de amor.,U!
Fax U,U!
¿Quién te crees que sos?,U!
fax u,U!
Fax u,U!
Nn mi telephone,U!
fax u,U!
(concha de fax U),U!
Yo te besaba,U!
yo te quería,U!
yo te trataba,U!
como a una algodón,U!
Pero los cables,U!
llegaron arriba,U!
y desde abajo,U!
ya no te vi amor,U!
Fax u,U!
y tu telephone,U!
fax u,U!
Fax u,U!
ya no sé quien sos,U!
fax u,U!
Adoro la tele transportación,U!
adoro la tele transportación.,U!
Cuando me hablabas,U!
cuando ingerías,U!
cuando salías,U!
a ese balcón,U!
Todo era rosa,U!
todo era nada,U!
todo era blanca,U!
el alba y hoy,U!
Fax U,U!
Te quiero ver,U!
Fax U,U!
Fax U,U!
Fax U,U!
Fax U,U!
Adoro la tele transportación,U!
yo soy mucho más rápido que lo que creíste,U!
No estás completamente inventada,U!
"te falta algo, te falta amor",U!
te falta ser como son los soldados,U!
que mueren junto al frente amor,U!
Fax U,U!
Fax U,U!
Fax U,U!
Fax U,U!
(INSTRUMENTAL),11LAMENT
(INSTRUMENTAL),12INTERMEDIO
Gente trabajando gente,IN THE MORNING
máquinas a mi alrededor,IN THE MORNING
nada puede parar de andar,IN THE MORNING
nada puede andar peor,IN THE MORNING
Gente trabajando gente,IN THE MORNING
máquinas a mi alrededor,IN THE MORNING
Gente trabajando gente,IN THE MORNING
máquinas a mi alrededor,IN THE MORNING
digitalizan mis pensamientos,IN THE MORNING
pero no no ven tu amor,IN THE MORNING
no ven tu amor,IN THE MORNING
Nunca volver a buscarte,IN THE MORNING
nunca tendrás este amor,IN THE MORNING
nunca volver a llamarte,IN THE MORNING
nunca tendrás este amor,IN THE MORNING
¿Por qué será?,IN THE MORNING
No te puedo esperar,IN THE MORNING
pero yo soy yo,IN THE MORNING
Ya está bien...,IN THE MORNING
Yo quiero amor,14WAITING
"nada mas, baby",14WAITING
"yo espero,",14WAITING
yo espero por mi,14WAITING
Yo tengo amor,14WAITING
"nada mas, baby",14WAITING
yo espero,14WAITING
yo espero por mi,14WAITING
Antes de descansar,14WAITING
yo vi una estrella,14WAITING
era una luz,14WAITING
para mí,14WAITING
Me tengo que ayudar,14WAITING
solo un momento,14WAITING
porque yo espero,14WAITING
por mi,14WAITING
Yo solo espero,14WAITING
Yo tengo amor,14WAITING
"nada mas, baby",14WAITING
yo quiero,14WAITING
yo espero,14WAITING
Yo voy a ser,14WAITING
como yo quiera,14WAITING
no voy a andar,14WAITING
por ahí,14WAITING
Tu mente va a estallar,14WAITING
en un momento,14WAITING
nada me puede hacer,14WAITING
mas feliz,14WAITING
Porque yo espero,14WAITING
Yo quiero amor,14WAITING
"nada mas, baby",14WAITING
yo espero,14WAITING
yo espero por mi,14WAITING
yo espero (uh) por mi,14WAITING
La sombra llega y no espera,15KUROSAWA
se presenta y no te deja opción,15KUROSAWA
"todo se vuelve madera, yo lo siento",15KUROSAWA
y no tengo un amor para dar,15KUROSAWA
Cuando te quiero te digo,15KUROSAWA
que te quiero y no hay nada mejor,15KUROSAWA
mi madre dice que espere,15KUROSAWA
y el mercurio no me da la razón,15KUROSAWA
Porque...,15KUROSAWA
Así como estoy no puedo ir,15KUROSAWA
"(así como estoy, no puedo)",15KUROSAWA
Nadie me enseñó como sentir,15KUROSAWA
Nadie me enseñó como sentir,15KUROSAWA
(nadie me enseñó como sentir),15KUROSAWA
nadie me enseñó como vivir,15KUROSAWA
Cuando miro la alborada,15KUROSAWA
doy un pase y sigo ese sol,15KUROSAWA
la gente dice que es tuyo,15KUROSAWA
y no es tuyo y no es mío,15KUROSAWA
pero aquí estoy...,15KUROSAWA
Aquí es donde yo estoy,15KUROSAWA
Entrás (entrás),15KUROSAWA
Te vas (te vas),15KUROSAWA
Me cortas las palabras,15KUROSAWA
Me amás (me amás),15KUROSAWA
te vas(te vas),15KUROSAWA
la llama ya se abre,15KUROSAWA
porque mi ángel se fue,15KUROSAWA
(porque mi ángel se fue),15KUROSAWA
cuando estaba acá,15KUROSAWA
porque mi ángel se fue,15KUROSAWA
Yo también fui,16CHIQUILÍN
un chiquilín desorientado,16CHIQUILÍN
yo también fui,16CHIQUILÍN
un chiquilín desalentado,16CHIQUILÍN
Voy a comprar un martillo,16CHIQUILÍN
para romper los vidrios de tu alma,16CHIQUILÍN
voy a matar a tu padre,16CHIQUILÍN
y a violar a tu mujer,16CHIQUILÍN
Yo también fui,16CHIQUILÍN
"un chiquilín, sólo un chico",16CHIQUILÍN
"un chiquilín, sólo un chico",16CHIQUILÍN
Voy a comprar,16CHIQUILÍN
una Biblia,16CHIQUILÍN
para leer,16CHIQUILÍN
las últimas noticias,16CHIQUILÍN
el hombre del espacio,16CHIQUILÍN
nació en la ingravidez,16CHIQUILÍN
Adrenalina,17ANDAN
Andan,17ANDAN
yo no se si están,17ANDAN
yo no se si van,17ANDAN
solo se que andan,17ANDAN
salen de día,17ANDAN
y vuelven aquí,17ANDAN
y no me dejan dormir,17ANDAN
se esconden allí,17ANDAN
y no me dejan dormir,17ANDAN
será que estoy loco nena,17ANDAN
pero estoy loco por vos,17ANDAN
Andan,17ANDAN
yo no se si son,17ANDAN
yo no se si están,17ANDAN
solo se que andan,17ANDAN
tocan mis dedos,17ANDAN
y me vienen a cazar,17ANDAN
tocan mi mente,17ANDAN
y me quieren atrapar,17ANDAN
será que ando mal en mi,17ANDAN
"oh, yeah!",17ANDAN
sera que estoy loco nena,17ANDAN
pero estoy loco por vos,17ANDAN
Entras,17ANDAN
te vas,17ANDAN
te escondes en la puerta,17ANDAN
te vas,17ANDAN
te vas,17ANDAN
porque mi ángel se fue,17ANDAN
tanto tiempo atrás,17ANDAN
porque mi ángel se fue,17ANDAN
Esta superproducción se la debemos a:,BROWN
"La Lágrima, la reina del mercurio",BROWN
Tengo el mercurio bajo mi piel,BROWN
madre mercurio ya se que hacer,BROWN
se que si se acaba me voy a torcer,BROWN
las células se escapan por ahí,BROWN
y todas las tardes rezo porque si,BROWN
te venís arrastrando,BROWN
de tu mano arrastrando,BROWN
no nos va terminando,BROWN
muevo el mercurio,BROWN
ya se que hacer,BROWN
(INSTRUMENTAL),19INTRATERRENO
Hoy voy a salir,SUGAR
hoy voy a olvidar,SUGAR
hoy voy a buscar,SUGAR
un lugar para quedarme,SUGAR
Hoy voy a escapar,SUGAR
no voy a mirar,SUGAR
tus ojos ya son,SUGAR
de mercurio y no me salvan,SUGAR
Estoy tan lejos,SUGAR
del sol,SUGAR
y tan sola en mi dolor,SUGAR
ya no vengas a buscarme,SUGAR
Me voy a jugar,SUGAR
me voy a reír,SUGAR
me voy a dejar,SUGAR
una lágrima en la sangre,SUGAR
Estoy tan lejos,SUGAR
del sol,SUGAR
y tan sola en mi dolor,SUGAR
ya no vengas a buscarme,SUGAR
Pero no quiero existir con vos,SUGAR
ya no puedo existir con vos,SUGAR
existir sin existir.,SUGAR
Adrenalina,(COMPLETE)
Andan,(COMPLETE)
Yo no se si están,(COMPLETE)
Yo no se si van,(COMPLETE)
Solo se que andan,(COMPLETE)
Salen de día,(COMPLETE)
Y vuelven aquí,(COMPLETE)
Y no me dejan dormir,(COMPLETE)
Se esconden allí,(COMPLETE)
Y no me dejan dormir,(COMPLETE)
Será que estoy loco nena,(COMPLETE)
Pero estoy loco por vos,(COMPLETE)
Andan,(COMPLETE)
Yo no se si son,(COMPLETE)
Yo no se si están,(COMPLETE)
Solo se que andan,(COMPLETE)
Tocan mis dedos,(COMPLETE)
Y me vienen a cazar,(COMPLETE)
Tocan mi mente,(COMPLETE)
Y me quieren atrapar,(COMPLETE)
Será que ando mal en mí,(COMPLETE)
"Oh, yeah!",(COMPLETE)
Será que estoy loco nena,(COMPLETE)
Pero estoy loco por vos,(COMPLETE)
Entras,(COMPLETE)
Te vas,(COMPLETE)
Te escondes en la puerta,(COMPLETE)
Te vas,(COMPLETE)
Te vas,(COMPLETE)
Porque mi ángel se fue,(COMPLETE)
Tanto tiempo atrás,(COMPLETE)
Porque mi ángel se fue...,(COMPLETE)
Voy a cambiar,TU AMOR
voy a insistir,TU AMOR
voy a pelear,TU AMOR
voy a seguir.,TU AMOR
Yo necesito tu amor,TU AMOR
tu amor me salva y me sirve,TU AMOR
yo necesito tu amor,TU AMOR
cada día un poco más.,TU AMOR
Yo tengo el vicio de,TU AMOR
dejarme llevar,TU AMOR
y poner mi cabeza en Marte.,TU AMOR
Tengo prejuicios que,TU AMOR
no puedo sacar,TU AMOR
tengo un cuerpo que,TU AMOR
quiere amarte.,TU AMOR
Yo vi tu amor,TU AMOR
yo vi tu amor.,TU AMOR
Dentro del mal,TU AMOR
cerca del fin,TU AMOR
"cerca de vos,",TU AMOR
dentro de mí.,TU AMOR
Yo necesito tu amor,TU AMOR
tu amor me salva y me sirve,TU AMOR
yo necesito tu amor,TU AMOR
cada día un poco más.,TU AMOR
No tengo nadie,TU AMOR
que yo quiera escuchar,TU AMOR
ni pasiones para abrigarme,TU AMOR
"no tengo máscara,",TU AMOR
no tengo disfraz,TU AMOR
ni señales para guiarme,TU AMOR
al menos hoy,TU AMOR
al menos hoy.,TU AMOR
Están muertos,TOQUEN
están muertos,TOQUEN
están muertos.,TOQUEN
Están muertos,TOQUEN
están muertos,TOQUEN
están muertos.,TOQUEN
Váyanse de aquí,TOQUEN
váyanse de aquí,TOQUEN
váyanse.,TOQUEN
Muertos.,TOQUEN
No me toquen mis discos,TOQUEN
no me toquen mi ajuar,TOQUEN
no me toquen las manos,TOQUEN
ya no me toquen,TOQUEN
No!,TOQUEN
Están muertos,TOQUEN
están muertos,TOQUEN
están muertos.,TOQUEN
Están muertos,TOQUEN
están muertos,TOQUEN
están muertos.,TOQUEN
Sáquenme de aquí,TOQUEN
Sáquenme de aquí,TOQUEN
sáquenme,TOQUEN
Ya no me toquen no!,TOQUEN
No toquen,TOQUEN
no toquen,TOQUEN
no toquen,TOQUEN
no.,TOQUEN
No toquen,TOQUEN
no quiero que me toquen,TOQUEN
no toquen no!,TOQUEN
No toquen,TOQUEN
no toquen,TOQUEN
no toquen,TOQUEN
no.,TOQUEN
No toquen,TOQUEN
no quiero que me toquen,TOQUEN
ya no me toquen,TOQUEN
no!,TOQUEN
"Cuando estés mal, cuando estés solo",MÍ
cuando ya estés cansado de llorar,MÍ
no te olvides de mí,MÍ
porque sé que te puedo estimular,MÍ
Cuando me mires a los ojos,MÍ
y mi mirada esté en otro lugar,MÍ
no te acerques a mí,MÍ
porque sé que te puedo lastimar,MÍ
No pienses que estoy loco,MÍ
es sólo una manera de actuar,MÍ
no pienses que estoy solo,MÍ
estoy comunicado con todo lo demás,MÍ
"Por eso,",MÍ
"cuando estés mal, cuando estés sola",MÍ
cuando ya estés cansada de llorar,MÍ
no te olvides de mí,MÍ
porque sé que te puedo estimular,MÍ
Estás buscando un viejo camisón,UN SÍMBOLO DE PAZ
estás buscando alguna religión,UN SÍMBOLO DE PAZ
estás buscando un símbolo de paz.,UN SÍMBOLO DE PAZ
Estás buscando un incienso ya,UN SÍMBOLO DE PAZ
estás buscando un sueño en el placard.,UN SÍMBOLO DE PAZ
estás buscando un símbolo de paz.,UN SÍMBOLO DE PAZ
Y damos vueltas a la heladera,UN SÍMBOLO DE PAZ
y solo queda un limón sin exprimir,UN SÍMBOLO DE PAZ
nos divertimos en primavera,UN SÍMBOLO DE PAZ
y en invierno nos queremos morir.,UN SÍMBOLO DE PAZ
Estás buscando un porro de papá,UN SÍMBOLO DE PAZ
estás buscando un saco de mamá,UN SÍMBOLO DE PAZ
porque si nada queda nada da.,UN SÍMBOLO DE PAZ
Estás buscando un incienso ya,UN SÍMBOLO DE PAZ
estás buscando un sueño en el placard,UN SÍMBOLO DE PAZ
estás buscando un símbolo de paz.,UN SÍMBOLO DE PAZ
Y damos vuelta a la discoteca,UN SÍMBOLO DE PAZ
y ya no quedan ganas de sonreír,UN SÍMBOLO DE PAZ
nos divertimos en primavera,UN SÍMBOLO DE PAZ
y en invierno nos queremos morir.,UN SÍMBOLO DE PAZ
Será porque nos queremos sentir bien,UN SÍMBOLO DE PAZ
que ahora estamos bailando entre la gente,UN SÍMBOLO DE PAZ
será porque nos queremos sentir bien,UN SÍMBOLO DE PAZ
que ahora todo suena diferente.,UN SÍMBOLO DE PAZ
Y damos vueltas a la heladera,UN SÍMBOLO DE PAZ
y solo queda un limón sin exprimir,UN SÍMBOLO DE PAZ
nos divertimos en primavera,UN SÍMBOLO DE PAZ
y en invierno nos queremos morir.,UN SÍMBOLO DE PAZ
Éxtasis,RUTA DEL TENTEMPIE
todo el tiempo vivo en éxtasis,RUTA DEL TENTEMPIE
una forma de amor,RUTA DEL TENTEMPIE
un remedio de ser feliz,RUTA DEL TENTEMPIE
Es para mí,RUTA DEL TENTEMPIE
todo el tiempo vivo en éxtasis,RUTA DEL TENTEMPIE
un misterio de amor,RUTA DEL TENTEMPIE
una forma de ser feliz.,RUTA DEL TENTEMPIE
Nunca me animé a decirte nada,RUTA DEL TENTEMPIE
nunca me animé a mostrar mi amor.,RUTA DEL TENTEMPIE
Nunca penetré en tu mirada.,RUTA DEL TENTEMPIE
Éxtasis,RUTA DEL TENTEMPIE
todo el mundo quiere éxtasis.,RUTA DEL TENTEMPIE
un misterio de amor,RUTA DEL TENTEMPIE
una forma de ser feliz.,RUTA DEL TENTEMPIE
"Resiste, yo se que existe amor en tu piel.",RUTA DEL TENTEMPIE
"Resiste, yo se que existe amor en tu piel.",RUTA DEL TENTEMPIE
Y no voy a esperar,RUTA DEL TENTEMPIE
y no voy a correr,RUTA DEL TENTEMPIE
y no voy a ganar,RUTA DEL TENTEMPIE
y no voy a perder.,RUTA DEL TENTEMPIE
Soy un típico ser en la ruta del tentempié.,RUTA DEL TENTEMPIE
No voy a parar,6FANKY
yo no tengo dudas,6FANKY
no voy a bajar,6FANKY
déjalo que suba.,6FANKY
Por eso no quiero parar,6FANKY
ya no tengo dudas,6FANKY
no voy a bajar,6FANKY
déjalo que suba.,6FANKY
"Gozar, es tan parecido al amor",6FANKY
Gozar es tan diferente al amor.,6FANKY
El cambió una dirección,6FANKY
otra oportunidad merece alguna decisión.,6FANKY
Basta!,6FANKY
No voy a parar,6FANKY
yo no tengo dudas,6FANKY
no voy a bajar,6FANKY
déjalo que suba.,6FANKY
Gozar es tan parecido al amor,6FANKY
Gozar es tan diferente a matar.,6FANKY
Cuando pienso en el fin,6FANKY
cuando pienso en todo lo que dí.,6FANKY
Cuando miro el final,6FANKY
cuando sueño que todo va a acabar.,6FANKY
"Gozar es tan necesario, mi amor",6FANKY
Gozar es tan diferente al amor.,6FANKY
Conozco un empleado,BARATA Y ZAPATOS DE GOMA
que fue muerto de pena,BARATA Y ZAPATOS DE GOMA
enamorado de las sirenas.,BARATA Y ZAPATOS DE GOMA
El cine de mi barrio,BARATA Y ZAPATOS DE GOMA
ya me mostró la escena,BARATA Y ZAPATOS DE GOMA
no vi tu alma y quería tus venas.,BARATA Y ZAPATOS DE GOMA
Y en este torbellino,BARATA Y ZAPATOS DE GOMA
dónde nada importa,BARATA Y ZAPATOS DE GOMA
me sentí solo y te perdí,BARATA Y ZAPATOS DE GOMA
pero sí vi tus ojos,BARATA Y ZAPATOS DE GOMA
y hasta comí la arena,BARATA Y ZAPATOS DE GOMA
quise quedarme pero me fui.,BARATA Y ZAPATOS DE GOMA
Filosofía barata y zapatos de goma,BARATA Y ZAPATOS DE GOMA
ni ésta mentira te hace feliz,BARATA Y ZAPATOS DE GOMA
quise quedarme cuando morí de pena,BARATA Y ZAPATOS DE GOMA
quise quedarme pero me fui.,BARATA Y ZAPATOS DE GOMA
Y en la terminal,BARATA Y ZAPATOS DE GOMA
y en la terminal,BARATA Y ZAPATOS DE GOMA
estoy descalzo,BARATA Y ZAPATOS DE GOMA
y te espero a ti.,BARATA Y ZAPATOS DE GOMA
El ómnibus se ha ido,BARATA Y ZAPATOS DE GOMA
el amor se ha vencido,BARATA Y ZAPATOS DE GOMA
quise quedarme pero me fui.,BARATA Y ZAPATOS DE GOMA
Filosofía barata y zapatos de goma,BARATA Y ZAPATOS DE GOMA
ni ésta mentira te hace feliz,BARATA Y ZAPATOS DE GOMA
quise quedarme cuando morí de pena,BARATA Y ZAPATOS DE GOMA
quise quedarme pero me fui.,BARATA Y ZAPATOS DE GOMA
Filosofía barata y zapatos de goma,BARATA Y ZAPATOS DE GOMA
quizás es todo lo que te di.,BARATA Y ZAPATOS DE GOMA
"No voy en tren, voy en avión",VOY EN TREN
"no necesito a nadie, a nadie alrededor.",VOY EN TREN
"Porque no hay nadie que mi piel resista,",VOY EN TREN
"porque no hay nadie que yo quiera ver,",VOY EN TREN
"no veo televisión ni las revistas,",VOY EN TREN
no veo ya nada que no pueda hacer.,VOY EN TREN
"No voy en tren, voy en avión",VOY EN TREN
"no necesito a nadie, a nadie alrededor.",VOY EN TREN
Cuando era niño nunca fui muy listo,VOY EN TREN
tocaba el piano como un animal,VOY EN TREN
"yo sé, que algunos piensan que soy mixto",VOY EN TREN
pero yo tengo personalidad.,VOY EN TREN
Yo soy de la Cruz del sur,VOY EN TREN
soy el que cierra y el que apaga la luz,VOY EN TREN
"yo soy de la Cruz del sur,",VOY EN TREN
aquí y en anywhere.,VOY EN TREN
"No voy en tren, voy en avión",VOY EN TREN
"no necesito a nadie, a nadie alrededor.",VOY EN TREN
"No razonar, desaparecer",SIENTO MUCHO MEJOR (I FELL MUCH BETTER)
cuando tenias que estar,SIENTO MUCHO MEJOR (I FELL MUCH BETTER)
te echaste a correr,SIENTO MUCHO MEJOR (I FELL MUCH BETTER)
Lo que hiciste en ti,SIENTO MUCHO MEJOR (I FELL MUCH BETTER)
no tiene perdón,SIENTO MUCHO MEJOR (I FELL MUCH BETTER)
y yo sé que me siento,SIENTO MUCHO MEJOR (I FELL MUCH BETTER)
mucho mas fuerte,SIENTO MUCHO MEJOR (I FELL MUCH BETTER)
sin tu amor.,SIENTO MUCHO MEJOR (I FELL MUCH BETTER)
Mucho tiempo atrás,SIENTO MUCHO MEJOR (I FELL MUCH BETTER)
me hiciste sentir,SIENTO MUCHO MEJOR (I FELL MUCH BETTER)
que nuestro amor era más,SIENTO MUCHO MEJOR (I FELL MUCH BETTER)
y de esa forma vivir,SIENTO MUCHO MEJOR (I FELL MUCH BETTER)
"No sé, más quien soy",SIENTO MUCHO MEJOR (I FELL MUCH BETTER)
de que te reís,SIENTO MUCHO MEJOR (I FELL MUCH BETTER)
y ahora sé que me siento,SIENTO MUCHO MEJOR (I FELL MUCH BETTER)
mucho mas fuerte sin tu amor,SIENTO MUCHO MEJOR (I FELL MUCH BETTER)
"oh, sin tu amor.",SIENTO MUCHO MEJOR (I FELL MUCH BETTER)
"No sé, que hacer",SIENTO MUCHO MEJOR (I FELL MUCH BETTER)
"no sé, que decir",SIENTO MUCHO MEJOR (I FELL MUCH BETTER)
cuando tenias que estar,SIENTO MUCHO MEJOR (I FELL MUCH BETTER)
te echaste a reír,SIENTO MUCHO MEJOR (I FELL MUCH BETTER)
Lo que hiciste en mi,SIENTO MUCHO MEJOR (I FELL MUCH BETTER)
no tiene perdón,SIENTO MUCHO MEJOR (I FELL MUCH BETTER)
y ahora sé que me siento,SIENTO MUCHO MEJOR (I FELL MUCH BETTER)
mucho mas fuerte sin tu amor.,SIENTO MUCHO MEJOR (I FELL MUCH BETTER)
Y yo sé que me siento,SIENTO MUCHO MEJOR (I FELL MUCH BETTER)
mucho mas fuerte,SIENTO MUCHO MEJOR (I FELL MUCH BETTER)
sin tu amor.,SIENTO MUCHO MEJOR (I FELL MUCH BETTER)
La indómita luz,POR VOS
se hizo carne en mí,POR VOS
y lo dejé todo por esta soledad,POR VOS
y leo revistas,POR VOS
en la tempestad,POR VOS
Hice sacrificio,POR VOS
abracé la cruz al amanecer,POR VOS
"rezo, rezo, rezo, rezo por vos",POR VOS
Morí sin morir,POR VOS
y me abracé al dolor,POR VOS
y lo dejé todo por esta soledad,POR VOS
ya se hizo de noche,POR VOS
y ahora estoy aquí,POR VOS
Mi cuerpo se cae,POR VOS
sólo veo la cruz al amanecer,POR VOS
"rezo, rezo, rezo, rezo por vos",POR VOS
Y curé mis heridas,POR VOS
y me encendí de amor,POR VOS
y quemé las cortinas,POR VOS
"y me encendí de amor,",POR VOS
de amor sagrado,POR VOS
Y entonces,POR VOS
"rezo, rezo, rezo, rezo por vos",POR VOS
El tiempo vuelve a pasar,11ANHEDONIA
pero no hay primavera en Anhedonia.,11ANHEDONIA
El tiempo vuelve a llorar,11ANHEDONIA
pero no hay primavera en Anhedonia.,11ANHEDONIA
Y aunque las luces son suaves,11ANHEDONIA
y el cine está aquí,11ANHEDONIA
no hay nada que hacer de noche no pasa nada,11ANHEDONIA
nada más que el tren.,11ANHEDONIA
Un ángel vuela en París,11ANHEDONIA
y un chico nace casi en Anhedonia,11ANHEDONIA
Está tan lejos de aquí,11ANHEDONIA
porque ella sólo vive en Anhedonia.,11ANHEDONIA
Ella hizo un pacto de sangre,11ANHEDONIA
a pesar de mí,11ANHEDONIA
No tengo que volver,11ANHEDONIA
"sangre en la calle, calle",11ANHEDONIA
No hay que vivir así.,11ANHEDONIA
Porque antes que tu madre,11ANHEDONIA
mucho antes que el dolor.,11ANHEDONIA
El amor cambia tu sangre,11ANHEDONIA
Porque la noche es tan suave,11ANHEDONIA
y el tiempo feliz,11ANHEDONIA
no tengo que hacer maletas,11ANHEDONIA
no siento nada.,11ANHEDONIA
Una vez creí,DE PLASTILINA
que nada iba a pasarme,DE PLASTILINA
Una vez pensé,DE PLASTILINA
que nadie iba a matarme.,DE PLASTILINA
El tiempo pasó,DE PLASTILINA
entre rayuelas y cometas,DE PLASTILINA
entre un amor y bicicletas,DE PLASTILINA
y aunque estuviera sólo sabía jugar,DE PLASTILINA
aunque quisiera llorar.,DE PLASTILINA
Yo te quería amar,DE PLASTILINA
y no sabía tu nombre,DE PLASTILINA
Te quería encontrar,DE PLASTILINA
pero no sabía dónde,DE PLASTILINA
yo te fui a buscar,DE PLASTILINA
quería que todo fuera eterno,DE PLASTILINA
se fue el amor,DE PLASTILINA
llegó el invierno,DE PLASTILINA
y anduve tiritando en cualquier lugar,DE PLASTILINA
y sólo pude llorar.,DE PLASTILINA
Alcanzar lo interminable,DE PLASTILINA
rebotando en la pared,DE PLASTILINA
dando vueltas en el aire,DE PLASTILINA
mientras el payaso hace la red.,DE PLASTILINA
Nadie pudo ver,DE PLASTILINA
que el tiempo era una herida,DE PLASTILINA
lástima nacer,DE PLASTILINA
y no salir con vida,DE PLASTILINA
yo quiero llorar.,DE PLASTILINA
Reloj de plastilina,DE PLASTILINA
no existes más,DE PLASTILINA
ya no te puedo esperar,DE PLASTILINA
mientras el payaso hace la red.,DE PLASTILINA
Salgo a caminar,DE PLASTILINA
y sigo imaginando,DE PLASTILINA
fui lo que creí,DE PLASTILINA
soy lo que está pasando,DE PLASTILINA
No quiero llorar.,DE PLASTILINA
No quiero estar envuelto en penas,DE PLASTILINA
siempre arrastrando estas cadenas,DE PLASTILINA
si el tiempo no es amigo,DE PLASTILINA
no importa más,DE PLASTILINA
yo sólo quiero jugar.,DE PLASTILINA
"Jugar, jugar",DE PLASTILINA
solo quiero ver jugar,DE PLASTILINA
yo solo quiero jugar,DE PLASTILINA
solo quiero jugar.,DE PLASTILINA
Vamos al campo,DE LAS HORMIGAS
a descansar.,DE LAS HORMIGAS
"no queda nada, nada, nada que jalar",DE LAS HORMIGAS
de vacaciones me quiero ir,DE LAS HORMIGAS
a ver las focas y el casino en la Feliz.,DE LAS HORMIGAS
No me banco las hormigas,DE LAS HORMIGAS
por favor pasame el Raid.,DE LAS HORMIGAS
No me banco las hormigas,DE LAS HORMIGAS
por favor pasame el Raid.,DE LAS HORMIGAS
"No tengo teca,",DE LAS HORMIGAS
no tengo grass,DE LAS HORMIGAS
y la heladera no funciona,DE LAS HORMIGAS
porque la misma es a gas.,DE LAS HORMIGAS
"comida, no hay más.",DE LAS HORMIGAS
Estoy en el medio de la selva,DE LAS HORMIGAS
esto no lo aguanto más.,DE LAS HORMIGAS
"No me banco las hormigas,",DE LAS HORMIGAS
yo me vuelvo a la ciudad.,DE LAS HORMIGAS
Ella es bailarina,ES BAILARINA
ella es bailarina,ES BAILARINA
Y sabe todo lo que debe saber,ES BAILARINA
pero todavía hay algo que no pudo hacer.,ES BAILARINA
Es un buen maestro,ES BAILARINA
es un buen maestro,ES BAILARINA
Y sabe todo lo que debe saber,ES BAILARINA
pero todavía hay algo que no pudo aprender.,ES BAILARINA
Ella se saca la estola de visón,ES BAILARINA
y el soutien dorado,ES BAILARINA
y el soutien dorado,ES BAILARINA
El pone fuego en el calefón,ES BAILARINA
y juntos se bañan los dos.,ES BAILARINA
Es un policía,ES BAILARINA
es un policía,ES BAILARINA
y siempre cumple con su justo deber,ES BAILARINA
pero todavía hay algo que no pudo hacer.,ES BAILARINA
Cuando el maestro debe ir a estudiar,ES BAILARINA
llega el azulado,ES BAILARINA
llega el azulado.,ES BAILARINA
Deja la guardia en la seccional,ES BAILARINA
tan sólo para verla bailar.,ES BAILARINA
Es un sacerdote,ES BAILARINA
es un sacerdote,ES BAILARINA
y siempre cumple con su santo deber,ES BAILARINA
en un club nocturno reventado,ES BAILARINA
los casó a los tres,ES BAILARINA
en un club nocturno reventado,ES BAILARINA
los casó a los tres,ES BAILARINA
en un club nocturno reventado,ES BAILARINA
los casó a los tres.,ES BAILARINA
Yo soy un gato de metal,DE METAL
vivo en un agujero,DE METAL
tengo una ansiedad,DE METAL
como de año nuevo.,DE METAL
Nunca sé dónde estoy,DE METAL
nunca sé dónde voy,DE METAL
tengo miedo de la escena de la calle,DE METAL
tengo miedo que en la calle no haya nadie,DE METAL
esa es la rapsodia de los que,DE METAL
decoran el tiempo.,DE METAL
Por eso vivo en los tejados,DE METAL
viajo en subterráneo,DE METAL
amo a los extraños,DE METAL
mi comodidad sólo es mi aventura,DE METAL
nunca será igual,DE METAL
nunca nada dura.,DE METAL
Vos te querías comprar un perro?,DE METAL
pero soy un gato,DE METAL
Vos te querías comprar un perro?,DE METAL
pero soy un gato.,DE METAL
Te recuerdo invierno,RECUERDO INVIERNO
ahora que estoy solo,RECUERDO INVIERNO
y me acuerdo del sol,RECUERDO INVIERNO
que no brillaba,RECUERDO INVIERNO
de tu mano helada,RECUERDO INVIERNO
cuando el viento hería,RECUERDO INVIERNO
tu cara y la mia,RECUERDO INVIERNO
por el parque húmedo de rocío,RECUERDO INVIERNO
íbamos los dos,RECUERDO INVIERNO
te esperaré de pie,RECUERDO INVIERNO
cuando el frío,RECUERDO INVIERNO
te traiga aquí,RECUERDO INVIERNO
otra vez como antes,RECUERDO INVIERNO
solamente puedo,RECUERDO INVIERNO
esperar tu vuelta,RECUERDO INVIERNO
por el parque húmedo de rocío,RECUERDO INVIERNO
íbamos los dos,RECUERDO INVIERNO
Te esperaré de pie,RECUERDO INVIERNO
cuando el frío,RECUERDO INVIERNO
te traiga aquí,RECUERDO INVIERNO
otra vez como antes,RECUERDO INVIERNO
solamente puedo,RECUERDO INVIERNO
esperar tu vuelta,RECUERDO INVIERNO
por el parque húmedo de rocío,RECUERDO INVIERNO
te veré venir,RECUERDO INVIERNO
te veré venir,RECUERDO INVIERNO
te veré venir.,RECUERDO INVIERNO
Yo quise el fin y había más,AMOR (FT. PEDRO AZNAR)
yo quise más no había fin,AMOR (FT. PEDRO AZNAR)
lo que yo quise encontrar,AMOR (FT. PEDRO AZNAR)
estaba atrás y no aquí,AMOR (FT. PEDRO AZNAR)
Desde las sombras no vi,AMOR (FT. PEDRO AZNAR)
las sombras y no vi luz,AMOR (FT. PEDRO AZNAR)
no voy a llorar,AMOR (FT. PEDRO AZNAR)
si nadie me acompaña,AMOR (FT. PEDRO AZNAR)
no voy a dejar,AMOR (FT. PEDRO AZNAR)
ni un camino sin andar,AMOR (FT. PEDRO AZNAR)
Aunque sea el fin del amor,AMOR (FT. PEDRO AZNAR)
yo he visto el fin del disfraz,AMOR (FT. PEDRO AZNAR)
yo quiero el fin del dolor,AMOR (FT. PEDRO AZNAR)
pero no hay fin siempre hay más,AMOR (FT. PEDRO AZNAR)
no existe sombra,AMOR (FT. PEDRO AZNAR)
no existe culpa,AMOR (FT. PEDRO AZNAR)
no existe cruz,AMOR (FT. PEDRO AZNAR)
No voy a esperar,AMOR (FT. PEDRO AZNAR)
las caras que yo extraño,AMOR (FT. PEDRO AZNAR)
no voy a esperar,AMOR (FT. PEDRO AZNAR)
que el destino hable por mí,AMOR (FT. PEDRO AZNAR)
y en medio de las lluvias del invierno,AMOR (FT. PEDRO AZNAR)
no hay tiempo ni lugar,AMOR (FT. PEDRO AZNAR)
yo sé que entenderás,AMOR (FT. PEDRO AZNAR)
que amor,AMOR (FT. PEDRO AZNAR)
para quien busca una respuesta ooh,AMOR (FT. PEDRO AZNAR)
es un poquito más que hacerte bien bien,AMOR (FT. PEDRO AZNAR)
Yo tuve el fin y era más,AMOR (FT. PEDRO AZNAR)
yo tuve más y era el fin,AMOR (FT. PEDRO AZNAR)
yo tuve el mundo a mis pies,AMOR (FT. PEDRO AZNAR)
y no era nada sin ti,AMOR (FT. PEDRO AZNAR)
Crucé la línea final por,AMOR (FT. PEDRO AZNAR)
tu amor,AMOR (FT. PEDRO AZNAR)
tan fuerte como el no amor,AMOR (FT. PEDRO AZNAR)
tu amor,AMOR (FT. PEDRO AZNAR)
parábola de un mundo mejor,AMOR (FT. PEDRO AZNAR)
Tu amor me enseña a vivir,AMOR (FT. PEDRO AZNAR)
tu amor me enseña a sentir,AMOR (FT. PEDRO AZNAR)
tu amor,AMOR (FT. PEDRO AZNAR)
Yo tuve el fin y era más,AMOR (FT. PEDRO AZNAR)
yo tuve más y era el fin,AMOR (FT. PEDRO AZNAR)
yo tuve el mundo a mis pies,AMOR (FT. PEDRO AZNAR)
y no era nada sin ti,AMOR (FT. PEDRO AZNAR)
seremos salvos por nuestro amor,AMOR (FT. PEDRO AZNAR)
Mientes y yo puedo atestiguar,(FT. PEDRO AZNAR)
mientes y ni te hace falta hablar,(FT. PEDRO AZNAR)
mientes y adoras verme llorar,(FT. PEDRO AZNAR)
callar ya no te redimirá,(FT. PEDRO AZNAR)
Si la culpa de todo me has de echar,(FT. PEDRO AZNAR)
y hasta el fuego pretendes congelar,(FT. PEDRO AZNAR)
no quiero estar,(FT. PEDRO AZNAR)
siempre buscando algo más allá,(FT. PEDRO AZNAR)
siempre pensando que hay alguien más,(FT. PEDRO AZNAR)
siempre sufriendo por lo que no hay,(FT. PEDRO AZNAR)
jamás poniéndote en mi lugar,(FT. PEDRO AZNAR)
Cuando miro adentro tuyo,(FT. PEDRO AZNAR)
me asusto de lo que hay,(FT. PEDRO AZNAR)
cuando veo tus ojos y no estás,(FT. PEDRO AZNAR)
si mis lágrimas de amor,(FT. PEDRO AZNAR)
te alejan cada vez más,(FT. PEDRO AZNAR)
es que de verdad no hay nada,(FT. PEDRO AZNAR)
será que esta vez es el final,(FT. PEDRO AZNAR)
Mientes no paras de hacerme mal,(FT. PEDRO AZNAR)
callar ya no te redimirá,(FT. PEDRO AZNAR)
si la culpa de todo me has de echar,(FT. PEDRO AZNAR)
si olvidé mi sonrisa en un lugar,(FT. PEDRO AZNAR)
que no has de hallar,(FT. PEDRO AZNAR)
Cuando miro adentro tuyo,(FT. PEDRO AZNAR)
me asusto de lo que hay,(FT. PEDRO AZNAR)
cuando veo tus ojos y no estás,(FT. PEDRO AZNAR)
si mis lágrimas de amor,(FT. PEDRO AZNAR)
te alejan cada vez más,(FT. PEDRO AZNAR)
es que de verdad no hay nada,(FT. PEDRO AZNAR)
será que esta vez es el final,(FT. PEDRO AZNAR)
Mientes y yo puedo atestiguar,(FT. PEDRO AZNAR)
mientes y ni te hace falta hablar,(FT. PEDRO AZNAR)
mientes y adoras verme llorar,(FT. PEDRO AZNAR)
callar ya no te redimirá,(FT. PEDRO AZNAR)
Mientes y yo puedo atestiguar,(FT. PEDRO AZNAR)
mientes y ni te hace falta hablar,(FT. PEDRO AZNAR)
Estoy perdiendo el color,(FT. PEDRO AZNAR)
me estoy durmiendo al amanecer,(FT. PEDRO AZNAR)
estoy perdiendo el calor,(FT. PEDRO AZNAR)
me voy muriendo y no sé por qué,(FT. PEDRO AZNAR)
ya no pienso en eso,(FT. PEDRO AZNAR)
no soy yo,(FT. PEDRO AZNAR)
el que ronda por las noches,(FT. PEDRO AZNAR)
loco por saciar esa sed,(FT. PEDRO AZNAR)
Por qué me tratas tan mal,(FT. PEDRO AZNAR)
por qué te escapas por qué no ves,(FT. PEDRO AZNAR)
que si me matas tal vez,(FT. PEDRO AZNAR)
entre las sombras renaceré,(FT. PEDRO AZNAR)
no pensés en eso,(FT. PEDRO AZNAR)
yo estoy bien,(FT. PEDRO AZNAR)
solamente los espejos,(FT. PEDRO AZNAR)
quieren mi reflejo esconder,(FT. PEDRO AZNAR)
Vampiro,(FT. PEDRO AZNAR)
déjame dormir tranquilo,(FT. PEDRO AZNAR)
vampiro,(FT. PEDRO AZNAR)
déjame dormir tranquilo,(FT. PEDRO AZNAR)
Aléjate de mis emociones vampiro,(FT. PEDRO AZNAR)
porque ya no resisto más,(FT. PEDRO AZNAR)
y aléjate de mis tentaciones,(FT. PEDRO AZNAR)
porque este cuerpo es mío nada más,(FT. PEDRO AZNAR)
Ya no pienso en eso,(FT. PEDRO AZNAR)
yo estoy bien,(FT. PEDRO AZNAR)
solamente los espejos,(FT. PEDRO AZNAR)
pueden mi reflejo esconder,(FT. PEDRO AZNAR)
Ya no pienso en eso,(FT. PEDRO AZNAR)
no soy yo,(FT. PEDRO AZNAR)
el que ronda por las noches,(FT. PEDRO AZNAR)
loco por saciar tu pasión,(FT. PEDRO AZNAR)
Vampiro,(FT. PEDRO AZNAR)
déjame dormir tranquilo,(FT. PEDRO AZNAR)
vampiro,(FT. PEDRO AZNAR)
déjame dormir tranquilo,(FT. PEDRO AZNAR)
Aléjate de mis ilusiones vampiro,(FT. PEDRO AZNAR)
porque ya no existen más,(FT. PEDRO AZNAR)
y aléjate de mis tentaciones,(FT. PEDRO AZNAR)
porque este cuerpo es mío nada más,(FT. PEDRO AZNAR)
Ya no pienso en eso,(FT. PEDRO AZNAR)
no soy yo,(FT. PEDRO AZNAR)
mi mirada de fantasma,(FT. PEDRO AZNAR)
solo puede decirte adiós,(FT. PEDRO AZNAR)
Vampiro vampiro,(FT. PEDRO AZNAR)
sangra sin parar,(FT. PEDRO AZNAR)
sangra sin parar,(FT. PEDRO AZNAR)
sangra sin parar,(FT. PEDRO AZNAR)
sangra,(FT. PEDRO AZNAR)
ya no pienso en eso,(FT. PEDRO AZNAR)
Si quieres bailar,TODO (FT. PEDRO AZNAR)
si quieres sentir,TODO (FT. PEDRO AZNAR)
abriendo de par en par,TODO (FT. PEDRO AZNAR)
tu corazón,TODO (FT. PEDRO AZNAR)
No busques más allá,TODO (FT. PEDRO AZNAR)
porque yo estoy aquí,TODO (FT. PEDRO AZNAR)
y dilo ya,TODO (FT. PEDRO AZNAR)
si es que se trata de mí,TODO (FT. PEDRO AZNAR)
Por qué no soltás,TODO (FT. PEDRO AZNAR)
por qué no salís,TODO (FT. PEDRO AZNAR)
por qué me mentís así,TODO (FT. PEDRO AZNAR)
así así sin razón,TODO (FT. PEDRO AZNAR)
Me canso de esperar,TODO (FT. PEDRO AZNAR)
me canso de sufrir,TODO (FT. PEDRO AZNAR)
y dilo ya,TODO (FT. PEDRO AZNAR)
si es que se trata de mí,TODO (FT. PEDRO AZNAR)
No creas que estoy,TODO (FT. PEDRO AZNAR)
en la torre de marfil,TODO (FT. PEDRO AZNAR)
yo soy como vos no ves,TODO (FT. PEDRO AZNAR)
no no no soy feliz,TODO (FT. PEDRO AZNAR)
Y si hay algo que hablar,TODO (FT. PEDRO AZNAR)
dilo ya dilo ya y aquí,TODO (FT. PEDRO AZNAR)
no esperes más,TODO (FT. PEDRO AZNAR)
no me dejes morir,TODO (FT. PEDRO AZNAR)
Es tu oportunidad,TODO (FT. PEDRO AZNAR)
no te lo pido más,TODO (FT. PEDRO AZNAR)
y dilo ya,TODO (FT. PEDRO AZNAR)
si es que se trata de mí,TODO (FT. PEDRO AZNAR)
No creas que estoy,TODO (FT. PEDRO AZNAR)
en la torre de marfil,TODO (FT. PEDRO AZNAR)
yo soy como vos no ves,TODO (FT. PEDRO AZNAR)
yo tampoco soy feliz,TODO (FT. PEDRO AZNAR)
Y si hay algo que hablar,TODO (FT. PEDRO AZNAR)
dilo ya dilo ya y aquí,TODO (FT. PEDRO AZNAR)
no esperes más,TODO (FT. PEDRO AZNAR)
no me dejes morir,TODO (FT. PEDRO AZNAR)
Si quieres arder,TODO (FT. PEDRO AZNAR)
si quieres vivir,TODO (FT. PEDRO AZNAR)
abriendo de par en par,TODO (FT. PEDRO AZNAR)
tu pobre corazón,TODO (FT. PEDRO AZNAR)
Nonononono no busques más allá,TODO (FT. PEDRO AZNAR)
porque yo estoy aquí,TODO (FT. PEDRO AZNAR)
y dilo ya,TODO (FT. PEDRO AZNAR)
si es que se trata de mí,TODO (FT. PEDRO AZNAR)
si si y dilo ya,TODO (FT. PEDRO AZNAR)
si es que se trata de mí,TODO (FT. PEDRO AZNAR)
y dilo ya,TODO (FT. PEDRO AZNAR)
se trata de mí,TODO (FT. PEDRO AZNAR)
Mala señal cruzó las piernas,SEÑAL (FT. PEDRO AZNAR)
y el champagne quedó,SEÑAL (FT. PEDRO AZNAR)
cuando dije algo incierto,SEÑAL (FT. PEDRO AZNAR)
ella cruzó la calle,SEÑAL (FT. PEDRO AZNAR)
La cebolla es la excusa para llorar,SEÑAL (FT. PEDRO AZNAR)
aunque sólo me quedaré a pagar,SEÑAL (FT. PEDRO AZNAR)
esa llamada al servicio internacional,SEÑAL (FT. PEDRO AZNAR)
Mala señal cruzó las piernas,SEÑAL (FT. PEDRO AZNAR)
Y habrá alguien que la espere,SEÑAL (FT. PEDRO AZNAR)
ojalá que no le diga,SEÑAL (FT. PEDRO AZNAR)
que yo la hice llorar,SEÑAL (FT. PEDRO AZNAR)
échale la culpa a la cebolla,SEÑAL (FT. PEDRO AZNAR)
o al servicio internacional,SEÑAL (FT. PEDRO AZNAR)
Y cuando el avión vuele,SEÑAL (FT. PEDRO AZNAR)
y cuando el barco vuele,SEÑAL (FT. PEDRO AZNAR)
y cuando todo vuele,SEÑAL (FT. PEDRO AZNAR)
me convertiré,SEÑAL (FT. PEDRO AZNAR)
en un pedazo de cebolla,SEÑAL (FT. PEDRO AZNAR)
en un átomo del sol,SEÑAL (FT. PEDRO AZNAR)
Mala señal cruzó las piernas,SEÑAL (FT. PEDRO AZNAR)
no era lo que tenía que ser,SEÑAL (FT. PEDRO AZNAR)
pero el código me lo hizo entender,SEÑAL (FT. PEDRO AZNAR)
mala señal cruzó las piernas,SEÑAL (FT. PEDRO AZNAR)
en París y se fue y se fue de mí,SEÑAL (FT. PEDRO AZNAR)
Cuando el agua sea más clara,DENARIOS (FT. PEDRO AZNAR)
todo se resolverá,DENARIOS (FT. PEDRO AZNAR)
cuando llegue la mañana,DENARIOS (FT. PEDRO AZNAR)
ya no podrás dormir,DENARIOS (FT. PEDRO AZNAR)
A la mesa verdadera,DENARIOS (FT. PEDRO AZNAR)
que el milagro es compartir,DENARIOS (FT. PEDRO AZNAR)
entre hermanas entre hermanos,DENARIOS (FT. PEDRO AZNAR)
podrás confiar que a nadie,DENARIOS (FT. PEDRO AZNAR)
tendrás que traicionar,DENARIOS (FT. PEDRO AZNAR)
En la tierra que no crece,DENARIOS (FT. PEDRO AZNAR)
nada de nada,DENARIOS (FT. PEDRO AZNAR)
en el árbol que está seco,DENARIOS (FT. PEDRO AZNAR)
hay una flor algo cambió,DENARIOS (FT. PEDRO AZNAR)
hay un fulgor,DENARIOS (FT. PEDRO AZNAR)
qué quieren más de mí,DENARIOS (FT. PEDRO AZNAR)
qué quieren más de mí,DENARIOS (FT. PEDRO AZNAR)
qué es lo que quieren más de mí,DENARIOS (FT. PEDRO AZNAR)
Podrás confiar,DENARIOS (FT. PEDRO AZNAR)
que a nadie tendrás que traicionar,DENARIOS (FT. PEDRO AZNAR)
Nadie sabe que la historia fue mal contada,DENARIOS (FT. PEDRO AZNAR)
y que el beso de la muerte fue por amor,DENARIOS (FT. PEDRO AZNAR)
fue por amor fue por amor,DENARIOS (FT. PEDRO AZNAR)
qué es lo que quieren más de mí,DENARIOS (FT. PEDRO AZNAR)
Judas con un beso,DENARIOS (FT. PEDRO AZNAR)
entregas al hijo del hombre,DENARIOS (FT. PEDRO AZNAR)
soy acaso un ladrón,DENARIOS (FT. PEDRO AZNAR)
para que vengan con espadas y palos,DENARIOS (FT. PEDRO AZNAR)
Todos los días estaba con ustedes,DENARIOS (FT. PEDRO AZNAR)
en el Templo y no me arrestaron,DENARIOS (FT. PEDRO AZNAR)
pero esta es vuestra hora,DENARIOS (FT. PEDRO AZNAR)
y el poder de las tinieblas,DENARIOS (FT. PEDRO AZNAR)
Dos mil años de silencio fueron bastantes,DENARIOS (FT. PEDRO AZNAR)
dos mil años de martirio en la oscuridad,DENARIOS (FT. PEDRO AZNAR)
es la verdad es la verdad,DENARIOS (FT. PEDRO AZNAR)
qué quieren más de mí,DENARIOS (FT. PEDRO AZNAR)
qué quieren más de mí,DENARIOS (FT. PEDRO AZNAR)
qué es lo que quieren más de mí,DENARIOS (FT. PEDRO AZNAR)
Señor qué numerosos son mis adversarios,DENARIOS (FT. PEDRO AZNAR)
cuántos los que se levantan contra mí,DENARIOS (FT. PEDRO AZNAR)
cuántos los que de mí dicen,DENARIOS (FT. PEDRO AZNAR)
Dios ya no quiere salvarlo,DENARIOS (FT. PEDRO AZNAR)
Yo me acuesto y me duermo,DENARIOS (FT. PEDRO AZNAR)
y me despierto tranquilo,DENARIOS (FT. PEDRO AZNAR)
porque el Señor me sostiene,DENARIOS (FT. PEDRO AZNAR)
no temo a la multitud innumerable,DENARIOS (FT. PEDRO AZNAR)
apostada contra mí por todas partes,DENARIOS (FT. PEDRO AZNAR)
levántate Señor Sálvame Dios mío,DENARIOS (FT. PEDRO AZNAR)
y ustedes señores hasta cuando,DENARIOS (FT. PEDRO AZNAR)
ultrajarán al que es mi Gloria,DENARIOS (FT. PEDRO AZNAR)
buscarán lo engañoso,DENARIOS (FT. PEDRO AZNAR)
y amarán lo que es falso,DENARIOS (FT. PEDRO AZNAR)
Qué es lo que quieren más de mí,DENARIOS (FT. PEDRO AZNAR)
qué es lo que quieren más de mí,DENARIOS (FT. PEDRO AZNAR)
qué es lo que quieren más de mí,DENARIOS (FT. PEDRO AZNAR)
Tal vez no sea eterno,DIOS SABE (FT. PEDRO AZNAR)
este inmenso amor que te tengo,DIOS SABE (FT. PEDRO AZNAR)
pregúntale a las estrellas,DIOS SABE (FT. PEDRO AZNAR)
que sería de mí sin ellas,DIOS SABE (FT. PEDRO AZNAR)
solo dios sabe nuestros destinos,DIOS SABE (FT. PEDRO AZNAR)
Si alguna vez te fueras,DIOS SABE (FT. PEDRO AZNAR)
aún habría primavera,DIOS SABE (FT. PEDRO AZNAR)
la vida continuaría,DIOS SABE (FT. PEDRO AZNAR)
pero ya sin poesía,DIOS SABE (FT. PEDRO AZNAR)
dios es quien cruza,DIOS SABE (FT. PEDRO AZNAR)
nuestros caminos,DIOS SABE (FT. PEDRO AZNAR)
Papa papa pa pa uh,DIOS SABE (FT. PEDRO AZNAR)
papa papa pa pa uhuh,DIOS SABE (FT. PEDRO AZNAR)
papau pa papa uhuh,DIOS SABE (FT. PEDRO AZNAR)
Dios es quien cruza nuestros caminos,DIOS SABE (FT. PEDRO AZNAR)
si alguna vez te fueras,DIOS SABE (FT. PEDRO AZNAR)
aún habría primavera,DIOS SABE (FT. PEDRO AZNAR)
el mundo no muestra nada,DIOS SABE (FT. PEDRO AZNAR)
a unos ojos sin mirada,DIOS SABE (FT. PEDRO AZNAR)
Sólo Dios sabe nuestros destinos,DIOS SABE (FT. PEDRO AZNAR)
sólo Dios sabe nuestros destinos,DIOS SABE (FT. PEDRO AZNAR)
sólo Dios sabe nuestros destinos,DIOS SABE (FT. PEDRO AZNAR)
sólo Dios sabe nuestros destinos,DIOS SABE (FT. PEDRO AZNAR)
sólo Dios sabe nuestros destinos,DIOS SABE (FT. PEDRO AZNAR)
solo Dios lo sabe solo Dios,DIOS SABE (FT. PEDRO AZNAR)
sólo Dios sabe nuestros destinos,DIOS SABE (FT. PEDRO AZNAR)
solo Dios lo sabe solo Dios,DIOS SABE (FT. PEDRO AZNAR)
sólo Dios sabe nuestros destinos,DIOS SABE (FT. PEDRO AZNAR)
solo Dios lo sabe tan solo Dios,DIOS SABE (FT. PEDRO AZNAR)
sólo Dios sabe nuestros destinos,DIOS SABE (FT. PEDRO AZNAR)
solo Dios lo sabe tan solo Dios,DIOS SABE (FT. PEDRO AZNAR)
sólo Dios sabe nuestros destinos,DIOS SABE (FT. PEDRO AZNAR)
solo Dios lo sabe tan solo Dios,DIOS SABE (FT. PEDRO AZNAR)
sólo Dios sabe nuestros destinos,DIOS SABE (FT. PEDRO AZNAR)
solo Dios lo sabe tan solo Dios,DIOS SABE (FT. PEDRO AZNAR)
sólo Dios sabe nuestros destinos,DIOS SABE (FT. PEDRO AZNAR)
Es mi madre,DANCE (FT. PEDRO AZNAR)
Dónde está mi mapa,DANCE (FT. PEDRO AZNAR)
yo viajé por LAPA,DANCE (FT. PEDRO AZNAR)
dónde coño fui a parar,DANCE (FT. PEDRO AZNAR)
Qué hago en el desierto,DANCE (FT. PEDRO AZNAR)
yo buscaba un puerto,DANCE (FT. PEDRO AZNAR)
y se me aparece un bar,DANCE (FT. PEDRO AZNAR)
Yendo a California,DANCE (FT. PEDRO AZNAR)
me encontré a la momia,DANCE (FT. PEDRO AZNAR)
que me invitó a pasar,DANCE (FT. PEDRO AZNAR)
George Light es la estrella to night,DANCE (FT. PEDRO AZNAR)
George Light es lo más grande que hay,DANCE (FT. PEDRO AZNAR)
si señor tomate este drink,DANCE (FT. PEDRO AZNAR)
la fiesta va a comenzar,DANCE (FT. PEDRO AZNAR)
Soy sevillana señores,DANCE (FT. PEDRO AZNAR)
y también reparto flores,DANCE (FT. PEDRO AZNAR)
cuando me falta el dinero,DANCE (FT. PEDRO AZNAR)
me arrimo a los extranjeros,DANCE (FT. PEDRO AZNAR)
y si no compran mis dones,DANCE (FT. PEDRO AZNAR)
es es que son unos pajeros,DANCE (FT. PEDRO AZNAR)
CucaCucaCucaTrap,DANCE (FT. PEDRO AZNAR)
hay mozos en la pista,DANCE (FT. PEDRO AZNAR)
se me va la vista,DANCE (FT. PEDRO AZNAR)
qué me dieron de tomar,DANCE (FT. PEDRO AZNAR)
Me salieron tres cabezas,DANCE (FT. PEDRO AZNAR)
por nariz tengo una mesa,DANCE (FT. PEDRO AZNAR)
y no paro de girar,DANCE (FT. PEDRO AZNAR)
Yo era un argentino,DANCE (FT. PEDRO AZNAR)
le daba sólo al vino,DANCE (FT. PEDRO AZNAR)
pero esto es otro plan,DANCE (FT. PEDRO AZNAR)
rombo dance,DANCE (FT. PEDRO AZNAR)
Cucamonga Dance,DANCE (FT. PEDRO AZNAR)
padelante y patras,DANCE (FT. PEDRO AZNAR)
Cucamonga Dance,DANCE (FT. PEDRO AZNAR)
pronto lo aprenderás,DANCE (FT. PEDRO AZNAR)
Cucamonga Dance,DANCE (FT. PEDRO AZNAR)
Cucamonga Dance,DANCE (FT. PEDRO AZNAR)
Just a little drink,DANCE (FT. PEDRO AZNAR)
just a little drink,DANCE (FT. PEDRO AZNAR)
just a little drink,DANCE (FT. PEDRO AZNAR)
there is a fine line between,DANCE (FT. PEDRO AZNAR)
travelling and becoming a monster,DANCE (FT. PEDRO AZNAR)
Diana nació sin bienvenidas en la ciudad,(FT. PEDRO AZNAR)
Diana jugó a las escondidas por no llorar,(FT. PEDRO AZNAR)
nadie logró ponerle fin a su libertad,(FT. PEDRO AZNAR)
Diana de nada nunca tendrás nada de Diana,(FT. PEDRO AZNAR)
por buscar nada de más,(FT. PEDRO AZNAR)
Ella encontraba almas dormidas al despertar,(FT. PEDRO AZNAR)
cada mañana una nueva calle un nuevo lugar,(FT. PEDRO AZNAR)
como los gatos nueve vidas ningún hogar,(FT. PEDRO AZNAR)
Diana de nada nunca tendrás nada de Diana,(FT. PEDRO AZNAR)
por buscar nada de más,(FT. PEDRO AZNAR)
Alguien entró en la oscuridad,(FT. PEDRO AZNAR)
y la vio brillar y la oyó cantar,(FT. PEDRO AZNAR)
esa melodía de amor como el viento,(FT. PEDRO AZNAR)
como una flor como el tiempo,(FT. PEDRO AZNAR)
bajo el disfraz la eternidad,(FT. PEDRO AZNAR)
Diana nació como escondida en ningún lugar,(FT. PEDRO AZNAR)
Diana jugó sin bienvenidas a la libertad,(FT. PEDRO AZNAR)
nadie logró ponerle trampas en la ciudad,(FT. PEDRO AZNAR)
ella encontraba nuevas calles ningún hogar,(FT. PEDRO AZNAR)
cada mañana almas dormidas al despertar,(FT. PEDRO AZNAR)
como los gatos nueve vidas por no llorar,(FT. PEDRO AZNAR)
No voy en tren voy en avión,VOY EN TREN
no necesito a nadie a nadie alrededor,VOY EN TREN
Porque no hay nadie que mi piel resista,VOY EN TREN
porque no hay nadie que yo quiera ver,VOY EN TREN
no veo televisión ni las revistas,VOY EN TREN
no veo ya nada que no pueda hacer,VOY EN TREN
No voy en tren voy en avión,VOY EN TREN
no necesito a nadie a nadie alrededor,VOY EN TREN
Cuando era niño nunca fui muy listo,VOY EN TREN
tocaba el piano como un animal,VOY EN TREN
yo sé que algunos piensan que soy mixto,VOY EN TREN
pero yo tengo personalidad,VOY EN TREN
Yo soy de la Cruz del sur,VOY EN TREN
soy el que cierra y el que apaga la luz,VOY EN TREN
yo soy de la Cruz del sur,VOY EN TREN
aquí y en anywhere,VOY EN TREN
No voy en tren voy en avión,VOY EN TREN
no necesito a nadie a nadie alrededor.,VOY EN TREN
Yo quise el fin y había más,AMOR BY CHARLY GARCÍA Y PEDRO AZNAR
yo quise más no había fin,AMOR BY CHARLY GARCÍA Y PEDRO AZNAR
lo que yo quise encontrar,AMOR BY CHARLY GARCÍA Y PEDRO AZNAR
estaba atrás y no aquí,AMOR BY CHARLY GARCÍA Y PEDRO AZNAR
Desde las sombras no ví las,AMOR BY CHARLY GARCÍA Y PEDRO AZNAR
sombras y no ví luz,AMOR BY CHARLY GARCÍA Y PEDRO AZNAR
No voy a llorar,AMOR BY CHARLY GARCÍA Y PEDRO AZNAR
si nadie me acompaña,AMOR BY CHARLY GARCÍA Y PEDRO AZNAR
no voy a dejar ni un camino sin andar,AMOR BY CHARLY GARCÍA Y PEDRO AZNAR
aunque sea el fin del amor,AMOR BY CHARLY GARCÍA Y PEDRO AZNAR
yo he visto el fin del disfraz,AMOR BY CHARLY GARCÍA Y PEDRO AZNAR
yo quiero el fin del dolor,AMOR BY CHARLY GARCÍA Y PEDRO AZNAR
pero no hay fin siempre hay más,AMOR BY CHARLY GARCÍA Y PEDRO AZNAR
No existe sombra,AMOR BY CHARLY GARCÍA Y PEDRO AZNAR
no existe culpa,AMOR BY CHARLY GARCÍA Y PEDRO AZNAR
no existe cruz,AMOR BY CHARLY GARCÍA Y PEDRO AZNAR
No voy a esperar,AMOR BY CHARLY GARCÍA Y PEDRO AZNAR
las caras que yo extraño,AMOR BY CHARLY GARCÍA Y PEDRO AZNAR
no voy a esperar,AMOR BY CHARLY GARCÍA Y PEDRO AZNAR
que el destino hable por mí,AMOR BY CHARLY GARCÍA Y PEDRO AZNAR
y en medio de las lluvias del invierno,AMOR BY CHARLY GARCÍA Y PEDRO AZNAR
no hay tiempo ni lugar,AMOR BY CHARLY GARCÍA Y PEDRO AZNAR
yo sé que entenderás,AMOR BY CHARLY GARCÍA Y PEDRO AZNAR
que amor para quien busca una respuesta,AMOR BY CHARLY GARCÍA Y PEDRO AZNAR
es un poquito más que hacerme bien,AMOR BY CHARLY GARCÍA Y PEDRO AZNAR
Yo tuve el fin y era más,AMOR BY CHARLY GARCÍA Y PEDRO AZNAR
yo tuve el más y era el fin,AMOR BY CHARLY GARCÍA Y PEDRO AZNAR
yo tuve el mundo a mis pies,AMOR BY CHARLY GARCÍA Y PEDRO AZNAR
y no era nada sin tí,AMOR BY CHARLY GARCÍA Y PEDRO AZNAR
crucé la línea final por,AMOR BY CHARLY GARCÍA Y PEDRO AZNAR
Tu amor,AMOR BY CHARLY GARCÍA Y PEDRO AZNAR
tan fuerte como el no-amor,AMOR BY CHARLY GARCÍA Y PEDRO AZNAR
tu amor,AMOR BY CHARLY GARCÍA Y PEDRO AZNAR
parábola de un mundo mejor,AMOR BY CHARLY GARCÍA Y PEDRO AZNAR
tu amor me enseña a vivir,AMOR BY CHARLY GARCÍA Y PEDRO AZNAR
tu amor me enseña a sentir tu amor,AMOR BY CHARLY GARCÍA Y PEDRO AZNAR
Yo tuve el fin y era más,AMOR BY CHARLY GARCÍA Y PEDRO AZNAR
yo tuve más y era el fin,AMOR BY CHARLY GARCÍA Y PEDRO AZNAR
yo tuve el mundo a mis pies y no era nada sin tí,AMOR BY CHARLY GARCÍA Y PEDRO AZNAR
seremos salvos por nuestro amor.,AMOR BY CHARLY GARCÍA Y PEDRO AZNAR
Oh no puedes ser feliz,A TU CORAZÓN BY CHARLY GARCÍA Y PEDRO AZNAR
con tanta gente hablando a tu alrededor,A TU CORAZÓN BY CHARLY GARCÍA Y PEDRO AZNAR
dame tu amor a mí,A TU CORAZÓN BY CHARLY GARCÍA Y PEDRO AZNAR
le estoy hablando hablando hablando a tu corazón,A TU CORAZÓN BY CHARLY GARCÍA Y PEDRO AZNAR
Cuando estás muy sola sola en la calle,A TU CORAZÓN BY CHARLY GARCÍA Y PEDRO AZNAR
con tanta gente hablando hablando a tu alrededor,A TU CORAZÓN BY CHARLY GARCÍA Y PEDRO AZNAR
necesitas a alguien que te acompañe,A TU CORAZÓN BY CHARLY GARCÍA Y PEDRO AZNAR
le estoy hablando hablando hablando a tu corazón,A TU CORAZÓN BY CHARLY GARCÍA Y PEDRO AZNAR
No importa el lenguaje ni las palabras,A TU CORAZÓN BY CHARLY GARCÍA Y PEDRO AZNAR
ni las fronteras que separan a nuestro amor,A TU CORAZÓN BY CHARLY GARCÍA Y PEDRO AZNAR
quiero que me escuches y que te abras,A TU CORAZÓN BY CHARLY GARCÍA Y PEDRO AZNAR
le estoy hablando hablando hablando a tu corazón.,A TU CORAZÓN BY CHARLY GARCÍA Y PEDRO AZNAR
La indómita luz,POR VOS
se hizo carne en mí,POR VOS
y lo dejé todo por esta soledad,POR VOS
y leo revistas,POR VOS
en la tempestad,POR VOS
Hice sacrificio,POR VOS
abracé la cruz al amanecer,POR VOS
rezo rezo rezo rezo por vos,POR VOS
Morí sin morir,POR VOS
y me abracé al dolor,POR VOS
y lo dejé todo por esta soledad,POR VOS
ya se hizo de noche,POR VOS
y ahora estoy aquí,POR VOS
Mi cuerpo se cae,POR VOS
sólo veo la cruz al amanecer,POR VOS
rezo rezo rezo rezo por vos,POR VOS
Y curé mis heridas,POR VOS
y me encendí de amor,POR VOS
y quemé las cortinas,POR VOS
y me encendí de amor,POR VOS
de amor sagrado,POR VOS
Y entonces,POR VOS
rezo rezo rezo rezo por vos.,POR VOS
No razonar desaparecer,SIENTO MUCHO MEJOR
cuando tenías que estar,SIENTO MUCHO MEJOR
te echaste a correr,SIENTO MUCHO MEJOR
Lo que hiciste en ti,SIENTO MUCHO MEJOR
no tiene perdón,SIENTO MUCHO MEJOR
y yo sé que me siento,SIENTO MUCHO MEJOR
mucho más fuerte,SIENTO MUCHO MEJOR
sin tu amor,SIENTO MUCHO MEJOR
Mucho tiempo atrás,SIENTO MUCHO MEJOR
me hiciste sentir,SIENTO MUCHO MEJOR
que nuestro amor era más,SIENTO MUCHO MEJOR
y de esa forma vivir,SIENTO MUCHO MEJOR
No sé más quien soy,SIENTO MUCHO MEJOR
de qué te reís,SIENTO MUCHO MEJOR
y ahora sé que me siento,SIENTO MUCHO MEJOR
mucho más fuerte sin tu amor,SIENTO MUCHO MEJOR
sin tu amor,SIENTO MUCHO MEJOR
No sé qué hacer,SIENTO MUCHO MEJOR
no sé qué decir,SIENTO MUCHO MEJOR
cuando tenías que estar,SIENTO MUCHO MEJOR
te echaste a reír,SIENTO MUCHO MEJOR
Lo que hiciste en mi,SIENTO MUCHO MEJOR
no tiene perdón,SIENTO MUCHO MEJOR
y ahora sé que me siento,SIENTO MUCHO MEJOR
mucho mas fuerte sin tu amor,SIENTO MUCHO MEJOR
Y yo sé que me siento,SIENTO MUCHO MEJOR
mucho más fuerte,SIENTO MUCHO MEJOR
sin tu amor.,SIENTO MUCHO MEJOR
Estás buscando un viejo camisón,UN SÍMBOLO DE PAZ
estás buscando alguna religión,UN SÍMBOLO DE PAZ
estás buscando un símbolo de paz,UN SÍMBOLO DE PAZ
Estás buscando un incienso ya,UN SÍMBOLO DE PAZ
estás buscando un sueño en el placard.,UN SÍMBOLO DE PAZ
estás buscando un símbolo de paz,UN SÍMBOLO DE PAZ
Y damos vueltas a la heladera,UN SÍMBOLO DE PAZ
y solo queda un limón sin exprimir,UN SÍMBOLO DE PAZ
nos divertimos en primavera,UN SÍMBOLO DE PAZ
y en invierno nos queremos morir,UN SÍMBOLO DE PAZ
Estás buscando un porro de papá,UN SÍMBOLO DE PAZ
estás buscando un saco de mamá,UN SÍMBOLO DE PAZ
porque si nada queda nada da,UN SÍMBOLO DE PAZ
Estás buscando un incienso ya,UN SÍMBOLO DE PAZ
estás buscando un sueño en el placard,UN SÍMBOLO DE PAZ
estás buscando un símbolo de paz,UN SÍMBOLO DE PAZ
Y damos vuelta a la discoteca,UN SÍMBOLO DE PAZ
y ya no quedan ganas de sonreír,UN SÍMBOLO DE PAZ
nos divertimos en primavera,UN SÍMBOLO DE PAZ
y en invierno nos queremos morir,UN SÍMBOLO DE PAZ
Será porque nos queremos sentir bien,UN SÍMBOLO DE PAZ
que ahora estamos bailando entre la gente,UN SÍMBOLO DE PAZ
será porque nos queremos sentir bien,UN SÍMBOLO DE PAZ
que ahora todo suena diferente.,UN SÍMBOLO DE PAZ
Y damos vueltas a la heladera,UN SÍMBOLO DE PAZ
y solo queda un limón sin exprimir,UN SÍMBOLO DE PAZ
nos divertimos en primavera,UN SÍMBOLO DE PAZ
y en invierno nos queremos morir.,UN SÍMBOLO DE PAZ
Pedimos perdón,MÁQUINA DE SER FELIZ
corriendo enmascarando el fin,MÁQUINA DE SER FELIZ
por eso te busqué por eso diseñé,MÁQUINA DE SER FELIZ
la máquina de ser feliz,MÁQUINA DE SER FELIZ
Plateada y lunar,MÁQUINA DE SER FELIZ
remotamente digital,MÁQUINA DE SER FELIZ
no tiene que hacer bien no tiene que hacer mal,MÁQUINA DE SER FELIZ
es inocencia artificial,MÁQUINA DE SER FELIZ
Prende y se apaga sola,MÁQUINA DE SER FELIZ
sale después de hora,MÁQUINA DE SER FELIZ
Hay tanta gente sola,MÁQUINA DE SER FELIZ
hoy tanta gente llora,MÁQUINA DE SER FELIZ
Con forma de un pez,MÁQUINA DE SER FELIZ
nadando en mares de Ravel,MÁQUINA DE SER FELIZ
no sé si la robé no sé si la pedí,MÁQUINA DE SER FELIZ
o simplemente estuvo ahí,MÁQUINA DE SER FELIZ
Un día se me fue,MÁQUINA DE SER FELIZ
ese día yo volví a reír,MÁQUINA DE SER FELIZ
y la felicidad persiste en soledad,MÁQUINA DE SER FELIZ
la máquina no puede dar,MÁQUINA DE SER FELIZ
Prende y se apaga sola,MÁQUINA DE SER FELIZ
sale después de hora,MÁQUINA DE SER FELIZ
la máquina de ser feliz,MÁQUINA DE SER FELIZ
Hay tanta gente sola,MÁQUINA DE SER FELIZ
hoy tanta gente llora.,MÁQUINA DE SER FELIZ
La máquina de ser feliz,MÁQUINA DE SER FELIZ
la tiene el Papa la tengo yo,MÁQUINA DE SER FELIZ
La máquina de ser feliz.,MÁQUINA DE SER FELIZ
No voy a parar,8FANKY
yo no tengo dudas,8FANKY
no voy a bajar,8FANKY
déjalo que suba,8FANKY
Por eso no quiero parar,8FANKY
ya no tengo dudas,8FANKY
no voy a bajar,8FANKY
déjalo que suba,8FANKY
Gozar es tan parecido al amor,8FANKY
gozar es tan diferente al amor,8FANKY
El cambió una dirección,8FANKY
otra oportunidad merece alguna decisión,8FANKY
Basta,8FANKY
No voy a parar,8FANKY
yo no tengo dudas,8FANKY
no voy a bajar,8FANKY
déjalo que suba,8FANKY
Gozar es tan parecido al amor,8FANKY
gozar es tan diferente a matar,8FANKY
Cuando pienso en el fin,8FANKY
cuando pienso en todo lo que dí.,8FANKY
cuando miro el final,8FANKY
cuando sueño que todo va a acabar,8FANKY
Gozar es tan necesario mi amor,8FANKY
gozar es tan diferente al amor.,8FANKY
Éxtasis,RUTA DEL TEMTEMPIÉ
todo el tiempo vivo en éxtasis,RUTA DEL TEMTEMPIÉ
una forma de amor,RUTA DEL TEMTEMPIÉ
un remedio de ser feliz,RUTA DEL TEMTEMPIÉ
Es para mí,RUTA DEL TEMTEMPIÉ
todo el tiempo vivo en éxtasis,RUTA DEL TEMTEMPIÉ
un misterio de amor,RUTA DEL TEMTEMPIÉ
una forma de ser feliz,RUTA DEL TEMTEMPIÉ
Nunca me animé a decirte nada,RUTA DEL TEMTEMPIÉ
nunca me animé a mostrar mi amor,RUTA DEL TEMTEMPIÉ
Nunca penetré en tu mirada,RUTA DEL TEMTEMPIÉ
Éxtasis,RUTA DEL TEMTEMPIÉ
todo el mundo quiere éxtasis,RUTA DEL TEMTEMPIÉ
un misterio de amor,RUTA DEL TEMTEMPIÉ
una forma de ser feliz,RUTA DEL TEMTEMPIÉ
Resiste yo sé que existe amor en tu piel.,RUTA DEL TEMTEMPIÉ
resiste yo se que existe amor en tu piel,RUTA DEL TEMTEMPIÉ
Y no voy a esperar,RUTA DEL TEMTEMPIÉ
y no voy a correr,RUTA DEL TEMTEMPIÉ
y no voy a ganar,RUTA DEL TEMTEMPIÉ
y no voy a perder,RUTA DEL TEMTEMPIÉ
Soy un típico ser en la ruta del tentempié.,RUTA DEL TEMTEMPIÉ
Ya ves amantes otra vez,10LLUVIA
por eso es que hoy llovió,10LLUVIA
ya ves modelos de papel,10LLUVIA
no las critiques vos,10LLUVIA
Ya ves que no te puedo dejar,10LLUVIA
las cosas que quisiste tener,10LLUVIA
ya ves amantes otra vez,10LLUVIA
por eso es que hoy llovió,10LLUVIA
Ya ves no puedes entender,10LLUVIA
a tu reputación,10LLUVIA
no ves el gato que hay en vos,10LLUVIA
no te lo digo yo,10LLUVIA
Ya ves que yo no te puedo dar,10LLUVIA
las cosas que quisiste dejar,10LLUVIA
ya ves amantes otra vez,10LLUVIA
por eso es que hoy llovió,10LLUVIA
Me escapé por ahí,10LLUVIA
y el colchón me chupó la angustia,10LLUVIA
y vas a estar bien,10LLUVIA
cuando el sol no nos vuelva locos,10LLUVIA
Ya ves que ya no quiero nada,10LLUVIA
no quiero nada más de vos,10LLUVIA
ya ves amantes otra vez,10LLUVIA
por eso es que hoy llovió,10LLUVIA
Ya ves que no te puedo dejar,10LLUVIA
las cosas que quisiste tener,10LLUVIA
ya ves amantes otra vez,10LLUVIA
por eso es que hoy llovió,10LLUVIA
Me escapé una vez,10LLUVIA
me metí en un cine sucio,10LLUVIA
y ví cómo él bailaba,10LLUVIA
en la lluvia era,10LLUVIA
Una película gastada,10LLUVIA
una película en color,10LLUVIA
ya ves amantes en la lluvia,10LLUVIA
te lo digo yo.,10LLUVIA
Yo nunca fui a New York,- CHIPI
no sé lo que es París,- CHIPI
vivo bajo la tierra,- CHIPI
vivo dentro de mi,- CHIPI
Yo no tengo un espejo,- CHIPI
no tengo un souvenir,- CHIPI
la lágrima me habla,- CHIPI
y está dentro de mi,- CHIPI
Yo solo tengo esta pobre antena,- CHIPI
que me transmite lo que decís,- CHIPI
una canción mi ilusión mis penas,- CHIPI
y este souvenir,- CHIPI
Yo subo la escalera,- CHIPI
yo cumplo una misión,- CHIPI
la lágrima me dice,- CHIPI
que yo tampoco soy,- CHIPI
la hija de una amor,- CHIPI
la hija del dolor,- CHIPI
la hija que no espera,- CHIPI
tu tiempo se acabó,- CHIPI
Si este dolor durará por siempre,- CHIPI
no digas nada vete de aquí,- CHIPI
porque yo estoy donde nunca voy,- CHIPI
donde nunca fui,- CHIPI
Tómalo con calma,- CHIPI
la cosa es así,- CHIPI
ya se hace de noche,- CHIPI
me tengo que ir,- CHIPI
Chipi chipi chipi,- CHIPI
chipi bombón bombón,- CHIPI
bombón,- CHIPI
chipi chipi bombón,- CHIPI
Ya no te pienso esperar por siempre,- CHIPI
porque el mercurio lo tengo aquí,- CHIPI
ya no digas mas palabras men,- CHIPI
ya me voy de aquí,- CHIPI
Y no te olvides nunca que,- CHIPI
.,- CHIPI
Esta canción durará por siempre,- CHIPI
por eso mismo yo la hice así,- CHIPI
una canción sin amor,- CHIPI
sin dolor,- CHIPI
la canción sin fin.,- CHIPI
Conozco un empleado,BARATA Y ZAPATOS DE GOMA
que fue muerto de pena,BARATA Y ZAPATOS DE GOMA
enamorado de las sirenas,BARATA Y ZAPATOS DE GOMA
El cine de mi barrio,BARATA Y ZAPATOS DE GOMA
ya me mostró la escena,BARATA Y ZAPATOS DE GOMA
no vi tu alma y quería tus venas,BARATA Y ZAPATOS DE GOMA
Y en este torbellino,BARATA Y ZAPATOS DE GOMA
dónde nada importa,BARATA Y ZAPATOS DE GOMA
me sentí solo y te perdí,BARATA Y ZAPATOS DE GOMA
pero sí vi tus ojos,BARATA Y ZAPATOS DE GOMA
y hasta comí la arena,BARATA Y ZAPATOS DE GOMA
quise quedarme pero me fui,BARATA Y ZAPATOS DE GOMA
Filosofía barata y zapatos de goma,BARATA Y ZAPATOS DE GOMA
ni ésta mentira te hace feliz,BARATA Y ZAPATOS DE GOMA
quise quedarme cuando morí de pena,BARATA Y ZAPATOS DE GOMA
quise quedarme pero me fui,BARATA Y ZAPATOS DE GOMA
Y en la terminal,BARATA Y ZAPATOS DE GOMA
y en la terminal,BARATA Y ZAPATOS DE GOMA
estoy descalzo,BARATA Y ZAPATOS DE GOMA
y te espero a ti,BARATA Y ZAPATOS DE GOMA
El ómnibus se ha ido,BARATA Y ZAPATOS DE GOMA
el amor se ha vencido,BARATA Y ZAPATOS DE GOMA
quise quedarme pero me fui,BARATA Y ZAPATOS DE GOMA
Filosofía barata y zapatos de goma,BARATA Y ZAPATOS DE GOMA
ni ésta mentira te hace feliz,BARATA Y ZAPATOS DE GOMA
quise quedarme cuando morí de pena,BARATA Y ZAPATOS DE GOMA
quise quedarme pero me fui,BARATA Y ZAPATOS DE GOMA
Filosofía barata y zapatos de goma,BARATA Y ZAPATOS DE GOMA
quizás es todo lo que te di.,BARATA Y ZAPATOS DE GOMA
Vamos al campo,DE LAS HORMIGAS
a descansar,DE LAS HORMIGAS
no queda nada nada nada que jalar,DE LAS HORMIGAS
de vacaciones me quiero ir,DE LAS HORMIGAS
a ver las focas y el casino en la Feliz,DE LAS HORMIGAS
No me banco las hormigas,DE LAS HORMIGAS
por favor pasame el Raid,DE LAS HORMIGAS
no me banco las hormigas,DE LAS HORMIGAS
por favor pasame el Raid,DE LAS HORMIGAS
No tengo teca,DE LAS HORMIGAS
no tengo grass,DE LAS HORMIGAS
y la heladera no funciona,DE LAS HORMIGAS
porque la misma es a gas.,DE LAS HORMIGAS
comida no hay más,DE LAS HORMIGAS
Estoy en el medio de la selva,DE LAS HORMIGAS
esto no lo aguanto más,DE LAS HORMIGAS
No me banco las hormigas,DE LAS HORMIGAS
yo me vuelvo a la ciudad.,DE LAS HORMIGAS
En la primera hora,14OTRO
me dieron el papel,14OTRO
la concha de la lora,14OTRO
ahora lo tiene él,14OTRO
Por eso yo ya quiero,14OTRO
otro otro otro,14OTRO
yo quiero otro nada más,14OTRO
otro otro otro,14OTRO
Yo quería ser fascista,14OTRO
pero no me fue bien,14OTRO
después psicoanalista,14OTRO
pero ahí me asusté,14OTRO
la medicina quiero,14OTRO
otro otro otro,14OTRO
querían a otro en mi lugar,14OTRO
otro otro otro.,14OTRO
Al fin llegó la primavera,15PRIMAVERA
al fin iremos a pasear,15PRIMAVERA
al fin la ropa de la escuela,15PRIMAVERA
se empezará a deshilachar,15PRIMAVERA
Y seremos hoy más jóvenes que ayer,15PRIMAVERA
es que el sol nos va a invitar a renacer,15PRIMAVERA
Ahora que estoy rehabilitado,15PRIMAVERA
saldré de gira y otra vez,15PRIMAVERA
me encerrarán cuando se acabe,15PRIMAVERA
y roben lo que yo gané,15PRIMAVERA
Porque a mí ya no me importa discutir,15PRIMAVERA
es la inteligencia lo que lo hace huir,15PRIMAVERA
No me mostrés tus celulares,15PRIMAVERA
con su gramática fatal,15PRIMAVERA
arroba punto ja ja sabes,15PRIMAVERA
gramática vegetal,15PRIMAVERA
porque pronto dejarán de funcionar,15PRIMAVERA
estarás en este mundo digital,15PRIMAVERA
Al fin llegó la primavera,15PRIMAVERA
al fin saldremos a pasear,15PRIMAVERA
al fin al viento las polleras,15PRIMAVERA
al fin piropos al pasar,15PRIMAVERA
Porque siempre estaré pronto a renacer,15PRIMAVERA
porque hoy yo estoy más joven que ayer,15PRIMAVERA
que ayer que ayer.,15PRIMAVERA
Ella es tan chica tan drogadicta,ES TAN KUBRICK
ella no sabe mucho más qué hacer,ES TAN KUBRICK
tiene un cuaderno un diario eterno,ES TAN KUBRICK
bien escondido dentro de su piel,ES TAN KUBRICK
Ella es tan Kubrick si la descubren,ES TAN KUBRICK
sería una estrella de primer nivel,ES TAN KUBRICK
pero su madre junto a su padre,ES TAN KUBRICK
seguro todo lo echan a perder,ES TAN KUBRICK
Ella es lolita es Nicole Kidman,ES TAN KUBRICK
full metal jacket de un rincón burdel,ES TAN KUBRICK
es esquizoide no es celuloide,ES TAN KUBRICK
no es resplandor ni siquiera un hotel,ES TAN KUBRICK
Pero su madre junto a su padre,ES TAN KUBRICK
no ven la artista que se va a perder,ES TAN KUBRICK
Yo la vi un día transportando un vinilo,ES TAN KUBRICK
me hizo acordar un poco a Fabi Cantilo,ES TAN KUBRICK
me sorprendió que me haya reconocido,ES TAN KUBRICK
sopló mi rostro y juro que me pegó,ES TAN KUBRICK
Ella es tan chica tan drogadicta,ES TAN KUBRICK
ella no sabe mucho más qué hacer,ES TAN KUBRICK
ella es tan Kubrick si la descubren,ES TAN KUBRICK
sería una estrella de primer nivel.,ES TAN KUBRICK
Cuando estés mal cuando estés solo,MÍ
cuando ya estés cansado de llorar,MÍ
no te olvides de mí,MÍ
porque sé que te puedo estimular,MÍ
Cuando me mires a los ojos,MÍ
y mi mirada esté en otro lugar,MÍ
no te acerques a mí,MÍ
porque sé que te puedo lastimar,MÍ
No pienses que estoy loco,MÍ
es sólo una manera de actuar,MÍ
no pienses que estoy solo,MÍ
estoy comunicado con todo lo demás,MÍ
Por eso,MÍ
cuando estés mal cuando estés sola,MÍ
cuando ya estés cansada de llorar,MÍ
no te olvides de mí,MÍ
porque sé que te puedo estimular.,MÍ
Siempre que salgo tengo al lado un monitor,18FANTASY
y no sé quién está aquí,18FANTASY
Alguien me llama por el maldito amor,18FANTASY
y no sé quién está aquí,18FANTASY
No conozco a nadie,18FANTASY
y todos saben de mí,18FANTASY
pero es así,18FANTASY
porque siempre estoy en fantasy,18FANTASY
Cuando estoy sólo ya no se por quien vivir,18FANTASY
porque nunca estás aquí,18FANTASY
Ya mis pies congelados llegan hasta mí,18FANTASY
porque nunca estás aquí,18FANTASY
No sabes de nada,18FANTASY
y todos hablan de ti,18FANTASY
pero es así,18FANTASY
porque siempre estás en fantasy,18FANTASY
Fantasy es un lugar,18FANTASY
del que nadie puede regresar,18FANTASY
del que nadie puede regresar,18FANTASY
Fantasy es ilusión,18FANTASY
porque nunca hay nadie alrededor,18FANTASY
porque nunca hay nadie alrededor,18FANTASY
No conozco a nadie,18FANTASY
quisiera verte a ti,18FANTASY
pero es así,18FANTASY
porque siempre estás,18FANTASY
Fantasy es un lugar,18FANTASY
del que nadie puede regresar,18FANTASY
del que nadie puede regresar,18FANTASY
Fantasy es ilusión,18FANTASY
porque nunca hay nadie alrededor,18FANTASY
porque nunca hay nadie alrededor,18FANTASY
No conozco a nadie,18FANTASY
quisiera verte a ti,18FANTASY
pero es así,18FANTASY
porque siempre estás.,18FANTASY
Ella está por embarcar,EN TRANCE BY CHARLY GARCÍA Y PEDRO AZNAR
quizás consiga un pasaje en la borda,EN TRANCE BY CHARLY GARCÍA Y PEDRO AZNAR
Ella está por despegar,EN TRANCE BY CHARLY GARCÍA Y PEDRO AZNAR
ella se va,EN TRANCE BY CHARLY GARCÍA Y PEDRO AZNAR
Ella viaja sin pagar,EN TRANCE BY CHARLY GARCÍA Y PEDRO AZNAR
el viejo truco de andar por la sombra,EN TRANCE BY CHARLY GARCÍA Y PEDRO AZNAR
Ella baila sobre el mar,EN TRANCE BY CHARLY GARCÍA Y PEDRO AZNAR
ella se va,EN TRANCE BY CHARLY GARCÍA Y PEDRO AZNAR
Pasajera en trance,EN TRANCE BY CHARLY GARCÍA Y PEDRO AZNAR
pasajera en tránsito perpetuo,EN TRANCE BY CHARLY GARCÍA Y PEDRO AZNAR
Pasajera en trance,EN TRANCE BY CHARLY GARCÍA Y PEDRO AZNAR
transitando los lugares ciertos,EN TRANCE BY CHARLY GARCÍA Y PEDRO AZNAR
Un amor real,EN TRANCE BY CHARLY GARCÍA Y PEDRO AZNAR
es cómo dormir y estar despierto,EN TRANCE BY CHARLY GARCÍA Y PEDRO AZNAR
Un amor real,EN TRANCE BY CHARLY GARCÍA Y PEDRO AZNAR
es como vivir en aeropuerto.,EN TRANCE BY CHARLY GARCÍA Y PEDRO AZNAR
Voy a cambiar,TU AMOR
voy a insistir,TU AMOR
voy a pelear,TU AMOR
voy a seguir,TU AMOR
Yo necesito tu amor,TU AMOR
tu amor me salva y me sirve,TU AMOR
yo necesito tu amor,TU AMOR
cada día un poco más,TU AMOR
Yo tengo el vicio de,TU AMOR
dejarme llevar,TU AMOR
y poner mi cabeza en Marte,TU AMOR
Tengo prejuicios que,TU AMOR
no puedo sacar,TU AMOR
tengo un cuerpo que,TU AMOR
quiere amarte,TU AMOR
Yo vi tu amor,TU AMOR
yo vi tu amor,TU AMOR
Dentro del mal,TU AMOR
cerca del fin,TU AMOR
cerca de vos,TU AMOR
dentro de mí,TU AMOR
Yo necesito tu amor,TU AMOR
tu amor me salva y me sirve,TU AMOR
yo necesito tu amor,TU AMOR
cada día un poco más,TU AMOR
No tengo nadie,TU AMOR
que yo quiera escuchar,TU AMOR
ni pasiones para abrigarme,TU AMOR
no tengo máscara,TU AMOR
no tengo disfraz,TU AMOR
ni señales para guiarme,TU AMOR
al menos hoy,TU AMOR
al menos hoy.,TU AMOR
Vivo en un edificio a dos cuadras de la facultad,21RIVALIDAD
donde guardo los vicios,21RIVALIDAD
en la entrada hay seguridad,21RIVALIDAD
pero siempre hay vecinas incapaces,21RIVALIDAD
para distinguir,21RIVALIDAD
la música del ruido pero nunca van a conseguir,21RIVALIDAD
Cambiarme baby cambiarme baby,21RIVALIDAD
viva la rivalidad siga la rivalidad,21RIVALIDAD
sólo quiero la rivalidad,21RIVALIDAD
Cambiarme baby,21RIVALIDAD
cambiarme baby,21RIVALIDAD
viva la rivalidad siga la rivalidad,21RIVALIDAD
yo no quiero la rivalidad,21RIVALIDAD
La noche del silencio cayó negra sobre la ciudad,21RIVALIDAD
algunos tenían miedo o rajaban para otro lugar,21RIVALIDAD
yo sé qué se imaginan cuando hablo,21RIVALIDAD
de la cruz del sur,21RIVALIDAD
no es un lugar del cielo,21RIVALIDAD
es la estrella donde brillas tú,21RIVALIDAD
Cambiarme baby cambiarme baby,21RIVALIDAD
viva la rivalidad siga la rivalidad,21RIVALIDAD
sólo espero la rivalidad.,21RIVALIDAD
A donde voy no llego,SAL NO SALA
a donde estoy resbalo,SAL NO SALA
no es porque sea bueno,SAL NO SALA
tampoco soy tan malo,SAL NO SALA
pero yo se que,SAL NO SALA
La sal no sala,SAL NO SALA
y el azúcar no endulza,SAL NO SALA
La sal no sala,SAL NO SALA
y el azúcar no endulza,SAL NO SALA
La madre de mi hermana,SAL NO SALA
hizo un pacto con Dios,SAL NO SALA
se inyectó mercurio,SAL NO SALA
y ahora te lo da a vos,SAL NO SALA
Pero sabes que,SAL NO SALA
La sal no sala,SAL NO SALA
y el azúcar no endulza,SAL NO SALA
La sal no sala,SAL NO SALA
y el azúcar no endulza,SAL NO SALA
No soporto la mañana,SAL NO SALA
no soporto el sol,SAL NO SALA
Estoy harto de tu hermana,SAL NO SALA
estoy harto,SAL NO SALA
La chica de la esquina,SAL NO SALA
me está tratando mal,SAL NO SALA
me vende una droga,SAL NO SALA
que no puedo pagar,SAL NO SALA
Pero sabes que,SAL NO SALA
La sal no sala,SAL NO SALA
y el azúcar no endulza,SAL NO SALA
La sal no sala,SAL NO SALA
y el azúcar no endulza,SAL NO SALA
Me dijeron que hay alguien,SAL NO SALA
que tiene de la buena,SAL NO SALA
La sal no sala,SAL NO SALA
y el azúcar no endulza,SAL NO SALA
La sal no sala,SAL NO SALA
y el azúcar no endulza,SAL NO SALA
Adela en el carrousel,EN EL CARROUSEL
y los espejos son sonrisas,EN EL CARROUSEL
la sortija un aparato de amor,EN EL CARROUSEL
Adela en el carrousel,EN EL CARROUSEL
y los caballos de madera,EN EL CARROUSEL
que la mecen y le mojan la piel,EN EL CARROUSEL
Ten piedad no seas así,EN EL CARROUSEL
no le des patadas a los locos,EN EL CARROUSEL
Ten piedad no seas así,EN EL CARROUSEL
voy desvaneciendo sin tu amor,EN EL CARROUSEL
El sol empieza a salir,EN EL CARROUSEL
y en los jardines de tu mente,EN EL CARROUSEL
hay estatuas que ella debe pulir,EN EL CARROUSEL
La luna empieza llorar,EN EL CARROUSEL
y cuando todo es tan plateado,EN EL CARROUSEL
hay colores que no pueden entrar,EN EL CARROUSEL
Ten piedad no seas así,EN EL CARROUSEL
no le des patadas a los locos,EN EL CARROUSEL
Ten piedad no seas así,EN EL CARROUSEL
voy desvaneciendo sin tu amor,EN EL CARROUSEL
Ya a través de la sortija,EN EL CARROUSEL
ella lo convirtió,EN EL CARROUSEL
en un caballo que gira,EN EL CARROUSEL
y gira a su alrededor,EN EL CARROUSEL
Tanto girar girar es un efecto,EN EL CARROUSEL
tanto esperar esperando,EN EL CARROUSEL
que se haga realidad,EN EL CARROUSEL
él se pasa girando sin parar,EN EL CARROUSEL
Nada es perfecto.,EN EL CARROUSEL
Adela en el más allá,EN EL CARROUSEL
es una estrella clandestina,EN EL CARROUSEL
que ilumina los despojos de amor,EN EL CARROUSEL
El sólo quiere mirar,EN EL CARROUSEL
la calesita de los sueños que se fueron,EN EL CARROUSEL
y ya no volverán,EN EL CARROUSEL
Ten piedad no seas así,EN EL CARROUSEL
no le des patadas a los locos,EN EL CARROUSEL
Ten piedad no seas así,EN EL CARROUSEL
voy desvaneciendo sin tu amor.,EN EL CARROUSEL
Una vez creí,DE PLASTILINA
que nada iba a pasarme,DE PLASTILINA
Una vez pensé,DE PLASTILINA
que nadie iba a matarme,DE PLASTILINA
El tiempo pasó,DE PLASTILINA
entre rayuelas y cometas,DE PLASTILINA
entre un amor y bicicletas,DE PLASTILINA
y aunque estuviera sólo sabía jugar,DE PLASTILINA
aunque quisiera llorar,DE PLASTILINA
Yo te quería amar,DE PLASTILINA
y no sabía tu nombre,DE PLASTILINA
Te quería encontrar,DE PLASTILINA
pero no sabía dónde,DE PLASTILINA
yo te fui a buscar,DE PLASTILINA
quería que todo fuera eterno,DE PLASTILINA
se fue el amor,DE PLASTILINA
llegó el invierno,DE PLASTILINA
y anduve tiritando en cualquier lugar,DE PLASTILINA
y sólo pude llorar,DE PLASTILINA
Alcanzar lo interminable,DE PLASTILINA
rebotando en la pared,DE PLASTILINA
dando vueltas en el aire,DE PLASTILINA
mientras el payaso hace la red,DE PLASTILINA
Nadie pudo ver,DE PLASTILINA
que el tiempo era una herida,DE PLASTILINA
lástima nacer,DE PLASTILINA
y no salir con vida,DE PLASTILINA
yo quiero llorar,DE PLASTILINA
Reloj de plastilina,DE PLASTILINA
no existes más,DE PLASTILINA
ya no te puedo esperar,DE PLASTILINA
mientras el payaso hace la red,DE PLASTILINA
Salgo a caminar,DE PLASTILINA
y sigo imaginando,DE PLASTILINA
fui lo que creí,DE PLASTILINA
soy lo que está pasando,DE PLASTILINA
No quiero llorar,DE PLASTILINA
no quiero estar envuelto en penas,DE PLASTILINA
siempre arrastrando estas cadenas,DE PLASTILINA
si el tiempo no es amigo,DE PLASTILINA
no importa más,DE PLASTILINA
yo sólo quiero jugar,DE PLASTILINA
Jugar jugar,DE PLASTILINA
solo quiero ver jugar,DE PLASTILINA
yo solo quiero jugar,DE PLASTILINA
solo quiero jugar.,DE PLASTILINA
Jugaste,NO MORE
mentiste,NO MORE
fallaste,NO MORE
no viste quien soy,NO MORE
Amaste,NO MORE
te fuiste,NO MORE
curaste,NO MORE
pediste perdón,NO MORE
Alguna vez,NO MORE
algo tenía que pasar,NO MORE
no sé si lo entenderás,NO MORE
yo siempre estuve aquí,NO MORE
no sé qué hiciste en mi,NO MORE
porque mi vida es tan triste,NO MORE
yo se que existe la voz la voz,NO MORE
Pediste perdón perdón,NO MORE
Mi vida es,NO MORE
tan triste,NO MORE
yo se que,NO MORE
existe la voz la voz,NO MORE
Decía simplemente,NO MORE
que se había producido un incendio,NO MORE
al llegar los bomberos encontraron,NO MORE
a un hombre en una cama en llamas.,NO MORE
Esse bode da bode eu não quero saber,DO BODE (FT. JULIANA LINHARES Y FELIPE CORDEIRO)
esse bode da bode e por isso que eu quero vender,DO BODE (FT. JULIANA LINHARES Y FELIPE CORDEIRO)
esse bode da bode eu não quero saber,DO BODE (FT. JULIANA LINHARES Y FELIPE CORDEIRO)
esse bode da bode e por isso que eu quero vender,DO BODE (FT. JULIANA LINHARES Y FELIPE CORDEIRO)
Os meus vizinhos só vivem me falando,DO BODE (FT. JULIANA LINHARES Y FELIPE CORDEIRO)
vizinho esse seu bode só está me perturbando,DO BODE (FT. JULIANA LINHARES Y FELIPE CORDEIRO)
eu me aborreço não sei mais como é que pode,DO BODE (FT. JULIANA LINHARES Y FELIPE CORDEIRO)
tô vendo qualquer dia todo mundo de lá me dá bode,DO BODE (FT. JULIANA LINHARES Y FELIPE CORDEIRO)
Esse bode dá bode eu não quero saberesse,DO BODE (FT. JULIANA LINHARES Y FELIPE CORDEIRO)
bode dá bode e por isso que eu quero vender,DO BODE (FT. JULIANA LINHARES Y FELIPE CORDEIRO)
"no bode no cry, no bode no cry",DO BODE (FT. JULIANA LINHARES Y FELIPE CORDEIRO)
"no bode no cry, no bode no cry",DO BODE (FT. JULIANA LINHARES Y FELIPE CORDEIRO)
esse bode dá bode eu não quero saber,DO BODE (FT. JULIANA LINHARES Y FELIPE CORDEIRO)
esse bode dá bode e por isso eu quero vender,DO BODE (FT. JULIANA LINHARES Y FELIPE CORDEIRO)
Se quiser comprar um bode,DO BODE (FT. JULIANA LINHARES Y FELIPE CORDEIRO)
é só me dizer,DO BODE (FT. JULIANA LINHARES Y FELIPE CORDEIRO)
um bode que só dá bode,DO BODE (FT. JULIANA LINHARES Y FELIPE CORDEIRO)
e por isso eu quero vender,DO BODE (FT. JULIANA LINHARES Y FELIPE CORDEIRO)
Esse bode dá bode eu não quero saberesse,DO BODE (FT. JULIANA LINHARES Y FELIPE CORDEIRO)
bode dá bode e por isso eu quero vender,DO BODE (FT. JULIANA LINHARES Y FELIPE CORDEIRO)
"no bode no cry, no bode no cry",DO BODE (FT. JULIANA LINHARES Y FELIPE CORDEIRO)
"no bode no cry, no bode no cry",DO BODE (FT. JULIANA LINHARES Y FELIPE CORDEIRO)
esse bode dá bode eu não quero saberesse,DO BODE (FT. JULIANA LINHARES Y FELIPE CORDEIRO)
bode dá bode e por isso eu quero vender,DO BODE (FT. JULIANA LINHARES Y FELIPE CORDEIRO)
Esse bode da bode eu não quero saber,DO BODE (FT. JULIANA LINHARES Y FELIPE CORDEIRO)
esse bode da bode e por isso que eu quero vender,DO BODE (FT. JULIANA LINHARES Y FELIPE CORDEIRO)
esse bode da bode eu não quero saber,DO BODE (FT. JULIANA LINHARES Y FELIPE CORDEIRO)
esse bode da bode e por isso que eu quero vender,DO BODE (FT. JULIANA LINHARES Y FELIPE CORDEIRO)
"no bode no cry, no bode no cry",DO BODE (FT. JULIANA LINHARES Y FELIPE CORDEIRO)
"no bode no cry, no bode no cry",DO BODE (FT. JULIANA LINHARES Y FELIPE CORDEIRO)
esse bode da bode eu não quero saber,DO BODE (FT. JULIANA LINHARES Y FELIPE CORDEIRO)
esse bode da bode e por isso que eu quero vender,DO BODE (FT. JULIANA LINHARES Y FELIPE CORDEIRO)
Pedimos perdón,MÁQUINA DE SER FELIZ
"corriendo, enmascarando el fin,",MÁQUINA DE SER FELIZ
"por eso te busqué, por eso diseñé",MÁQUINA DE SER FELIZ
la máquina de ser feliz.,MÁQUINA DE SER FELIZ
"Plateada y lunar,",MÁQUINA DE SER FELIZ
"remotamente digital,",MÁQUINA DE SER FELIZ
"no tiene que hacer bien, no tiene que hacer mal,",MÁQUINA DE SER FELIZ
es inocencia artificial.,MÁQUINA DE SER FELIZ
"Prende y se apaga sola,",MÁQUINA DE SER FELIZ
sale después de hora.,MÁQUINA DE SER FELIZ
"Hay tanta gente sola,",MÁQUINA DE SER FELIZ
hoy tanta gente llora.,MÁQUINA DE SER FELIZ
Con forma de un pez,MÁQUINA DE SER FELIZ
"nadando en mares de Ravel,",MÁQUINA DE SER FELIZ
"no sé si la robé, no sé si la pedí",MÁQUINA DE SER FELIZ
o simplemente estuvo ahí.,MÁQUINA DE SER FELIZ
"Un día se me fue,",MÁQUINA DE SER FELIZ
"ese día yo volví a reír,",MÁQUINA DE SER FELIZ
"y la felicidad persiste en soledad,",MÁQUINA DE SER FELIZ
la máquina no puede dar.,MÁQUINA DE SER FELIZ
"Prende y se apaga sola,",MÁQUINA DE SER FELIZ
"sale después de hora,",MÁQUINA DE SER FELIZ
la máquina de ser feliz.,MÁQUINA DE SER FELIZ
"Hay tanta gente sola,",MÁQUINA DE SER FELIZ
hoy tanta gente llora.,MÁQUINA DE SER FELIZ
"La máquina de ser feliz,",MÁQUINA DE SER FELIZ
"la tiene el Papa, la tengo yo.",MÁQUINA DE SER FELIZ
La máquina de ser feliz.,MÁQUINA DE SER FELIZ
No sé exactamente cuando empezó,DE LA RADIO
No precisamente cuando fue que llegó,DE LA RADIO
Tal vez fue ese día que nos presentaron,DE LA RADIO
O tal vez la noche que nos desnudamos,DE LA RADIO
No se que me diste besos tal vez,DE LA RADIO
No se que me hiciste dibujos en la piel,DE LA RADIO
Tal vez tus oídos oyendo mis cuitas,DE LA RADIO
O los calofríos tú me resucitas,DE LA RADIO
Con tanto amor.,DE LA RADIO
Tanto amor,DE LA RADIO
Ya no me cabe en el corazón,DE LA RADIO
Se llenó,DE LA RADIO
Y hacia otras vísceras se derramó,DE LA RADIO
Todo mi cuerpo está muy comprometido,DE LA RADIO
Pues tanto amor imaginar no había podido,DE LA RADIO
"Con estómago, pecho y pulmón",DE LA RADIO
Con ombligo y con riñón,DE LA RADIO
Del dedo gordo del pie hasta la coronilla,DE LA RADIO
Y de las lágrimas a las cosquillas.,DE LA RADIO
Le dimos tiempo al tiempo arena resbaló,DE LA RADIO
El amor fue creciendo montañas movió.,DE LA RADIO
Tal vez fue ese día,DE LA RADIO
Tanto amor,DE LA RADIO
Si quieres bailar,SE REVELA ALGUNA VEZ
Si quieres sentir,SE REVELA ALGUNA VEZ
Abriendo de par en par,SE REVELA ALGUNA VEZ
Tu corazón,SE REVELA ALGUNA VEZ
No busques más allá,SE REVELA ALGUNA VEZ
Porque yo estoy aquí,SE REVELA ALGUNA VEZ
Y dilo ya,SE REVELA ALGUNA VEZ
Si es que se trata de mí.,SE REVELA ALGUNA VEZ
Por qué no soltás?,SE REVELA ALGUNA VEZ
Por qué no salís?,SE REVELA ALGUNA VEZ
Por qué me mentís así,SE REVELA ALGUNA VEZ
Así sin razón?,SE REVELA ALGUNA VEZ
Me canso de esperar,SE REVELA ALGUNA VEZ
Me canso de sufrir,SE REVELA ALGUNA VEZ
Y dilo ya,SE REVELA ALGUNA VEZ
Si es que se trata de mí.,SE REVELA ALGUNA VEZ
No creas que estoy,SE REVELA ALGUNA VEZ
En la torre de marfil,SE REVELA ALGUNA VEZ
Yo soy como vos,SE REVELA ALGUNA VEZ
No soy feliz.,SE REVELA ALGUNA VEZ
Y si hay algo que hablar,SE REVELA ALGUNA VEZ
"Dilo ya, dilo ya",SE REVELA ALGUNA VEZ
Y aquí,SE REVELA ALGUNA VEZ
No esperes más,SE REVELA ALGUNA VEZ
No me dejes morir!,SE REVELA ALGUNA VEZ
Es tu oportunidad,SE REVELA ALGUNA VEZ
No te lo pido más,SE REVELA ALGUNA VEZ
Y dilo ya,SE REVELA ALGUNA VEZ
Si es que se trata de mí.,SE REVELA ALGUNA VEZ
No creas que estoy,SE REVELA ALGUNA VEZ
En la torre de marfil,SE REVELA ALGUNA VEZ
"Yo soy como vos, no ves?",SE REVELA ALGUNA VEZ
Yo tampoco soy feliz.,SE REVELA ALGUNA VEZ
Y si hay algo que hablar,SE REVELA ALGUNA VEZ
"Dilo ya, dilo ya",SE REVELA ALGUNA VEZ
Y aquí,SE REVELA ALGUNA VEZ
No esperes más,SE REVELA ALGUNA VEZ
No me dejes morir!,SE REVELA ALGUNA VEZ
Si quieres arder,SE REVELA ALGUNA VEZ
Si quieres vivir,SE REVELA ALGUNA VEZ
Abriendo de par en par,SE REVELA ALGUNA VEZ
Tu pobre corazón,SE REVELA ALGUNA VEZ
No busques más allá,SE REVELA ALGUNA VEZ
Porque yo estoy aquí,SE REVELA ALGUNA VEZ
Y dilo ya,SE REVELA ALGUNA VEZ
Si es que se trata de mí.,SE REVELA ALGUNA VEZ
Y dilo ya,SE REVELA ALGUNA VEZ
Si es que se trata de mí.,SE REVELA ALGUNA VEZ
Y dilo ya...,SE REVELA ALGUNA VEZ
Se trata de mí?,SE REVELA ALGUNA VEZ
Ella adivinó todo lo que estaba pensando.,SÓLO VISTE DE BLANCO
"Ella adivinó, ella sólo adivinó",SÓLO VISTE DE BLANCO
Ella adivinó todo lo que me estaba pasando,SÓLO VISTE DE BLANCO
"Ella adivinó, ella sólo adivinó.",SÓLO VISTE DE BLANCO
"Con un juego, una canción",SÓLO VISTE DE BLANCO
"Cambiaste este pequeño amor, bajo el sol.",SÓLO VISTE DE BLANCO
Cuánto tiempo más yo te seguiré esperando,SÓLO VISTE DE BLANCO
"Cuánto tiempo más,",SÓLO VISTE DE BLANCO
Dime sólo cuánto tiempo más.,SÓLO VISTE DE BLANCO
Cuánto tiempo más seguirá mi corazón sangrando,SÓLO VISTE DE BLANCO
"Cuánto tiempo más,",SÓLO VISTE DE BLANCO
Dime sólo cuánto tiempo más.,SÓLO VISTE DE BLANCO
Como un perro en la prisión,SÓLO VISTE DE BLANCO
Recuerdo este pequeño amor bajo el sol.,SÓLO VISTE DE BLANCO
No sé exactamente cuando empezó,FINAL DE LO QUE VENDRÁ
No precisamente cuándo fue que llegó,FINAL DE LO QUE VENDRÁ
Tal vez fue ese día que nos presentaron,FINAL DE LO QUE VENDRÁ
O tal vez la noche que nos desnudamos,FINAL DE LO QUE VENDRÁ
No sé qué me diste besos tal vez,FINAL DE LO QUE VENDRÁ
No sé qué me hiciste dibujos en la piel,FINAL DE LO QUE VENDRÁ
Tal vez tus oídos oyendo mis cuitas,FINAL DE LO QUE VENDRÁ
O los calofríos tú me resucitas,FINAL DE LO QUE VENDRÁ
Con tanto amor,FINAL DE LO QUE VENDRÁ
Tanto amor,FINAL DE LO QUE VENDRÁ
Ya no me cabe en el corazón,FINAL DE LO QUE VENDRÁ
Se llenó,FINAL DE LO QUE VENDRÁ
Y hacía otras vísceras se derramó,FINAL DE LO QUE VENDRÁ
Todo mí cuerpo está muy comprometido,FINAL DE LO QUE VENDRÁ
Pues tanto amor imaginar no había podido,FINAL DE LO QUE VENDRÁ
"Con estómago, pecho y pulmón",FINAL DE LO QUE VENDRÁ
Con ombligo y con riñón,FINAL DE LO QUE VENDRÁ
Del dedo gordo del pie hasta la coronilla,FINAL DE LO QUE VENDRÁ
Y de las lágrimas a las cosquillas,FINAL DE LO QUE VENDRÁ
Le dimos tiempo al tiempo arena resbaló,FINAL DE LO QUE VENDRÁ
El amor fue creciendo montañas movió,FINAL DE LO QUE VENDRÁ
Tal vez fue ese día,FINAL DE LO QUE VENDRÁ
Tanto amor,FINAL DE LO QUE VENDRÁ
No importa si te querés ir,IMPORTA
No importa si estas,IMPORTA
No importa si querés venir,IMPORTA
No importa si vas,IMPORTA
No importa la televisión,IMPORTA
No importa la actriz,IMPORTA
No importa la prostitución,IMPORTA
No me importa a mí,IMPORTA
Estamos juntos y en la prisión,IMPORTA
No hay forma de salir,IMPORTA
El mundo es un patio de prisión,IMPORTA
¿a donde querés ir?,IMPORTA
No importa la revolución,IMPORTA
No importa Chopin,IMPORTA
No importa lo que digas vos,IMPORTA
No me importa él,IMPORTA
Estamos juntos en la prisión,IMPORTA
No hay forma de salir,IMPORTA
El mundo es un patio de prisión,IMPORTA
¿a donde querés ir?,IMPORTA
No importa si te quieres ir,IMPORTA
No importa si estás,IMPORTA
No importa si querés venir,IMPORTA
No me importa más,IMPORTA
"Estamos juntos, estamos juntos...",IMPORTA
El tiempo que no viví,3PASTILLAS
El tiempo que me perdí,3PASTILLAS
Y todo lo que fue,3PASTILLAS
Es como un sueño que no ves,3PASTILLAS
Te doy este auricular,3PASTILLAS
Y un disco para mirar,3PASTILLAS
Y una receta más,3PASTILLAS
Para que salgas a pasear,3PASTILLAS
La gente que nunca duerme es más real,3PASTILLAS
No sé si la luna te hace reconciliar,3PASTILLAS
Te voy a dar un colchón,3PASTILLAS
Con ruedas y un planeador,3PASTILLAS
Para que puedas ver,3PASTILLAS
Toda tu vida desde acá,3PASTILLAS
No sé por qué estás durmiendo a esta hora ya,3PASTILLAS
No sé si la luna te hace reconciliar,3PASTILLAS
Y mientras duermes,3PASTILLAS
Estoy yo solo acá,3PASTILLAS
Hago los planes,3PASTILLAS
Que vas a ser normal,3PASTILLAS
Nunca me encienden,3PASTILLAS
Y solo puedes dar,3PASTILLAS
Mentiras simples,3PASTILLAS
Pastillas y un hogar que no es mi hogar,3PASTILLAS
Y todo lo que fue,3PASTILLAS
Y todo lo que fue,3PASTILLAS
Y todo lo que fue,3PASTILLAS
Y todo lo que fue,3PASTILLAS
Y todo lo que fue,3PASTILLAS
Y todo...,3PASTILLAS
Hey! hey! hey! No me mires desde el puente,REHEN O LA NOVIA
Hey! Ya volverás a mí,REHEN O LA NOVIA
Hey! Nuestro amor es diferente,REHEN O LA NOVIA
Hey! Ya volverás aquí,REHEN O LA NOVIA
Cuando el amor se va,REHEN O LA NOVIA
Viene King Kong te arrastra y sos feliz,REHEN O LA NOVIA
Cuando el amor está,REHEN O LA NOVIA
Ni lo mirás y te reís,REHEN O LA NOVIA
Hey! Ya no excuses a tu suerte,REHEN O LA NOVIA
Hey! Ya volverás a mí,REHEN O LA NOVIA
Cuando el amor se va,REHEN O LA NOVIA
"No lo esperés, andate y matá",REHEN O LA NOVIA
Cuando el amor esté,REHEN O LA NOVIA
"Aunque no esté, me está mirando a mí",REHEN O LA NOVIA
Hey! King Kong estuvo aquí,REHEN O LA NOVIA
El corazón es blando,DE HORMIGON
El corazón perdona,DE HORMIGON
"Pero tu corazón, parece de hormigón",DE HORMIGON
"Por eso a ti te digo, ablanda tu corazón",DE HORMIGON
El corazón es blando,DE HORMIGON
El corazón perdona,DE HORMIGON
"Pero tu corazón, parece de hormigón",DE HORMIGON
Por eso a ti te digo: ablanda tu corazón,DE HORMIGON
Corazón de madera,DE HORMIGON
Corazón de hormigón,DE HORMIGON
Corazón de madera,DE HORMIGON
Ablanda tu corazón,DE HORMIGON
"Pero tu corazón, parece de hormigón",DE HORMIGON
Por eso a ti te digo: ablanda tu corazón,DE HORMIGON
(Ablanda),DE HORMIGON
Corazón de madera,DE HORMIGON
Corazón de hormigón,DE HORMIGON
Corazón de madera,DE HORMIGON
Ablanda tu corazón,DE HORMIGON
Corazón de madera,DE HORMIGON
Corazón de hormigón,DE HORMIGON
Corazón de madera,DE HORMIGON
Ablanda tu corazón,DE HORMIGON
Corazón de madera,DE HORMIGON
Corazón de hormigón,DE HORMIGON
Corazón de madera,DE HORMIGON
Ablanda tu corazón,DE HORMIGON
Cerrando las cortinas escondemos el dolor,GIL - TRANSFORMACION
Cambiando las cabinas escondemos la ilusión,GIL - TRANSFORMACION
Y cada vez que el canillita trae noticias del final,GIL - TRANSFORMACION
parece asegurar que sólo por amor,GIL - TRANSFORMACION
nadie vende diarios,GIL - TRANSFORMACION
Y cada vez que pedimos perdón teniendo la razón,GIL - TRANSFORMACION
por descomposición tratando de agradar,GIL - TRANSFORMACION
nos hacemos daño,GIL - TRANSFORMACION
Hay veces en que me siento encerrado,GIL - TRANSFORMACION
la jaula no es tan solo esta pared.,GIL - TRANSFORMACION
"No digas que estoy mal, yo la estoy pasando bien",GIL - TRANSFORMACION
"No sé por qué,",GIL - TRANSFORMACION
Yo sé por qué,GIL - TRANSFORMACION
Y cada vez que el canillita trae noticias del final,GIL - TRANSFORMACION
parece asegurar que sólo por amor,GIL - TRANSFORMACION
nadie vende diarios (jamás),GIL - TRANSFORMACION
Y cada vez que pedimos perdón teniendo la razón,GIL - TRANSFORMACION
por descomposición tratando de agradar,GIL - TRANSFORMACION
nos hacemos daño,GIL - TRANSFORMACION
No insistan en ponerme cerraduras,GIL - TRANSFORMACION
soy libre y no pienso desistir,GIL - TRANSFORMACION
"cuando quiero salir, no me importa morir",GIL - TRANSFORMACION
no tengo fin!,GIL - TRANSFORMACION
no tengo fin!,GIL - TRANSFORMACION
Cada vez que trates de matar,GIL - TRANSFORMACION
quizás estés matando a quien te trata bien,GIL - TRANSFORMACION
cada vez que quieras disfrazar,GIL - TRANSFORMACION
todos esos disfraces abrirán tu piel.,GIL - TRANSFORMACION
Y cuando estés cansado de sangrar,GIL - TRANSFORMACION
Verás que ya no hay nada que ganar,GIL - TRANSFORMACION
cada vez que trates de ganar,GIL - TRANSFORMACION
será que tenés mucho que perder.,GIL - TRANSFORMACION
Y cada vez que el canillita trae noticias del final,GIL - TRANSFORMACION
parece asegurar que sólo por amor,GIL - TRANSFORMACION
nadie vende diarios (jamás),GIL - TRANSFORMACION
Y cada vez que pedimos perdón teniendo la razón,GIL - TRANSFORMACION
por descomposición tratando de agradar,GIL - TRANSFORMACION
nos hacemos daño,GIL - TRANSFORMACION
No insistan en ponerme cerraduras,GIL - TRANSFORMACION
soy libre y no pienso desistir,GIL - TRANSFORMACION
"cuando quiero salir, no me importa morir",GIL - TRANSFORMACION
no tengo fin!,GIL - TRANSFORMACION
no tengo fin!,GIL - TRANSFORMACION
Volveré a abrir tu corazón,GIL - TRANSFORMACION
aunque pasen mil años te daré mi amor,GIL - TRANSFORMACION
volveré a abrir tu corazón,GIL - TRANSFORMACION
aunque me desintegre la transformación.,GIL - TRANSFORMACION
Y cuando estés cansado de llorar,GIL - TRANSFORMACION
ese vacío ya no te hará mal,GIL - TRANSFORMACION
Volveré a abrir tu corazón.,GIL - TRANSFORMACION
Yo ni voy ni a los velorios ni al carnaval,CORAZON PARA COLGAR
Usaba novios para ir a bailar,CORAZON PARA COLGAR
Ya no me gusta tanto estar de pie,CORAZON PARA COLGAR
porque no espero lo que no se ve,CORAZON PARA COLGAR
Quiero colgar un corazón,CORAZON PARA COLGAR
Quiero colgarme una canción,CORAZON PARA COLGAR
Quiero colgarme un corazón,CORAZON PARA COLGAR
Corazón real,CORAZON PARA COLGAR
"Yo ni voy, it was a sail for new guitar",CORAZON PARA COLGAR
A ver guitarras que no iba a comprar,CORAZON PARA COLGAR
No sé si le gustaba tanto el tren,CORAZON PARA COLGAR
Como para tirarse en el andén,CORAZON PARA COLGAR
Un corazón para colgar,CORAZON PARA COLGAR
Un corazón que sea real,CORAZON PARA COLGAR
Un corazón para colgar,CORAZON PARA COLGAR
Corazón real,CORAZON PARA COLGAR
Los fantasmas no existen,FANTASMAS
Esa es la verdad,FANTASMAS
Ya lo que quisiste,FANTASMAS
Y nadie es feliz,FANTASMAS
Los fantasmas no existen,FANTASMAS
Desde el mas aya,FANTASMAS
Fantasmas pusiste,FANTASMAS
Podes vivir en mí,FANTASMAS
Poder vivir con un fantasma,FANTASMAS
Podes vivir aquí,FANTASMAS
Podes vivir con los demás,FANTASMAS
El falcón verde que usabas para pasear,FANTASMAS
Paso de moda no existe más,FANTASMAS
Con dos de eso y un poco de sprite,FANTASMAS
Algo limusinas van a pasar,FANTASMAS
Los fantasmas no existen,FANTASMAS
Esa es la verdad,FANTASMAS
Ya lo que quisiste,FANTASMAS
Los fantasmas no existen,FANTASMAS
Esa es la verdad,FANTASMAS
Ya lo que quisiste,FANTASMAS
Y nadie es feliz,FANTASMAS
Un día van a llorar,FANTASMAS
Un día van a llorar,FANTASMAS
Un día van a llorar,FANTASMAS
Ya no tenés salida,10TELEPATICAMENTE
no te queda ni un día después,10TELEPATICAMENTE
el reloj que tenés adentro sonó,10TELEPATICAMENTE
"¿Dónde estás? ¿Cuál es tu frecuencia, mi amor?",10TELEPATICAMENTE
Levitándome al mar,10TELEPATICAMENTE
Telepáticamente te voy a buscar,10TELEPATICAMENTE
Sola entre la gente sin poder hablar,10TELEPATICAMENTE
"Son cuatrocientos días, cuatrocientas noches también",10TELEPATICAMENTE
¿Dónde irás cuando el mar es una pared?,10TELEPATICAMENTE
"Por favor (oh, mi amor) dime qué frecuencia tenés",10TELEPATICAMENTE
replicándole al sol,10TELEPATICAMENTE
"Tan solo telepáticamente, me vas a buscar",10TELEPATICAMENTE
"hasta que sola, entre la gente te llevará",10TELEPATICAMENTE
Ya no digas nada,10TELEPATICAMENTE
no pidas perdón,10TELEPATICAMENTE
cuando todo el tiempo,10TELEPATICAMENTE
se olvidó de vos,10TELEPATICAMENTE
Cuatrocientos días sin poderte ver,10TELEPATICAMENTE
¿Cuál es la salida? ¿Cuál es la pared?,10TELEPATICAMENTE
"(Oh, mi amor)",10TELEPATICAMENTE
"¿Dónde estás? (oh, mi amor)",10TELEPATICAMENTE
¿Dónde está que no puedes ver?,10TELEPATICAMENTE
"Replicándole al sol, Solo telepáticamente",10TELEPATICAMENTE
"te iré a buscar, sola entre la gente",10TELEPATICAMENTE
sos una mas,10TELEPATICAMENTE
¿Dónde está la herida? ¿Dónde está el dolor?,10TELEPATICAMENTE
¿Dónde está la quía? ¿Dónde está el amor?,10TELEPATICAMENTE
Cuatrocientos días y ninguno más,10TELEPATICAMENTE
sin telepatía no lo lograrás,10TELEPATICAMENTE
¿En qué frecuencia estás?,10TELEPATICAMENTE
"Casi sin salida, yo encontré una solución",10TELEPATICAMENTE
Porque ¿Dónde estás? (¿dónde estás?),10TELEPATICAMENTE
Replicando cosas de hoy,10TELEPATICAMENTE
"Oh, mi amor (¿Dónde estás?)",10TELEPATICAMENTE
¿En qué playa te encontrarás?,10TELEPATICAMENTE
Internándome al mar,10TELEPATICAMENTE
"Sólo telepáticamente, me vas a encontrar",10TELEPATICAMENTE
porque telepáticamente yo te quiero amar.,10TELEPATICAMENTE
"Dicen que estoy loco, haga lo que haga,",LAS RUEDAS
"Y me dan cantidad de consejos, buenos  para nada,",LAS RUEDAS
Cuando digo que estoy bien ellos me miran sin entender,LAS RUEDAS
Como puedes ser feliz si no estas en nuestro tren,LAS RUEDAS
Dicen que soy vago soñando por ahí,LAS RUEDAS
Y dicen toda clase de warnings para deslumbrarme,LAS RUEDAS
Y cuando digo que estoy bien mirando sombras en la pared,LAS RUEDAS
Como podes ser feliz si no estas en nuestro tren,LAS RUEDAS
Im just sitting here watching the wheels go round and round,LAS RUEDAS
I really like to watch them roll,LAS RUEDAS
NO longer riding in the merry go round,LAS RUEDAS
Dicen que soy vago soñando por ahi,LAS RUEDAS
Y dicen toda clase de warnings para deslumbrarme,LAS RUEDAS
Y cuando digo que estoy bien mirando sombras en la pared,LAS RUEDAS
Como podes ser feliz si no estas en nuestro tren,LAS RUEDAS
Im just sitting here watching the wheels go round and round,LAS RUEDAS
I really like to watch some road,LAS RUEDAS
NO longer riding in the merry go round,LAS RUEDAS
I just have to let it go,LAS RUEDAS
no no no no no no no,LAS RUEDAS
Estamos juntos...Estamos juntos... Estamos juntos...,LAS RUEDAS
Estamos juntos en la prisión,LAS RUEDAS
Tengo que seguir,EDIFICIOS DORADOS
tengo que seguir,EDIFICIOS DORADOS
lo que yo empecé,EDIFICIOS DORADOS
yo ya estoy cansado,EDIFICIOS DORADOS
pero igual lo haré,EDIFICIOS DORADOS
tengo mis fuerzas,EDIFICIOS DORADOS
basada aquí,EDIFICIOS DORADOS
Pronto verán;,EDIFICIOS DORADOS
Resurrecciones en el mundo,EDIFICIOS DORADOS
Cuando pase aquí,EDIFICIOS DORADOS
oirás mi voz,EDIFICIOS DORADOS
les diré mil cosas,EDIFICIOS DORADOS
del mundo de hoy,EDIFICIOS DORADOS
tengo mis fuerzas,EDIFICIOS DORADOS
basada aqui,EDIFICIOS DORADOS
pronto verán,EDIFICIOS DORADOS
resurrecciones en el mundo,EDIFICIOS DORADOS
Basta de mentira,EDIFICIOS DORADOS
basta de dolor,EDIFICIOS DORADOS
basta de ignorantes,EDIFICIOS DORADOS
dame un poquito de amor,EDIFICIOS DORADOS
hey hey hey,EDIFICIOS DORADOS
Tengo que seguir,EDIFICIOS DORADOS
lo que yo empecé...,EDIFICIOS DORADOS
yo estoy cansado,EDIFICIOS DORADOS
pero igual lo haré,EDIFICIOS DORADOS
tengo mis fuerzas,EDIFICIOS DORADOS
basada aquí,EDIFICIOS DORADOS
"pronto verán,",EDIFICIOS DORADOS
resurrecciones en el mundo...,EDIFICIOS DORADOS
"tengo que seguir, tengo que seguir",EDIFICIOS DORADOS
"No te copes mal, déjala",DE MALA SANGRE
"Te trata de encontrar, déjala",DE MALA SANGRE
Y cuando el tiempo pase por aquí,DE MALA SANGRE
Vos te das cuenta que no es el fin,DE MALA SANGRE
Vuelve a mi yo soy la vida,DE MALA SANGRE
"Si te da su voz, cántala",DE MALA SANGRE
Su rostro no se ve mírala,DE MALA SANGRE
Te digo lo que se porque seguí,DE MALA SANGRE
Seguí el tiempo confundido aquí,DE MALA SANGRE
Vuelve a mi yo soy la vida.,DE MALA SANGRE
"Yo era un hombre bueno,",FANTASMA DE CANTERVILLE
si hay alguien bueno en este lugar,FANTASMA DE CANTERVILLE
pagué todas mis deudas,FANTASMA DE CANTERVILLE
pagué oportunidad de amar,FANTASMA DE CANTERVILLE
Sin embargo estoy tirado,FANTASMA DE CANTERVILLE
y nadie se acuerda de mi,FANTASMA DE CANTERVILLE
paso a través de la gente,FANTASMA DE CANTERVILLE
como el fantasma de Canterville,FANTASMA DE CANTERVILLE
Me han ofendido mucho,FANTASMA DE CANTERVILLE
y nadie dio una explicación,FANTASMA DE CANTERVILLE
Ay si pudiera matarlos,FANTASMA DE CANTERVILLE
lo haría sin ningún temor,FANTASMA DE CANTERVILLE
Pero siempre fui un tonto,FANTASMA DE CANTERVILLE
que creyó en la legalidad,FANTASMA DE CANTERVILLE
ahora que estoy afuera,FANTASMA DE CANTERVILLE
ya sé lo que es la libertad,FANTASMA DE CANTERVILLE
"Ahora que puedo amarte,",FANTASMA DE CANTERVILLE
nena. yo voy amarte de verdad,FANTASMA DE CANTERVILLE
"mientras me quede aire,",FANTASMA DE CANTERVILLE
calor nunca te va faltar,FANTASMA DE CANTERVILLE
Y jamás volveré a fijarme,FANTASMA DE CANTERVILLE
en la cara de los demás,FANTASMA DE CANTERVILLE
esa careta idiota,FANTASMA DE CANTERVILLE
que tira y tira para tras,FANTASMA DE CANTERVILLE
He muerto muchas veces,FANTASMA DE CANTERVILLE
acribillado en la ciudad,FANTASMA DE CANTERVILLE
pero es mejor ser muerto,FANTASMA DE CANTERVILLE
que un número que viene y va,FANTASMA DE CANTERVILLE
Y en mi tumba tengo perros,FANTASMA DE CANTERVILLE
y cosas que no me hacen mal,FANTASMA DE CANTERVILLE
después de muerto nena,FANTASMA DE CANTERVILLE
vos me vendrás a visitar,FANTASMA DE CANTERVILLE
"Uh! Me quitan el sol, me sacan a Dios",PASES Y ABONOS
Me secan el sudor y el sabor,PASES Y ABONOS
"Quién se puede reír de tanto sufrir el frío y el calor, y el dolor?",PASES Y ABONOS
Quién escupe los ojos sin resistencia,PASES Y ABONOS
Del que trajo el vino dulce para podernos ver?,PASES Y ABONOS
Quién por poco dinero te supo hacer feliz?,PASES Y ABONOS
Quién fue amigo de tus hijos y quien,PASES Y ABONOS
Consiguió los boletos para verme cantar?,PASES Y ABONOS
Quién les dio un acabado cuadro de su mamá?,PASES Y ABONOS
"Madres, hijas, hermanas van a escuchar",PASES Y ABONOS
"El llanto del adiós, del Adiós",PASES Y ABONOS
"Pronto en esta ciudad me van a nombrar ciudadano legal, como vos",PASES Y ABONOS
Soy el hijo de todas y el amante también,PASES Y ABONOS
"No se atreve, dulce dama, a ser mi mujer infiel?",PASES Y ABONOS
"Soy el mendigo de azul, el que cantó para el rey",PASES Y ABONOS
No es verdad noble señora?,PASES Y ABONOS
Soy quién consiguió los boletos para verme cantar,PASES Y ABONOS
Quién les dio un acabado cuadro de su mamá?,PASES Y ABONOS
Gaby toca el saxo en las arenas del circo.,6GABY
"Fantasma lírico que aprendió a reír de noche,",6GABY
bajo un techo eterno lleno de estrellas de invierno.,6GABY
"Vírgenes estrellas que lo vieron aquí abajo,",6GABY
sentado en la pista frente al público ausente,6GABY
hacer las cosas de siempre.,6GABY
Tiene un sombrero como Chaplin con una flor,6GABY
donde guarda su amor.,6GABY
Se esconde dentro de un saco,6GABY
que es un estropajo y que lo hace invisible al mundo.,6GABY
Usa pantalones,6GABY
que fueron hechos por algún duende de Venecia,6GABY
a medida,6GABY
para un ángel,6GABY
triste y deshilachado que se llamó Gaby.,6GABY
Recoge tus cosas y largo de aquí,AL TREN
En nombre de cristo no quieras seguir,AL TREN
"Si nadie me acepta, muy bien yo me iré",AL TREN
Estoy esperando que llegue mi tren.,AL TREN
Si tu eres mi dama jamás lo sabré,AL TREN
Si yo no te río pues bien mátame,AL TREN
Recógete el pelo ven a la estación,AL TREN
Si no me acompañas puedes decirme adiós,AL TREN
Pueden venir cuantos quieran,AL TREN
Que serán tratados bien,AL TREN
Y los que estén en el camino,AL TREN
Bienvenidos al tren,AL TREN
Si vendo mi alma quién la comprará,AL TREN
Si compro tu tiempo no me servirá,AL TREN
Por eso es que vago ésta es mi verdad,AL TREN
Si miento un poquito ya me perdonarás.,AL TREN
Con solo ver,DE LOS DEVOTOS
Tu cara señor,DE LOS DEVOTOS
Claro es mi sueño,DE LOS DEVOTOS
Se vuelve canción,DE LOS DEVOTOS
Y esto que fluye,DE LOS DEVOTOS
Es fruto de tu nombre,DE LOS DEVOTOS
No es nada difícil,DE LOS DEVOTOS
Amarte con tu amor,DE LOS DEVOTOS
Que bello día  que haces con tu sol,DE LOS DEVOTOS
Y en las mañanas recibo el nombre de Dios,DE LOS DEVOTOS
Ha venido a vernos al fin,DE LOS DEVOTOS
Hijo del hombre llego hasta mí,DE LOS DEVOTOS
Y es tan hermoso,DE LOS DEVOTOS
Que pasa la ilusión,DE LOS DEVOTOS
Gritos de contra,DE LOS DEVOTOS
Siempre nací tu amor,DE LOS DEVOTOS
Hace tiempo que yo,DE LOS DEVOTOS
Espero tu bendición,DE LOS DEVOTOS
Sale entonada,DE LOS DEVOTOS
Pero el viento tu honra en el,DE LOS DEVOTOS
Mundo esta feo,DE LOS DEVOTOS
Hoy hay dolor,DE LOS DEVOTOS
Ya nadie canta,DE LOS DEVOTOS
Canciones de amor,DE LOS DEVOTOS
Pero tu luz,DE LOS DEVOTOS
Al fin me ilumino,DE LOS DEVOTOS
Y tu mirada,DE LOS DEVOTOS
Al mundo ya violo,DE LOS DEVOTOS
Resolverás el dolor y tus hijos serán libres,DE LOS DEVOTOS
Como es libre una flor,DE LOS DEVOTOS
Simple esta canción es,DE LOS DEVOTOS
Como simple el amor,DE LOS DEVOTOS
Que es esto que estamos viviendo,DE LOS DEVOTOS
Señora,DE LOS DEVOTOS
Que es esto que estamos viviendo,DE LOS DEVOTOS
Es amor,DE LOS DEVOTOS
Hasta el fondo de su corazón.,ACABÁNDOSE EL VINO
Bebió diez vasos seguidos,ACABÁNDOSE EL VINO
Apoyado en su viejo balcón.,ACABÁNDOSE EL VINO
Qué pequeño que es todo desde aquí.,ACABÁNDOSE EL VINO
O acaso todo debe ser así.,ACABÁNDOSE EL VINO
Siete balcones abajo,ACABÁNDOSE EL VINO
Aprendí a ser hombre y fui feliz.,ACABÁNDOSE EL VINO
Un día dijo que me amaba,ACABÁNDOSE EL VINO
Al otro sólo se echó a reír.,ACABÁNDOSE EL VINO
Alcanzo a ver su casa desde aquí,ACABÁNDOSE EL VINO
Como la primera vez que la vi.,ACABÁNDOSE EL VINO
Hombres de gorras azules,ACABÁNDOSE EL VINO
Dispersan a la gente del lugar.,ACABÁNDOSE EL VINO
Sobre el asfalto hay un hombre,ACABÁNDOSE EL VINO
Pero a quién le puede importar.,ACABÁNDOSE EL VINO
Acá abajo todo sigue igual.,ACABÁNDOSE EL VINO
Hoy se vendieron cuatro diarios más.,ACABÁNDOSE EL VINO
Hoy se vendieron cuatro diarios...,ACABÁNDOSE EL VINO
Hoy se vendieron cuatro diarios...,ACABÁNDOSE EL VINO
Hoy se vendieron cuatro diarios más.,ACABÁNDOSE EL VINO
"Las dulces promesas sufren, el viejo pretexto",DULCES PROMESAS
De que mañana se darán,DULCES PROMESAS
Porque ahora no hay tiempo,DULCES PROMESAS
Todo se posterga dice la vieja historia,DULCES PROMESAS
El regalo del final pesa todos los días y se va,DULCES PROMESAS
"Para usted señor, yo le ofrezco",DULCES PROMESAS
Un poco de comprensión,DULCES PROMESAS
Junto con un cuerpecito sin ropas,DULCES PROMESAS
Para un largo invierno,DULCES PROMESAS
Fascinantes son las playas y un hotel en las montañas,DULCES PROMESAS
Más prolija es mi pobreza que el lugar donde trabajo,DULCES PROMESAS
Hoy me muero un poco,DULCES PROMESAS
Y mañana me muero un poco más,DULCES PROMESAS
Toda mi vida esta regalada,DULCES PROMESAS
A unos cuantos en las semanas,DULCES PROMESAS
Sentado solo aquí,EN EL UMBRAL DE DIOS
Bebiendo el universo,EN EL UMBRAL DE DIOS
Sentado en el umbral de Dios,EN EL UMBRAL DE DIOS
Sin nadie que me lleve,EN EL UMBRAL DE DIOS
Hasta donde mis ángeles,EN EL UMBRAL DE DIOS
Dejaron sus vestidos viejos,EN EL UMBRAL DE DIOS
Quién fue que les quitó,EN EL UMBRAL DE DIOS
El sol de sus cabezas,EN EL UMBRAL DE DIOS
Quién fue que les quitó su amor,EN EL UMBRAL DE DIOS
Como podría parar la lluvia de sus frentes,EN EL UMBRAL DE DIOS
Como hacerlos que vuelvan a este umbral,EN EL UMBRAL DE DIOS
"Y yo estoy aquí, derrumbándome",EN EL UMBRAL DE DIOS
Justo en el umbral de Dios,EN EL UMBRAL DE DIOS
Sin que nadie me aleje,EN EL UMBRAL DE DIOS
De aquí de aquí,EN EL UMBRAL DE DIOS
(INSTRUMENTAL),JAM
Música  del alma,DEL ALMA
Tan buena como   la luz que calma,DEL ALMA
Música del día,DEL ALMA
El sol nos dice que hay armonía,DEL ALMA
Armonía,DEL ALMA
Ya la noche ha pasado debe amanecer,DEL ALMA
Salgamos de las cuevas ya no hay mas que hacer,DEL ALMA
Por mí por voz y la humanidad,DEL ALMA
Mirémonos ya no hay mas que hablar,DEL ALMA
Tomemos todo el aire que nos queda para respirar,DEL ALMA
Una luz que se acaba vuelve a nacer,DEL ALMA
Viejas historias simples que nos dan placer,DEL ALMA
Abríamos a la humanidad,DEL ALMA
Mirémonos ya no hay mas que hablar,DEL ALMA
Tomemos todo el aire que nos queda para respirar,DEL ALMA
Música del alma tan buena como la luz que calma,DEL ALMA
Música del día El sol nos dice que hay armonía,DEL ALMA
Armonía,DEL ALMA
Me echó de su cuarto gritándome:,DE INVIERNO
"""no tienes profesión""",DE INVIERNO
"Tuve que enfrentarme a mi condición,",DE INVIERNO
en invierno no hay sol.,DE INVIERNO
Hace frío y me falta un abrigo,DE INVIERNO
y me pesa el hambre de esperar...,DE INVIERNO
Quién me dará algo para fumar,DE INVIERNO
o casa en que vivir?,DE INVIERNO
Sé que entre las calles debes estar,DE INVIERNO
pero no se partir.,DE INVIERNO
y la radio nos confunde a todos,DE INVIERNO
sin dinero la pasaré mal,DE INVIERNO
Si se comen mi carne los lobos,DE INVIERNO
no podré robarles la mitad.,DE INVIERNO
Dios es empleado en un mostrador,DE INVIERNO
da para recibir,DE INVIERNO
"Quién me dará un crédito, mi señor?",DE INVIERNO
sólo se sonreír.,DE INVIERNO
"Y tal vez esperé demasiado,",DE INVIERNO
quisiera que estuviera aquí,DE INVIERNO
cerrarán la puerta de este infierno,DE INVIERNO
y es posible que me quiera ir,DE INVIERNO
Conseguí licor y me emborraché,DE INVIERNO
en el baño de un bar.,DE INVIERNO
fui a dar a la calle de un puntapié,DE INVIERNO
y me sentí muy mal.,DE INVIERNO
Y si bien yo nunca había bebido,DE INVIERNO
"en la cárcel tuve que acabar,",DE INVIERNO
"la fianza la pagó un amigo,",DE INVIERNO
las heridas son del oficial.,DE INVIERNO
Hace cuatro años que estoy aquí,DE INVIERNO
y no quiero salir.,DE INVIERNO
ya no paso frío y soy feliz,DE INVIERNO
mi cuarto da al jardín.,DE INVIERNO
Y aunque a veces me acuerdo de ella,DE INVIERNO
dibujé su cara en la pared,DE INVIERNO
solamente muero los domingos,DE INVIERNO
y los lunes ya me siento bien...,DE INVIERNO
"Yo era un hombre bueno,",FANTASMA DE CANTERVILLE
si hay alguien bueno en este lugar,FANTASMA DE CANTERVILLE
pagué todas mis deudas,FANTASMA DE CANTERVILLE
pagué oportunidad de amar,FANTASMA DE CANTERVILLE
Sin embargo estoy tirado,FANTASMA DE CANTERVILLE
y nadie se acuerda de mi,FANTASMA DE CANTERVILLE
paso a través de la gente,FANTASMA DE CANTERVILLE
como el fantasma de Canterville,FANTASMA DE CANTERVILLE
Me han ofendido mucho,FANTASMA DE CANTERVILLE
y nadie dio una explicación,FANTASMA DE CANTERVILLE
Ay si pudiera matarlos,FANTASMA DE CANTERVILLE
lo haría sin ningún temor,FANTASMA DE CANTERVILLE
Pero siempre fui un tonto,FANTASMA DE CANTERVILLE
que creyó en la legalidad,FANTASMA DE CANTERVILLE
ahora que estoy afuera,FANTASMA DE CANTERVILLE
ya sé lo que es la libertad,FANTASMA DE CANTERVILLE
"Ahora que puedo amarte,",FANTASMA DE CANTERVILLE
nena. yo voy amarte de verdad,FANTASMA DE CANTERVILLE
"mientras me quede aire,",FANTASMA DE CANTERVILLE
calor nunca te va faltar,FANTASMA DE CANTERVILLE
Y jamás volveré a fijarme,FANTASMA DE CANTERVILLE
en la cara de los demás,FANTASMA DE CANTERVILLE
esa careta idiota,FANTASMA DE CANTERVILLE
que tira y tira para tras,FANTASMA DE CANTERVILLE
He muerto muchas veces,FANTASMA DE CANTERVILLE
acribillado en la ciudad,FANTASMA DE CANTERVILLE
pero es mejor ser muerto,FANTASMA DE CANTERVILLE
que un número que viene y va,FANTASMA DE CANTERVILLE
Y en mi tumba tengo perros,FANTASMA DE CANTERVILLE
y cosas que no me hacen mal,FANTASMA DE CANTERVILLE
después de muerto nena,FANTASMA DE CANTERVILLE
vos me vendrás a visitar,FANTASMA DE CANTERVILLE
"Como mata el viento norte,",MATA EL VIENTO NORTE
"cuando agosto está en el día,",MATA EL VIENTO NORTE
y el espacio de estos cuerpos,MATA EL VIENTO NORTE
ilumina,MATA EL VIENTO NORTE
"Un mendigo muestra joyas,",MATA EL VIENTO NORTE
a los ciegos de la esquina,MATA EL VIENTO NORTE
y un cachorro del señor,MATA EL VIENTO NORTE
nos alucina,MATA EL VIENTO NORTE
"Háblame sólo,",MATA EL VIENTO NORTE
de nubes y sol,MATA EL VIENTO NORTE
"no quiero saber nada,",MATA EL VIENTO NORTE
con la miseria del mundo hoy,MATA EL VIENTO NORTE
"Y es un buen día,",MATA EL VIENTO NORTE
hay algo de paz.,MATA EL VIENTO NORTE
la Tierra es nuestra hermana,MATA EL VIENTO NORTE
"Marte no cede,",MATA EL VIENTO NORTE
"al poder del sol,",MATA EL VIENTO NORTE
"Venus nos enamora,",MATA EL VIENTO NORTE
la luna sabe de su atracción,MATA EL VIENTO NORTE
"Mientras nosotros,",MATA EL VIENTO NORTE
"morimos aquí,",MATA EL VIENTO NORTE
"con los ojos cerrados,",MATA EL VIENTO NORTE
no vemos más que nuestra nariz,MATA EL VIENTO NORTE
"Como mata el viento norte,",MATA EL VIENTO NORTE
"cuando agosto está en el día,",MATA EL VIENTO NORTE
y el espacio de estos cuerpos,MATA EL VIENTO NORTE
ilumina,MATA EL VIENTO NORTE
Señor noche,MATA EL VIENTO NORTE
"sé mi cuna,",MATA EL VIENTO NORTE
sé mi día,MATA EL VIENTO NORTE
"Mi pequeña almita baila de alegría,",MATA EL VIENTO NORTE
"de alegría,",MATA EL VIENTO NORTE
de alegría,MATA EL VIENTO NORTE
Tu amor te espera,"LLORES POR MÍ, ARGENTINA"
no esperes más.,"LLORES POR MÍ, ARGENTINA"
en qué perdiste tanto tiempo?,"LLORES POR MÍ, ARGENTINA"
indecisa al hablar,"LLORES POR MÍ, ARGENTINA"
tan dura como Humpfrey Bogart,"LLORES POR MÍ, ARGENTINA"
Entre lujurias y represión,"LLORES POR MÍ, ARGENTINA"
bailaste los discos de moda,"LLORES POR MÍ, ARGENTINA"
y era tu diversión,"LLORES POR MÍ, ARGENTINA"
burlarte de los ilusionistas.,"LLORES POR MÍ, ARGENTINA"
No llores por las heridas,"LLORES POR MÍ, ARGENTINA"
que no paran de sangrar.,"LLORES POR MÍ, ARGENTINA"
"no llores por mí, Argentina","LLORES POR MÍ, ARGENTINA"
te quiero cada días más.,"LLORES POR MÍ, ARGENTINA"
Estás enferma de frustración,"LLORES POR MÍ, ARGENTINA"
y en tu locura no hay acuerdo.,"LLORES POR MÍ, ARGENTINA"
una hiena al reír,"LLORES POR MÍ, ARGENTINA"
pero al almuerzo con los cerdos.,"LLORES POR MÍ, ARGENTINA"
Si las estrellas de cabaret,"LLORES POR MÍ, ARGENTINA"
se ríen de tus movimientos,"LLORES POR MÍ, ARGENTINA"
no es preciso mentir,"LLORES POR MÍ, ARGENTINA"
la mierda que hay en tus pensamientos,"LLORES POR MÍ, ARGENTINA"
No llores por las heridas,"LLORES POR MÍ, ARGENTINA"
que no paran de sangrar.,"LLORES POR MÍ, ARGENTINA"
"no llores por mí, Argentina","LLORES POR MÍ, ARGENTINA"
"te quiero cada día,","LLORES POR MÍ, ARGENTINA"
te quiero cada día más.,"LLORES POR MÍ, ARGENTINA"
Alguien se quiere ir.,"LLORES POR MÍ, ARGENTINA"
alguien quiere volver,"LLORES POR MÍ, ARGENTINA"
alguien que está atrapado,"LLORES POR MÍ, ARGENTINA"
en el medio de un recuerdo.,"LLORES POR MÍ, ARGENTINA"
Esto yo ya lo vi,"LLORES POR MÍ, ARGENTINA"
esto ya lo escuché,"LLORES POR MÍ, ARGENTINA"
ella no quiere ser amiga,"LLORES POR MÍ, ARGENTINA"
de un chico de este pueblo.,"LLORES POR MÍ, ARGENTINA"
No llores por las heridas,"LLORES POR MÍ, ARGENTINA"
que no paran de sangrar.,"LLORES POR MÍ, ARGENTINA"
"no llores por mí, Argentina","LLORES POR MÍ, ARGENTINA"
"te quiero cada día,","LLORES POR MÍ, ARGENTINA"
te quiero cada día más.,"LLORES POR MÍ, ARGENTINA"
Yo no quiero volverme tan loco,NO QUIERO VOLVERME TAN LOCO
yo no quiero vestirme de rojo,NO QUIERO VOLVERME TAN LOCO
yo no quiero morir en el mundo hoy,NO QUIERO VOLVERME TAN LOCO
Yo no quiero ya verte tan triste,NO QUIERO VOLVERME TAN LOCO
yo no quiero saber lo que hiciste,NO QUIERO VOLVERME TAN LOCO
yo no quiero esta pena en mi corazón,NO QUIERO VOLVERME TAN LOCO
Escucho el beat de un tambor,NO QUIERO VOLVERME TAN LOCO
entre la desolación,NO QUIERO VOLVERME TAN LOCO
y una radio en una calle desierta,NO QUIERO VOLVERME TAN LOCO
Están las puertas cerradas,NO QUIERO VOLVERME TAN LOCO
y las ventanas también,NO QUIERO VOLVERME TAN LOCO
no será que nuestra gente está muerta?,NO QUIERO VOLVERME TAN LOCO
Presiento el fin de un amor,NO QUIERO VOLVERME TAN LOCO
en la era del color,NO QUIERO VOLVERME TAN LOCO
la televisión esta en las vidrieras,NO QUIERO VOLVERME TAN LOCO
Toda esa gente parada,NO QUIERO VOLVERME TAN LOCO
que tiene grasa en la piel,NO QUIERO VOLVERME TAN LOCO
no se entera ni que el mundo da vueltas,NO QUIERO VOLVERME TAN LOCO
Yo no quiero meterme en problemas,NO QUIERO VOLVERME TAN LOCO
yo no quiero asuntos que queman,NO QUIERO VOLVERME TAN LOCO
yo tan solo les digo que es un bajón,NO QUIERO VOLVERME TAN LOCO
Yo no quiero sembrar la anarquía,NO QUIERO VOLVERME TAN LOCO
yo no quiero vivir como digan,NO QUIERO VOLVERME TAN LOCO
tengo algo que late en mi corazón,NO QUIERO VOLVERME TAN LOCO
Escucho un tango y un rock,NO QUIERO VOLVERME TAN LOCO
y presiento que soy yo,NO QUIERO VOLVERME TAN LOCO
y quisiera ver al mundo de fiesta,NO QUIERO VOLVERME TAN LOCO
Veo tantas chicas castradas,NO QUIERO VOLVERME TAN LOCO
y tantos tontos que al fin,NO QUIERO VOLVERME TAN LOCO
yo no sé si vivir dando respuesta,NO QUIERO VOLVERME TAN LOCO
Yo quiero ver muchos más,NO QUIERO VOLVERME TAN LOCO
delirantes por ahí,NO QUIERO VOLVERME TAN LOCO
bailando en una calle cualquiera,NO QUIERO VOLVERME TAN LOCO
En Buenos Aires se ve,NO QUIERO VOLVERME TAN LOCO
que ya no hay tiempo de más,NO QUIERO VOLVERME TAN LOCO
la alegría no es solo brasilera,NO QUIERO VOLVERME TAN LOCO
no mi amor,NO QUIERO VOLVERME TAN LOCO
Yo no quiero vivir paranoico,NO QUIERO VOLVERME TAN LOCO
yo no quiero ver chicos con odio,NO QUIERO VOLVERME TAN LOCO
yo no quiero sentir esta depresión,NO QUIERO VOLVERME TAN LOCO
Voy buscando el placer de estar vivo,NO QUIERO VOLVERME TAN LOCO
no me importa si soy un bandido,NO QUIERO VOLVERME TAN LOCO
voy pateando basura en el callejón,NO QUIERO VOLVERME TAN LOCO
Yo no quiero volverme tan loco,NO QUIERO VOLVERME TAN LOCO
yo no quiero vestirme de rojo,NO QUIERO VOLVERME TAN LOCO
yo no quiero morir en el mundo hoy,NO QUIERO VOLVERME TAN LOCO
Yo no quiero ya verte tan triste,NO QUIERO VOLVERME TAN LOCO
yo no quiero saber lo que hiciste,NO QUIERO VOLVERME TAN LOCO
yo no quiero esta pena en mi corazón,NO QUIERO VOLVERME TAN LOCO
"Nace una flor, todos los días sale el sol",COLECTIVO
de vez en cuando escuchas aquella voz.,COLECTIVO
"Cómo de pan, gustosa de cantar,",COLECTIVO
en los aleros de mi mente con las chicharras.,COLECTIVO
Pero a la vez existe un transformador,COLECTIVO
que te consume lo mejor que tenés,COLECTIVO
"te tira atrás, te pide más y más",COLECTIVO
y llega un punto en que no querés.,COLECTIVO
"Mamá la libertad, siempre la llevarás",COLECTIVO
dentro del corazón,COLECTIVO
te pueden corromper,COLECTIVO
te puedes olvidar,COLECTIVO
pero ella siempre está,COLECTIVO
"Mamá la libertad, siempre la llevarás",COLECTIVO
dentro del corazón,COLECTIVO
te pueden corromper,COLECTIVO
te puedes olvidar,COLECTIVO
pero ella siempre está,COLECTIVO
"Ayer soñé con los hambrientos, los locos,",COLECTIVO
"los que se fueron, los que están en prisión",COLECTIVO
hoy desperté cantando esta canción,COLECTIVO
que ya fue escrita hace tiempo atrás.,COLECTIVO
"Es necesario cantar de nuevo,",COLECTIVO
una vez más.,COLECTIVO
"Mamá la libertad, siempre la llevarás",COLECTIVO
dentro del corazón,COLECTIVO
te pueden corromper,COLECTIVO
te puedes olvidar,COLECTIVO
pero ella siempre está,COLECTIVO
"Mamá la libertad, siempre la llevarás",COLECTIVO
dentro del corazón,COLECTIVO
te pueden corromper,COLECTIVO
te puedes olvidar,COLECTIVO
pero ella siempre está.,COLECTIVO
"Ella es menor, él es normal",SIGUEN PEGANDO ABAJO (PECADO MORTAL)
y lo que están haciendo es un pecado mortal,SIGUEN PEGANDO ABAJO (PECADO MORTAL)
ella se quedó sin boda ni arroz,SIGUEN PEGANDO ABAJO (PECADO MORTAL)
y al novio lo agarraron entre muchos más que dos.,SIGUEN PEGANDO ABAJO (PECADO MORTAL)
Miren lo están golpeando todo el tiempo,SIGUEN PEGANDO ABAJO (PECADO MORTAL)
"lo vuelven, vuelven a golpear",SIGUEN PEGANDO ABAJO (PECADO MORTAL)
nos siguen pegando abajo.,SIGUEN PEGANDO ABAJO (PECADO MORTAL)
Yo estaba en un club,SIGUEN PEGANDO ABAJO (PECADO MORTAL)
no había casi luz,SIGUEN PEGANDO ABAJO (PECADO MORTAL)
la puerta de salida tenía un farolito azul.,SIGUEN PEGANDO ABAJO (PECADO MORTAL)
El se desmayó delante de mí,SIGUEN PEGANDO ABAJO (PECADO MORTAL)
no fueron las pastillas,SIGUEN PEGANDO ABAJO (PECADO MORTAL)
fueron los hombres de gris,SIGUEN PEGANDO ABAJO (PECADO MORTAL)
Miren lo están golpeando todo el tiempo,SIGUEN PEGANDO ABAJO (PECADO MORTAL)
"lo vuelven, vuelven a golpear",SIGUEN PEGANDO ABAJO (PECADO MORTAL)
nos siguen pegando abajo.,SIGUEN PEGANDO ABAJO (PECADO MORTAL)
Estoy yéndome,SIGUEN PEGANDO ABAJO (PECADO MORTAL)
soy como una luz apagándose,SIGUEN PEGANDO ABAJO (PECADO MORTAL)
"desde el piso los pude ver,",SIGUEN PEGANDO ABAJO (PECADO MORTAL)
locos de placer alejándose,SIGUEN PEGANDO ABAJO (PECADO MORTAL)
Miren lo están golpeando todo el tiempo,SIGUEN PEGANDO ABAJO (PECADO MORTAL)
"lo vuelven, vuelven a golpear",SIGUEN PEGANDO ABAJO (PECADO MORTAL)
nos siguen pegando abajo.,SIGUEN PEGANDO ABAJO (PECADO MORTAL)
Los amigos del barrio pueden desaparecer,DINOSAURIOS
los cantores de radio pueden desaparecer,DINOSAURIOS
los que están en los diarios pueden desaparecer,DINOSAURIOS
la persona que amas puede desaparecer.,DINOSAURIOS
Los que están en el aire,DINOSAURIOS
pueden desaparecer en el aire,DINOSAURIOS
los que están en la calle,DINOSAURIOS
pueden desaparecer en la calle.,DINOSAURIOS
"Los amigos del barrio pueden desaparecer,",DINOSAURIOS
pero los dinosaurios van a desaparecer.,DINOSAURIOS
"No estoy tranquilo mi amor,",DINOSAURIOS
"hoy es sábado a la noche,",DINOSAURIOS
un amigo está en cana.,DINOSAURIOS
Oh mi amor,DINOSAURIOS
desaparece el mundo,DINOSAURIOS
Si los pesados mi amor llevan,DINOSAURIOS
todo ese montón de equipajes en la mano,DINOSAURIOS
oh mi amor yo quiero estar liviano.,DINOSAURIOS
Cuando el mundo tira para abajo,DINOSAURIOS
yo no quiero estar atado a nada,DINOSAURIOS
imaginen a los dinosaurios en la cama,DINOSAURIOS
Cuando el mundo tira para abajo,DINOSAURIOS
yo no quiero estar atado a nada,DINOSAURIOS
imaginen a los dinosaurios en la cama,DINOSAURIOS
Los amigos del barrio,DINOSAURIOS
pueden desaparecer,DINOSAURIOS
los cantores de radio,DINOSAURIOS
pueden desaparecer,DINOSAURIOS
los que están en los diarios,DINOSAURIOS
pueden desaparecer,DINOSAURIOS
la persona que amas,DINOSAURIOS
puede desaparecer.,DINOSAURIOS
Los que están en el aire,DINOSAURIOS
pueden desaparecer en el aire,DINOSAURIOS
los que están en la calle,DINOSAURIOS
pueden desaparecer en la calle.,DINOSAURIOS
Los amigos del barrio,DINOSAURIOS
"pueden desaparecer,",DINOSAURIOS
pero los dinosaurios,DINOSAURIOS
van a desaparecer.,DINOSAURIOS
"Estoy verde, no me dejan salir.",ME DEJAN SALIR
"estoy verde, no me dejan salir.",ME DEJAN SALIR
"No puedo largar, no puedo salir",ME DEJAN SALIR
no puedo sentir amor a este sentimiento,ME DEJAN SALIR
tengo que volverte a ver.,ME DEJAN SALIR
Tengo que volverte a ver,ME DEJAN SALIR
no puedo salir,ME DEJAN SALIR
por amor a este sentimiento.,ME DEJAN SALIR
"Estoy verde, no me dejan salir",ME DEJAN SALIR
"estoy verde, no me dejan salir.",ME DEJAN SALIR
"No puedo pensar, no puedo vivir",ME DEJAN SALIR
no puedo pensar si amor es un pensamiento,ME DEJAN SALIR
tengo que volverte a ver.,ME DEJAN SALIR
Tengo que volverte a ver,ME DEJAN SALIR
"no puedo perder, por amor a ese sentimiento.",ME DEJAN SALIR
Tengo que confiar en mi amor,ME DEJAN SALIR
tengo que confiar en mi sentimiento,ME DEJAN SALIR
tengo que confiar en mi amor,ME DEJAN SALIR
tengo que confiar en mi sentimiento.,ME DEJAN SALIR
Ya no sirve vivir para sufrir,ME DEJAN SALIR
"te das cuenta, sacate el mocasín.",ME DEJAN SALIR
"No puedo calmar, no puedo parir",ME DEJAN SALIR
no puedo esperar mil años que cambie el viento,ME DEJAN SALIR
tengo que volverte a ver.,ME DEJAN SALIR
Tengo que volverte a ver,ME DEJAN SALIR
"no puedo perder, por amor a ese sentimiento",ME DEJAN SALIR
Tengo que confiar en mi amor,ME DEJAN SALIR
tengo que confiar en mi sentimiento.,ME DEJAN SALIR
Yo que nací con Videla,HOTELES
yo que nací sin poder,HOTELES
yo que luché por la libertad,HOTELES
y nunca la pude tener,HOTELES
Yo que viví entre fachistas,HOTELES
yo que morí en el altar,HOTELES
yo que crecí con los que estaban bien,HOTELES
pero a la noche estaba todo mal.,HOTELES
"Hoy pasó el tiempo,",HOTELES
demoliendo hoteles,HOTELES
mientras los plomos juntan los cables,HOTELES
cazan rehenes.,HOTELES
Hoy pasó el tiempo,HOTELES
demoliendo hoteles,HOTELES
mientras los chicos allá en la esquina,HOTELES
pegan carteles.,HOTELES
Yo fui educado con odio,HOTELES
y odiaba la humanidad,HOTELES
un día me fui con los hippies,HOTELES
y tuve un amor y mucho más.,HOTELES
"Ahora no estoy más tranquilo,",HOTELES
y por qué tendría que estar,HOTELES
todos crecimos sin entender,HOTELES
y todavía me siento un anormal,HOTELES
"Hoy pasó el tiempo,",HOTELES
demoliendo hoteles,HOTELES
mientras los plomos juntan los cables,HOTELES
cazan rehenes.,HOTELES
Hoy pasó el tiempo,HOTELES
demoliendo hoteles,HOTELES
mientras los chicos allá en la esquina,HOTELES
pegan carteles.,HOTELES
"Por favor,",SOBRE EL BIDET
no hagas promesas sobre el bidet,SOBRE EL BIDET
"por favor,",SOBRE EL BIDET
no me abras más los sobres,SOBRE EL BIDET
"por favor,",SOBRE EL BIDET
yo te prometo te escribiré,SOBRE EL BIDET
si es que paras de correr,SOBRE EL BIDET
"Por favor,",SOBRE EL BIDET
sigue la sombra de mi bebé,SOBRE EL BIDET
"por favor,",SOBRE EL BIDET
"no bebas más, no llores",SOBRE EL BIDET
"por favor,",SOBRE EL BIDET
yo te prometo te escribiré,SOBRE EL BIDET
si es que para de llover,SOBRE EL BIDET
Porque me tratas tan bien,SOBRE EL BIDET
me tratas tan mal,SOBRE EL BIDET
sabes que no aprendí a vivir,SOBRE EL BIDET
A veces estoy tan bien,SOBRE EL BIDET
estoy tan down,SOBRE EL BIDET
calambres en el alma,SOBRE EL BIDET
cada cual tiene un trip,SOBRE EL BIDET
en el bocho,SOBRE EL BIDET
difícil que lleguemos,SOBRE EL BIDET
a ponernos,SOBRE EL BIDET
"de acuerdo, de acuerdo",SOBRE EL BIDET
Y si vas a la derecha,PEINADOS NUEVOS
"y cambiás hacia la izquierda, adelante.",PEINADOS NUEVOS
"Es mejor que estarse quieto,",PEINADOS NUEVOS
es mejor que ser un vigilante.,PEINADOS NUEVOS
Si me gustan las canciones de amor,PEINADOS NUEVOS
y me gustan esos raros peinados nuevos,PEINADOS NUEVOS
ya no quiero criticar,PEINADOS NUEVOS
sólo quiero ser un enfermero.,PEINADOS NUEVOS
Y si trabajás al pedo,PEINADOS NUEVOS
"y estás haciendo algo nuevo, adelante.",PEINADOS NUEVOS
Y si cantas a la luna,PEINADOS NUEVOS
"y perdés la vida en un instante,",PEINADOS NUEVOS
Si luchaste por un mundo mejor,PEINADOS NUEVOS
y te gustan esos raros peinados nuevos,PEINADOS NUEVOS
no quiero ver al doctor,PEINADOS NUEVOS
sólo quiero ver al enfermero.,PEINADOS NUEVOS
Dame un poquito de amor,PEINADOS NUEVOS
no quiero un toco.,PEINADOS NUEVOS
"Quiero algo de razón,",PEINADOS NUEVOS
no quiero un loco.,PEINADOS NUEVOS
apagá el televisor.,PEINADOS NUEVOS
Si lo que te gusta es gritar,PEINADOS NUEVOS
desenchufa el cable del parlante.,PEINADOS NUEVOS
El silencio tiene acción,PEINADOS NUEVOS
el más cuerdo es el más delirante.,PEINADOS NUEVOS
Me gustaban las canciones de amor,PEINADOS NUEVOS
me gustaban esos raros peinados nuevos,PEINADOS NUEVOS
"de chiquito fui aviador,",PEINADOS NUEVOS
pero ahora soy un enfermero.,PEINADOS NUEVOS
Oh no puedes ser feliz,A TU CORAZÓN
con tanta gente hablando a tu alrededor,A TU CORAZÓN
oh dame tu amor a mí,A TU CORAZÓN
"le estoy hablando, hablando, hablando a tu corazón",A TU CORAZÓN
"Cuando estás muy sola, sola en la calle",A TU CORAZÓN
"con tanta gente hablando, hablando a tu alrededor",A TU CORAZÓN
necesitas a alguien que te acompañe,A TU CORAZÓN
"le estoy hablando, hablando, hablando a tu corazón",A TU CORAZÓN
No importa el lenguaje ni las palabras,A TU CORAZÓN
ni las fronteras que separan a nuestro amor,A TU CORAZÓN
quiero que me escuches y que te abras,A TU CORAZÓN
"le estoy hablando, hablando, hablando a tu corazón",A TU CORAZÓN
Voy a cambiar,TU AMOR
voy a insistir,TU AMOR
voy a pelear,TU AMOR
voy a seguir.,TU AMOR
Yo necesito tu amor,TU AMOR
tu amor me salva y me sirve,TU AMOR
yo necesito tu amor,TU AMOR
cada día un poco más.,TU AMOR
Yo tengo el vicio de,TU AMOR
dejarme llevar,TU AMOR
y poner mi cabeza en Marte.,TU AMOR
Tengo prejuicios que,TU AMOR
no puedo sacar,TU AMOR
tengo un cuerpo que,TU AMOR
quiere amarte.,TU AMOR
Yo vi tu amor,TU AMOR
yo vi tu amor.,TU AMOR
Dentro del mal,TU AMOR
cerca del fin,TU AMOR
"cerca de vos,",TU AMOR
dentro de mí.,TU AMOR
Yo necesito tu amor,TU AMOR
tu amor me salva y me sirve,TU AMOR
yo necesito tu amor,TU AMOR
cada día un poco más.,TU AMOR
No tengo nadie,TU AMOR
que yo quiera escuchar,TU AMOR
ni pasiones para abrigarme,TU AMOR
"no tengo máscara,",TU AMOR
no tengo disfraz,TU AMOR
ni señales para guiarme,TU AMOR
al menos hoy,TU AMOR
al menos hoy.,TU AMOR
Estás buscando un viejo camisón,UN SÍMBOLO DE PAZ
estás buscando alguna religión,UN SÍMBOLO DE PAZ
estás buscando un símbolo de paz.,UN SÍMBOLO DE PAZ
Estás buscando un incienso ya,UN SÍMBOLO DE PAZ
estás buscando un sueño en el placard.,UN SÍMBOLO DE PAZ
estás buscando un símbolo de paz.,UN SÍMBOLO DE PAZ
Y damos vueltas a la heladera,UN SÍMBOLO DE PAZ
y solo queda un limón sin exprimir,UN SÍMBOLO DE PAZ
nos divertimos en primavera,UN SÍMBOLO DE PAZ
y en invierno nos queremos morir.,UN SÍMBOLO DE PAZ
Estás buscando un porro de papá,UN SÍMBOLO DE PAZ
estás buscando un saco de mamá,UN SÍMBOLO DE PAZ
porque si nada queda nada da.,UN SÍMBOLO DE PAZ
Estás buscando un incienso ya,UN SÍMBOLO DE PAZ
estás buscando un sueño en el placard,UN SÍMBOLO DE PAZ
estás buscando un símbolo de paz.,UN SÍMBOLO DE PAZ
Y damos vuelta a la discoteca,UN SÍMBOLO DE PAZ
y ya no quedan ganas de sonreír,UN SÍMBOLO DE PAZ
nos divertimos en primavera,UN SÍMBOLO DE PAZ
y en invierno nos queremos morir.,UN SÍMBOLO DE PAZ
Será porque nos queremos sentir bien,UN SÍMBOLO DE PAZ
que ahora estamos bailando entre la gente,UN SÍMBOLO DE PAZ
será porque nos queremos sentir bien,UN SÍMBOLO DE PAZ
que ahora todo suena diferente.,UN SÍMBOLO DE PAZ
Y damos vueltas a la heladera,UN SÍMBOLO DE PAZ
y solo queda un limón sin exprimir,UN SÍMBOLO DE PAZ
nos divertimos en primavera,UN SÍMBOLO DE PAZ
y en invierno nos queremos morir.,UN SÍMBOLO DE PAZ
Vamos al campo,DE LAS HORMIGAS
a descansar.,DE LAS HORMIGAS
"no queda nada, nada, nada que jalar",DE LAS HORMIGAS
de vacaciones me quiero ir,DE LAS HORMIGAS
a ver las focas y el casino en la Feliz.,DE LAS HORMIGAS
No me banco las hormigas,DE LAS HORMIGAS
por favor pasame el Raid.,DE LAS HORMIGAS
No me banco las hormigas,DE LAS HORMIGAS
por favor pasame el Raid.,DE LAS HORMIGAS
"No tengo teca,",DE LAS HORMIGAS
no tengo grass,DE LAS HORMIGAS
y la heladera no funciona,DE LAS HORMIGAS
porque la misma es a gas.,DE LAS HORMIGAS
"comida, no hay más.",DE LAS HORMIGAS
Estoy en el medio de la selva,DE LAS HORMIGAS
esto no lo aguanto más.,DE LAS HORMIGAS
"No me banco las hormigas,",DE LAS HORMIGAS
yo me vuelvo a la ciudad.,DE LAS HORMIGAS
"No voy en tren, voy en avión",VOY EN TREN
"no necesito a nadie, a nadie alrededor.",VOY EN TREN
"Porque no hay nadie que mi piel resista,",VOY EN TREN
"porque no hay nadie que yo quiera ver,",VOY EN TREN
"no veo televisión ni las revistas,",VOY EN TREN
no veo ya nada que no pueda hacer.,VOY EN TREN
"No voy en tren, voy en avión",VOY EN TREN
"no necesito a nadie, a nadie alrededor.",VOY EN TREN
Cuando era niño nunca fui muy listo,VOY EN TREN
tocaba el piano como un animal,VOY EN TREN
"yo sé, que algunos piensan que soy mixto",VOY EN TREN
pero yo tengo personalidad.,VOY EN TREN
Yo soy de la Cruz del sur,VOY EN TREN
soy el que cierra y el que apaga la luz,VOY EN TREN
"yo soy de la Cruz del sur,",VOY EN TREN
aquí y en anywhere.,VOY EN TREN
"No voy en tren, voy en avión",VOY EN TREN
"no necesito a nadie, a nadie alrededor.",VOY EN TREN
Rubias de New York,BAR
fantasmas de percal,BAR
"presten atención,",BAR
se ha abierto un piano bar,BAR
cerca del cabaret.,BAR
Será que nací en el sur?,BAR
será que encendí la luz de tu amor?,BAR
"Viudas de Nerón,",BAR
amantes de Gardel,BAR
"suena un bandoneón,",BAR
cerca del cabaret,BAR
Será que nací en el sur?,BAR
será que encendí la luz de tu amor?,BAR
Los chicos tienen un lugar,BAR
donde viven esas cosas que asombran,BAR
las chicas tienen un lugar donde ir a conversar.,BAR
"Usa tu rubor,",BAR
escoge tu disfraz,BAR
"plumas de gorrión,",BAR
sonrisas de zorzal.,BAR
Coloca vitrina al sur,BAR
"reloca titila luz, la ciudad.",BAR
No tengo nada que hacer,DE 2 X 3
no tengo nada que dar,DE 2 X 3
no encuentro la gracia en mi manera de hablar,DE 2 X 3
no quiero volver nunca más.,DE 2 X 3
"Todos podemos perder, todos podemos ganar",DE 2 X 3
entre las sogas del circo y las trincheras del mal,DE 2 X 3
yo quiero olvidarme de hablar.,DE 2 X 3
Las pálidas figuras se acercaron hasta mí.,DE 2 X 3
Mi mente tuvo dudas y fingí que ya las vi.,DE 2 X 3
Ya no quiero vivir así,DE 2 X 3
repitiendo las agonías del pasado,DE 2 X 3
con los hermanos de mi niñez,DE 2 X 3
es muy duro sobrevivir,DE 2 X 3
aunque el tiempo ya los ha vuelto desconfiados.,DE 2 X 3
Tenemos algo para decir,DE 2 X 3
no es la misma canción de 2 x 3,DE 2 X 3
las cosas ya no son como las vez.,DE 2 X 3
"Estoy andando por las vías del tren,",NOT IN LOVE
haciendo cosas que no quiero hacer.,NOT IN LOVE
Todo eso tiene una explicación:,NOT IN LOVE
Im not in love.,NOT IN LOVE
"Cuando la gente dice que estoy bien,",NOT IN LOVE
no pueden ver debajo de mi piel.,NOT IN LOVE
Sólo lo hacen por comodidad.,NOT IN LOVE
Im not in love.,NOT IN LOVE
"Es tu ley hacerme sentir culpable,",NOT IN LOVE
necesitas alguien para deshacer.,NOT IN LOVE
"¡Hey!, lo nuestro es interminable.",NOT IN LOVE
Necesito ser.,NOT IN LOVE
Para aburrirme prefiero sufrir.,NOT IN LOVE
Para venderme prefiero morir.,NOT IN LOVE
Lo único que quiero es no ser,NOT IN LOVE
como vos.,NOT IN LOVE
Im not in love.,NOT IN LOVE
"Vi la luna, chorreando sin parar",SOBRE PLATEADO
su luz de catedral,SOBRE PLATEADO
y un barco viejo cruzando,SOBRE PLATEADO
el mar de Sudamérica a Europa,SOBRE PLATEADO
sobre un espejo lleno de sal,SOBRE PLATEADO
Aeroplanos cortando el celofán,SOBRE PLATEADO
de un cielo tropical,SOBRE PLATEADO
abriendo surcos van a llevar,SOBRE PLATEADO
hacia el exilio o la vuelta,SOBRE PLATEADO
a los que ya no aguantaron más,SOBRE PLATEADO
Huellas en el mar,SOBRE PLATEADO
sangre en nuestro hogar,SOBRE PLATEADO
porque tenemos que ir tan lejos,SOBRE PLATEADO
para estar acá,SOBRE PLATEADO
nos quedamos por tener fe,SOBRE PLATEADO
nos fuimos por amar,SOBRE PLATEADO
ganamos algo y algo se fue,SOBRE PLATEADO
y algunos hijos son padres,SOBRE PLATEADO
y algunas huellas ya son la piel,SOBRE PLATEADO
"Corría el año mil novecientos sesenta y tantos,",CHICA QUE SE ROBÓ AL MUNDO (CON JUAN ALBERTO BADÍA)
cuando el disparo de la escopeta del Coronel Díaz,CHICA QUE SE ROBÓ AL MUNDO (CON JUAN ALBERTO BADÍA)
destruyó la bocina parlante,CHICA QUE SE ROBÓ AL MUNDO (CON JUAN ALBERTO BADÍA)
que interrumpía su sagrada siesta.,CHICA QUE SE ROBÓ AL MUNDO (CON JUAN ALBERTO BADÍA)
"Nuestra heroína,",CHICA QUE SE ROBÓ AL MUNDO (CON JUAN ALBERTO BADÍA)
"conocida en Paso del Rey como Say,",CHICA QUE SE ROBÓ AL MUNDO (CON JUAN ALBERTO BADÍA)
tuvo que conectar la radio,CHICA QUE SE ROBÓ AL MUNDO (CON JUAN ALBERTO BADÍA)
al viejo combinado ortofónico,CHICA QUE SE ROBÓ AL MUNDO (CON JUAN ALBERTO BADÍA)
para captar la señal de la pared de sonido.,CHICA QUE SE ROBÓ AL MUNDO (CON JUAN ALBERTO BADÍA)
La única emisora que daba noticias,CHICA QUE SE ROBÓ AL MUNDO (CON JUAN ALBERTO BADÍA)
de los platillos voladores.,CHICA QUE SE ROBÓ AL MUNDO (CON JUAN ALBERTO BADÍA)
"Ella, tenía la manía de robar globos terráqueos",CHICA QUE SE ROBÓ AL MUNDO (CON JUAN ALBERTO BADÍA)
"de escuelas, instituciones y bibiotecas.",CHICA QUE SE ROBÓ AL MUNDO (CON JUAN ALBERTO BADÍA)
"Se aferraba al mundo con vehemencia,",CHICA QUE SE ROBÓ AL MUNDO (CON JUAN ALBERTO BADÍA)
"sintiendo que en parte,",CHICA QUE SE ROBÓ AL MUNDO (CON JUAN ALBERTO BADÍA)
"ya se lo habían sacado un poco,",CHICA QUE SE ROBÓ AL MUNDO (CON JUAN ALBERTO BADÍA)
y no quería perderlo todo.,CHICA QUE SE ROBÓ AL MUNDO (CON JUAN ALBERTO BADÍA)
Una noche de lluvia,CHICA QUE SE ROBÓ AL MUNDO (CON JUAN ALBERTO BADÍA)
el tren plateado en donde Say viajaba,CHICA QUE SE ROBÓ AL MUNDO (CON JUAN ALBERTO BADÍA)
todos los días en busca de conocimientos imposibles,CHICA QUE SE ROBÓ AL MUNDO (CON JUAN ALBERTO BADÍA)
"se detuvo misteriosamente, así como los relojes, los automóviles,",CHICA QUE SE ROBÓ AL MUNDO (CON JUAN ALBERTO BADÍA)
y todo aquello que estaba a la vista,CHICA QUE SE ROBÓ AL MUNDO (CON JUAN ALBERTO BADÍA)
de los azorados pasajeros.,CHICA QUE SE ROBÓ AL MUNDO (CON JUAN ALBERTO BADÍA)
Sólo su radio a transistores siguió funcionando.,CHICA QUE SE ROBÓ AL MUNDO (CON JUAN ALBERTO BADÍA)
"Repetía continuamente Clatú, Bracta, Nicto,",CHICA QUE SE ROBÓ AL MUNDO (CON JUAN ALBERTO BADÍA)
"Clatú, Bracta, Nicto.",CHICA QUE SE ROBÓ AL MUNDO (CON JUAN ALBERTO BADÍA)
Dicen que ese mismo día,CHICA QUE SE ROBÓ AL MUNDO (CON JUAN ALBERTO BADÍA)
algunos seres espaciales embarazaron,CHICA QUE SE ROBÓ AL MUNDO (CON JUAN ALBERTO BADÍA)
a las más bonitas señoras de Paso del Rey.,CHICA QUE SE ROBÓ AL MUNDO (CON JUAN ALBERTO BADÍA)
"Si alguien te saluda con un Clatú,",CHICA QUE SE ROBÓ AL MUNDO (CON JUAN ALBERTO BADÍA)
"Bracta, Nicto, o levantando la mano derecha",CHICA QUE SE ROBÓ AL MUNDO (CON JUAN ALBERTO BADÍA)
"con un brazalete Say No More,",CHICA QUE SE ROBÓ AL MUNDO (CON JUAN ALBERTO BADÍA)
no dudes en considerarlo un amigo y aliado.,CHICA QUE SE ROBÓ AL MUNDO (CON JUAN ALBERTO BADÍA)
Sus poderes telepáticos y telequinéticos,CHICA QUE SE ROBÓ AL MUNDO (CON JUAN ALBERTO BADÍA)
"son capaces de paralizar la Tierra,",CHICA QUE SE ROBÓ AL MUNDO (CON JUAN ALBERTO BADÍA)
"como advertencia a los que no se imaginan nada,",CHICA QUE SE ROBÓ AL MUNDO (CON JUAN ALBERTO BADÍA)
"a los que se siguen llamando chabones,",CHICA QUE SE ROBÓ AL MUNDO (CON JUAN ALBERTO BADÍA)
"a los que piensan que todo tiempo pasado fue mejor,",CHICA QUE SE ROBÓ AL MUNDO (CON JUAN ALBERTO BADÍA)
a los que pretenden detener el poder del idealismo.,CHICA QUE SE ROBÓ AL MUNDO (CON JUAN ALBERTO BADÍA)
En estos días que están pasando,DÍA QUE APAGARON LA LUZ
ya sé muy bien que vos me estas buscando,DÍA QUE APAGARON LA LUZ
quiero saber lo que hicimos,DÍA QUE APAGARON LA LUZ
el día que apagaron la luz,DÍA QUE APAGARON LA LUZ
Con esa música que hay ahora,DÍA QUE APAGARON LA LUZ
entiendo mas por que estas tan sola,DÍA QUE APAGARON LA LUZ
paralizando la tierra,DÍA QUE APAGARON LA LUZ
el día que apagaron la luz,DÍA QUE APAGARON LA LUZ
No podes ver que ya me perteneces,DÍA QUE APAGARON LA LUZ
yo quiero ver casi todo lo que haces,DÍA QUE APAGARON LA LUZ
por eso,DÍA QUE APAGARON LA LUZ
Llegará el día en que estemos juntos,DÍA QUE APAGARON LA LUZ
haciendo todo para este mundo,DÍA QUE APAGARON LA LUZ
paralizando la tierra,DÍA QUE APAGARON LA LUZ
el día que apagaron la luz (say no more),DÍA QUE APAGARON LA LUZ
No podes ver que ya me perteneces,DÍA QUE APAGARON LA LUZ
yo puedo ver casi todo lo que haces,DÍA QUE APAGARON LA LUZ
por eso,DÍA QUE APAGARON LA LUZ
Ya llegó el día en que estemos juntos,DÍA QUE APAGARON LA LUZ
haciendo todo a pesar del mundo,DÍA QUE APAGARON LA LUZ
paralizando la tierra,DÍA QUE APAGARON LA LUZ
el día que apagaron la luz,DÍA QUE APAGARON LA LUZ
Paralizando la tierra,DÍA QUE APAGARON LA LUZ
el día que apagaron la luz,DÍA QUE APAGARON LA LUZ
paralizando la tierra,DÍA QUE APAGARON LA LUZ
el día que apagaron la luz,DÍA QUE APAGARON LA LUZ
el día que apagaron la luz,DÍA QUE APAGARON LA LUZ
"el día, el día, el día",DÍA QUE APAGARON LA LUZ
el día que apagaron la luz,DÍA QUE APAGARON LA LUZ
el día que apagaron la luz,DÍA QUE APAGARON LA LUZ
El día que apagaron la luz,DÍA QUE APAGARON LA LUZ
paralizando la tierra,DÍA QUE APAGARON LA LUZ
el día que apagaron la luz,DÍA QUE APAGARON LA LUZ
"el día, el día, el día,",DÍA QUE APAGARON LA LUZ
el día que apagaron la luz.,DÍA QUE APAGARON LA LUZ
"Che, si en verdad me tomas en serio",SABER PORQUÉ
Deberías saber por qué,SABER PORQUÉ
En el fondo no es un misterio,SABER PORQUÉ
Deberías saber por qué,SABER PORQUÉ
"Te vas, ahí nomás",SABER PORQUÉ
Todos van hasta ahí nomás,SABER PORQUÉ
Ahí nomás.,SABER PORQUÉ
"Che, si te pones la camiseta",SABER PORQUÉ
Deberías saber por qué,SABER PORQUÉ
Aunque digas que no me meta,SABER PORQUÉ
Deberías saber por qué,SABER PORQUÉ
Te vas ahí nomás,SABER PORQUÉ
Todos van hasta ahí nomás,SABER PORQUÉ
Ahí nomás.,SABER PORQUÉ
"Andando, preguntando, discutiendo, caminando",SABER PORQUÉ
Esquivando tu manera de ser,SABER PORQUÉ
"Gritando, discutiendo, corrompiendo, agonizando",SABER PORQUÉ
Hasta el día que te volveré a ver.,SABER PORQUÉ
"Che, si es que entraste a mi apartamento",SABER PORQUÉ
Deberías saber por qué,SABER PORQUÉ
Es muy fácil decir lo siento,SABER PORQUÉ
Es muy fácil sentirse bien igual,SABER PORQUÉ
Bien igual.,SABER PORQUÉ
"Che, si en verdad me tomas en serio",SABER PORQUÉ
Deberías saber porqué.,SABER PORQUÉ
Daría cualquier cosa por amor,TRAPOS
daría cualquier cosa,TRAPOS
por poder llegar un poco más,TRAPOS
más de lo que puedo dar.,TRAPOS
Pero a la vez quiero decirte,TRAPOS
que te encargues de tu vida,TRAPOS
porque yo no soy mejor que vos,TRAPOS
vos no sos mejor que yo.,TRAPOS
Y aunque cambiemos de color las trincheras,TRAPOS
y aunque cambiemos de lugar las banderas,TRAPOS
siempre es como la primera vez.,TRAPOS
Y mientras todo el mundo sigue bailando,TRAPOS
se ven dos pibes que aún siguen buscando,TRAPOS
encontrarse por primera vez,TRAPOS
.,TRAPOS
Habiendo compartido aquél temor,TRAPOS
habiendo convivido en ésta desolación total,TRAPOS
ya no es necesario más.,TRAPOS
Y aunque cambiemos de color las trincheras,TRAPOS
y aunque cambiemos de lugar las banderas,TRAPOS
siempre es como la primera vez.,TRAPOS
Y mientras todo el mundo sigue bailando,TRAPOS
se ven dos pibes que aún siguen buscando,TRAPOS
encontrarse por primera vez.,TRAPOS
"Mi amor entero es de mi novia Popotito,",9POPOTITOS
sus piernas son como un par de canillitos,9POPOTITOS
y cuando a la fiesta la llevo a bailar,9POPOTITOS
sus piernas flacas se parecen quebrar.,9POPOTITOS
Popotito no es un primor,9POPOTITOS
pero baila que da calor.,9POPOTITOS
a mi Popotito yo le di mi amor.,9POPOTITOS
"Cuando hay aire fuerte ella parece volar,",9POPOTITOS
"en plena lluvia no se va a mojar,",9POPOTITOS
"si con Popotito me voy a casar,",9POPOTITOS
de aquí en adelante la voy a alimentar.,9POPOTITOS
Popotito no es un primor,9POPOTITOS
pero baila que da calor.,9POPOTITOS
a mi Popotito yo le di mi amor.,9POPOTITOS
Popotito baila rock and roll,9POPOTITOS
y no la ves con la luz del sol.,9POPOTITOS
si está encerrada en su habitación,9POPOTITOS
bajale las luces que hace mucho calor.,9POPOTITOS
Popotito no es un primor,9POPOTITOS
pero baila que da calor.,9POPOTITOS
a mi Popotito yo le di mi amor.,9POPOTITOS
Te siento respirar,EN EL ESPEJO
lejos de tu lugar,EN EL ESPEJO
hoy tuve un sueño con vos,EN EL ESPEJO
Que locos éramos los dos,EN EL ESPEJO
en los buenos tiempos,EN EL ESPEJO
Vos dejarás salir,EN EL ESPEJO
de tu eterno jardín,EN EL ESPEJO
yo de mi tonto fulgor,EN EL ESPEJO
Cuando encontrarnos era el fin,EN EL ESPEJO
y la vida el motor,EN EL ESPEJO
La línea blanca se termino,EN EL ESPEJO
no hay señales en tus ojos y estoy,EN EL ESPEJO
llorando en el espejo y no puedo ver,EN EL ESPEJO
A un hábil jugador,EN EL ESPEJO
trascendental actor,EN EL ESPEJO
en busca de aquel papel,EN EL ESPEJO
"que justifique con la acción,",EN EL ESPEJO
toda fantasía,EN EL ESPEJO
Que toque el saxofón,EN EL ESPEJO
que cause inspiración,EN EL ESPEJO
baila en tu forma de ser,EN EL ESPEJO
que desintegra con un blues,EN EL ESPEJO
esta oscura ficción.,EN EL ESPEJO
Por qué te quedás en Vía Muerta?,TE ANIMÁS A DESPEGAR
Por qué te quedás en Vía Muerta?,TE ANIMÁS A DESPEGAR
No se por qué vas hacia ese lugar,TE ANIMÁS A DESPEGAR
donde todos han descarrilado,TE ANIMÁS A DESPEGAR
Porqué no te animás a despegar? Yo te digo,TE ANIMÁS A DESPEGAR
por qué te quedás en Vía Muerta?,TE ANIMÁS A DESPEGAR
Por qué te quedás en Vía Muerta?,TE ANIMÁS A DESPEGAR
No se por qué vas hacia ese lugar,TE ANIMÁS A DESPEGAR
donde todos han descarrilado,TE ANIMÁS A DESPEGAR
Porqué no te animás a despegar?,TE ANIMÁS A DESPEGAR
Yo te digo por qué.,TE ANIMÁS A DESPEGAR
El ángel vigía.,TRAJES DE LÁGRIMAS III (CON GRACIELA BORGES)
"Es larga la carretera cuando uno mira atrás, porqué tenemos que ir tan lejos para estar acá. Quiero verte la cara, adoro la teletransportación.",TRAJES DE LÁGRIMAS III (CON GRACIELA BORGES)
Y aunque cambiemos de lugar las banderas siempre es como la primera vez.,TRAJES DE LÁGRIMAS III (CON GRACIELA BORGES)
No quiero más que me des con cuenta gotas tu amor. Quiero verte desnuda el día que desfilen los cuerpos que han sido salvados.,TRAJES DE LÁGRIMAS III (CON GRACIELA BORGES)
"Desprejuiciados son los que vendrán, y los que están, ya no me importan más.",TRAJES DE LÁGRIMAS III (CON GRACIELA BORGES)
"Te encontraré una mañana, y prepararás la cama para dos.",TRAJES DE LÁGRIMAS III (CON GRACIELA BORGES)
Y si vas a la derecha,PEINADOS NUEVOS
"y cambiás hacia la izquierda, adelante.",PEINADOS NUEVOS
"Es mejor que estarse quieto,",PEINADOS NUEVOS
es mejor que ser un vigilante.,PEINADOS NUEVOS
Si me gustan las canciones de amor,PEINADOS NUEVOS
y me gustan esos raros peinados nuevos,PEINADOS NUEVOS
ya no quiero criticar,PEINADOS NUEVOS
sólo quiero ser un enfermero.,PEINADOS NUEVOS
Y si trabajás al pedo,PEINADOS NUEVOS
"y estás haciendo algo nuevo, adelante.",PEINADOS NUEVOS
Y si cantas a la luna,PEINADOS NUEVOS
"y perdés la vida en un instante,",PEINADOS NUEVOS
Si luchaste por un mundo mejor,PEINADOS NUEVOS
y te gustan esos raros peinados nuevos,PEINADOS NUEVOS
no quiero ver al doctor,PEINADOS NUEVOS
sólo quiero ver al enfermero.,PEINADOS NUEVOS
Dame un poquito de amor,PEINADOS NUEVOS
no quiero un toco.,PEINADOS NUEVOS
"Quiero algo de razón,",PEINADOS NUEVOS
no quiero un loco.,PEINADOS NUEVOS
apagá el televisor.,PEINADOS NUEVOS
Si lo que te gusta es gritar,PEINADOS NUEVOS
desenchufa el cable del parlante.,PEINADOS NUEVOS
El silencio tiene acción,PEINADOS NUEVOS
el más cuerdo es el más delirante.,PEINADOS NUEVOS
Me gustaban las canciones de amor,PEINADOS NUEVOS
me gustaban esos raros peinados nuevos,PEINADOS NUEVOS
"de chiquito fui aviador,",PEINADOS NUEVOS
pero ahora soy un enfermero.,PEINADOS NUEVOS
"Tuve un amor en Paraguay,",DEL EXILIO
una flor que se quemó mal.,DEL EXILIO
"No alcancé a decir que sí,",DEL EXILIO
que ya se sacó el toque y me lo dejó a mí.,DEL EXILIO
"Si, me exilié en Madrid,",DEL EXILIO
y me fui a New York,DEL EXILIO
sólo porque seguí a Perón.,DEL EXILIO
Tenía un sólido futuro artístico,DEL EXILIO
y me comí el bajón.,DEL EXILIO
"Yo tenía tres libros,",DEL EXILIO
y una foto del Che,DEL EXILIO
ahora tengo mil años,DEL EXILIO
y muy poco que hacer.,DEL EXILIO
Vamo a baila,DEL EXILIO
vamo a baila,DEL EXILIO
vamo a baila.,DEL EXILIO
"Cuando viniste a mí,",15ASESÍNAME
"cerré la puerta pero abrí,",15ASESÍNAME
asesíname,15ASESÍNAME
"Por darte lo que di,",15ASESÍNAME
"me transformé en un souvenir,",15ASESÍNAME
"asesíname, asesíname",15ASESÍNAME
"Dejé tu imagen en el cajón,",15ASESÍNAME
"guardé tu alma en el mellotrón,",15ASESÍNAME
no quiero más que me des,15ASESÍNAME
con cuentagotas tu amor.,15ASESÍNAME
"Es sólo rock and roll,",15ASESÍNAME
"pero ya es mucho para vos,",15ASESÍNAME
"asesíname, asesíname",15ASESÍNAME
No quiero más que me des,15ASESÍNAME
con cuentagotas tu amor.,15ASESÍNAME
"Yo me quiero morir,",15ASESÍNAME
no aguanto más estar aquí,15ASESÍNAME
"Asesíname, asesíname",15ASESÍNAME
"Asesíname, asesíname",15ASESÍNAME
Hubo un tiempo que fue hermoso,PARA MI MUERTE
"y fui libre de verdad,",PARA MI MUERTE
guardaba todos mis sueños,PARA MI MUERTE
en castillos de cristal.,PARA MI MUERTE
"Poco a poco fui creciendo,",PARA MI MUERTE
y mis fábulas de amor,PARA MI MUERTE
se fueron desvaneciendo,PARA MI MUERTE
como pompas de jabón.,PARA MI MUERTE
Te encontraré una mañana,PARA MI MUERTE
dentro de mi habitación,PARA MI MUERTE
y prepararás la cama,PARA MI MUERTE
para dos.,PARA MI MUERTE
Es larga la carretera,PARA MI MUERTE
cuando uno mira atrás,PARA MI MUERTE
vas cruzando las fronteras,PARA MI MUERTE
sin darte cuenta quizás.,PARA MI MUERTE
Tomate del pasamanos,PARA MI MUERTE
porque antes de llegar,PARA MI MUERTE
de aferraran mil ancianos,PARA MI MUERTE
pero se fueron igual.,PARA MI MUERTE
Te encontraré una mañana,PARA MI MUERTE
dentro de mi habitación,PARA MI MUERTE
y prepararás la cama,PARA MI MUERTE
para dos.,PARA MI MUERTE
Quisiera saber tu nombre,PARA MI MUERTE
"tu lugar, tu dirección",PARA MI MUERTE
"si te han puesto teléfono,",PARA MI MUERTE
también tu numeración.,PARA MI MUERTE
Te suplico que me avises,PARA MI MUERTE
"si me vienes a buscar,",PARA MI MUERTE
"no es porque te tenga miedo,",PARA MI MUERTE
sólo me quiero arreglar.,PARA MI MUERTE
Te encontraré una mañana,PARA MI MUERTE
dentro de mi habitación,PARA MI MUERTE
y prepararás la cama,PARA MI MUERTE
para dos.,PARA MI MUERTE
"Mi amor, no te puedo amar.",SE VA A LLAMAR MI AMOR (CON FITO PÁEZ)
"Mi amor, no te puedo amar.",SE VA A LLAMAR MI AMOR (CON FITO PÁEZ)
"Estás prohibida, estás prohibida, ya.",SE VA A LLAMAR MI AMOR (CON FITO PÁEZ)
"Estás prohibida, pásenlo en la radio,",SE VA A LLAMAR MI AMOR (CON FITO PÁEZ)
por mi amor.,SE VA A LLAMAR MI AMOR (CON FITO PÁEZ)
"Salí, salí a pescar.",SE VA A LLAMAR MI AMOR (CON FITO PÁEZ)
"Salí, salí a pescar.",SE VA A LLAMAR MI AMOR (CON FITO PÁEZ)
"Es un rock, es un blues, es una mesa de luz",SE VA A LLAMAR MI AMOR (CON FITO PÁEZ)
es un mambo de xuxú,SE VA A LLAMAR MI AMOR (CON FITO PÁEZ)
un manual de Kapelusz,SE VA A LLAMAR MI AMOR (CON FITO PÁEZ)
"es mi amor,",SE VA A LLAMAR MI AMOR (CON FITO PÁEZ)
no se va a llamar.,SE VA A LLAMAR MI AMOR (CON FITO PÁEZ)
"Estás prohibida, estás prohibida, ya.",SE VA A LLAMAR MI AMOR (CON FITO PÁEZ)
"Estás prohibida, pásenlo en la radio,",SE VA A LLAMAR MI AMOR (CON FITO PÁEZ)
por mi amor.,SE VA A LLAMAR MI AMOR (CON FITO PÁEZ)
Por mi amor.,SE VA A LLAMAR MI AMOR (CON FITO PÁEZ)
Quiero verte la cara,LEDA
brillando como una esclava negra,LEDA
sonriendo con ganas.,LEDA
"Lejos, lejos de casa",LEDA
no tengo nadie que me acompañe,LEDA
a ver la mañana.,LEDA
"Y que me de la inyección a tiempo,",LEDA
antes que se me pudra el corazón.,LEDA
"y calienten estos huesos fríos, nena.",LEDA
Quiero verte desnuda,LEDA
el día que desfilen los cuervos,LEDA
"que han sido salvados, nena.",LEDA
"Sobre alguna autopista,",LEDA
que tenga infinitos carteles,LEDA
que no digan nada.,LEDA
Y realmente quiero que te rías,LEDA
y que digas que es un juego nomás,LEDA
"o me mates este mediodía, nena.",LEDA
"Entrando al cuarto, volando bajo",LEDA
la alondra ya está,LEDA
"cerca de tu cama, nena.",LEDA
"Quiero quedarme , no digas nada",LEDA
espera que las sombras,LEDA
se hayan ido nena.,LEDA
No ves ni capa azul,LEDA
mi pelo hasta los hombros,LEDA
la luz fatal,LEDA
la espada vengadora,LEDA
"No ves que blanco soy, no ves?",LEDA
"No ves que blanco soy, no ves?",LEDA
Quiero quemar de a poco,LEDA
las velas de los barcos anclados,LEDA
"en mares helados, nena.",LEDA
Este invierno fue malo,LEDA
"y creo, creo que olvidé mi sombra",LEDA
en un subterráneo.,LEDA
Y tus piernas cada vez más larga,LEDA
saben que no es bueno volver a atrás,LEDA
"la ciudad se nos mea de risa, nena.",LEDA
La noticia apareció,EN LLAMAS CUANDO ME ACOSTÉ
en un periódico sensacionalista,EN LLAMAS CUANDO ME ACOSTÉ
decía simplemente,EN LLAMAS CUANDO ME ACOSTÉ
que se había producido un incendio,EN LLAMAS CUANDO ME ACOSTÉ
"Después de llegar los bomberos,",EN LLAMAS CUANDO ME ACOSTÉ
"la policía, la prensa",EN LLAMAS CUANDO ME ACOSTÉ
"rescatar al hombre, apagar el fuego,",EN LLAMAS CUANDO ME ACOSTÉ
le hicieron la pregunta obvia:,EN LLAMAS CUANDO ME ACOSTÉ
¿Cómo se inició el incendio?,EN LLAMAS CUANDO ME ACOSTÉ
No sé...,EN LLAMAS CUANDO ME ACOSTÉ
Estaba en llamas cuando me acosté,EN LLAMAS CUANDO ME ACOSTÉ
estaba en llamas cuando me acosté,EN LLAMAS CUANDO ME ACOSTÉ
Ni siquiera puedo entender,EN LLAMAS CUANDO ME ACOSTÉ
"lo que hago a veces, nena",EN LLAMAS CUANDO ME ACOSTÉ
pero sé que tú podrías,EN LLAMAS CUANDO ME ACOSTÉ
entenderme a mi,EN LLAMAS CUANDO ME ACOSTÉ
Estaba en llamas...,EN LLAMAS CUANDO ME ACOSTÉ
"""Había dos obreros,",EN LLAMAS CUANDO ME ACOSTÉ
uno se quejaba de la comida,EN LLAMAS CUANDO ME ACOSTÉ
"¿Quién te hace la comida? Yo""",EN LLAMAS CUANDO ME ACOSTÉ
Sé que es poco pero podrías entender,EN LLAMAS CUANDO ME ACOSTÉ
que vine aquí en una misión,EN LLAMAS CUANDO ME ACOSTÉ
"quiero curar, pero mis manos",EN LLAMAS CUANDO ME ACOSTÉ
solo tocan amor.,EN LLAMAS CUANDO ME ACOSTÉ
"""Después de apagar el incendio",EN LLAMAS CUANDO ME ACOSTÉ
y rescatar al hombre,EN LLAMAS CUANDO ME ACOSTÉ
"le hicieron la pregunta obvia""",EN LLAMAS CUANDO ME ACOSTÉ
Estaba en llamas cuando me acosté con vos,EN LLAMAS CUANDO ME ACOSTÉ
en mi ser...,EN LLAMAS CUANDO ME ACOSTÉ
Estaba en llamas cuando me acosté,EN LLAMAS CUANDO ME ACOSTÉ
"estaba en llamas, llamas, llamas",EN LLAMAS CUANDO ME ACOSTÉ
"""La gente que tiene sus camas en llamas",EN LLAMAS CUANDO ME ACOSTÉ
se acuesta con gente que también,EN LLAMAS CUANDO ME ACOSTÉ
"tienen sus camas en llamas""",EN LLAMAS CUANDO ME ACOSTÉ
"""Pero si nos quisiéramos un poco más",EN LLAMAS CUANDO ME ACOSTÉ
"no jugaríamos tanto""",EN LLAMAS CUANDO ME ACOSTÉ
Yo no sabía pero me acosté,EN LLAMAS CUANDO ME ACOSTÉ
Yo no sabía...,EN LLAMAS CUANDO ME ACOSTÉ
Estaba en llamas cuando me acosté,EN LLAMAS CUANDO ME ACOSTÉ
"""Ya lo dijo Dios a los primeros habitantes",EN LLAMAS CUANDO ME ACOSTÉ
de este planeta:,EN LLAMAS CUANDO ME ACOSTÉ
"No coman de esa fruta,",EN LLAMAS CUANDO ME ACOSTÉ
"les traerá problemas""",EN LLAMAS CUANDO ME ACOSTÉ
"""Querida, el resto, ya lo sabemos,",EN LLAMAS CUANDO ME ACOSTÉ
"de esto se trata...Say No More""",EN LLAMAS CUANDO ME ACOSTÉ
SAY NO MORE!,EN LLAMAS CUANDO ME ACOSTÉ
SAY NO MORE!,EN LLAMAS CUANDO ME ACOSTÉ
No digas nada,EN LLAMAS CUANDO ME ACOSTÉ
estaba en llamas,EN LLAMAS CUANDO ME ACOSTÉ
Estaba en llamas cuando me acosté,EN LLAMAS CUANDO ME ACOSTÉ
"""Volviendo al tema del hombre de la cama en llamas,",EN LLAMAS CUANDO ME ACOSTÉ
¿Tenía algún problema?¿Estaba loco?,EN LLAMAS CUANDO ME ACOSTÉ
¿Borracho tal vez?,EN LLAMAS CUANDO ME ACOSTÉ
"No lo sabemos""",EN LLAMAS CUANDO ME ACOSTÉ
Estaba en llamas cuando me acosté,EN LLAMAS CUANDO ME ACOSTÉ
Instrumental.,2VEMOS...
No tengo nada que decirte,DE JIRAFAS
"sólo: Hola, cómo estás?",DE JIRAFAS
yo sé que nada,DE JIRAFAS
va a pasarme,DE JIRAFAS
solo el viento,DE JIRAFAS
Ellos no saben,DE JIRAFAS
no saben que verán,DE JIRAFAS
sólo caras,DE JIRAFAS
caras viejas,DE JIRAFAS
"Ven, ven hasta la casa",DE JIRAFAS
estoy haciendo una comida nueva,DE JIRAFAS
"yo te quería, pero ahora te quiero mas",DE JIRAFAS
"es sólo el aire que me hiciste,",DE JIRAFAS
"hiciste, hiciste, hiciste...",DE JIRAFAS
¿Qué pasa?,DE JIRAFAS
¿Qué estoy haciendo acá?,DE JIRAFAS
Canciones de jirafas,DE JIRAFAS
con el cuello hasta acá,DE JIRAFAS
Me lo dijiste a mi,UN GOL
te lo quise creer,UN GOL
yo se lo dije a usted,UN GOL
más allá del principio del placer,UN GOL
Acaba de pasar,UN GOL
un poco me dolió,UN GOL
la gente se dio cuenta,UN GOL
algo entre los dos pasó,UN GOL
Pronto podemos ver,UN GOL
los tres chiflados vienen,UN GOL
lo supo el corazón,UN GOL
con razón,UN GOL
Yo soy de ese canal,UN GOL
y estoy peinado igual,UN GOL
que el chico del tablón,UN GOL
"por favor, yo necesito un gol",UN GOL
Algo está pasando,UN GOL
que la gente está mirando,UN GOL
y la piel está cambiando,UN GOL
de color,UN GOL
Algo está pasando,UN GOL
no me convertí en un santo,UN GOL
y Fernando está tocando,UN GOL
el bandoneón,UN GOL
En Buenos Aires también,UN GOL
algo está pasando tal vez,UN GOL
y si depende de mí,UN GOL
que todo el mundo pase sin su vejez,UN GOL
Parece que no es fácil,UN GOL
nos van a discutir,UN GOL
y mis soldados y yo,UN GOL
de algún modo vamos a salir,UN GOL
Y si es un día gris,UN GOL
y no me quiere rendir,UN GOL
espero que estés vos,UN GOL
que sos el único que me conoce así,UN GOL
Para que esperar (para que esperar),UN GOL
yo sé que es fácil dormir,UN GOL
pero la gente no se olvida de estos dos,UN GOL
Algo está pasando,UN GOL
el país lo está notando,UN GOL
"Check it out, baby!",UN GOL
Yo soy de ese canal,UN GOL
y estoy peinado igual,UN GOL
que el chico del tablón,UN GOL
por favor yo necesito un gol,UN GOL
Algo está pasando,UN GOL
no me convertí en un santo,UN GOL
"""Y tal vez tu auto chocó la otra mañana",EN EL MUNDO PIENSA EN MÍ
y recién extrañarás a tu perro el día,EN EL MUNDO PIENSA EN MÍ
"de su cumpleaños""",EN EL MUNDO PIENSA EN MÍ
Yo tengo un gato,EN EL MUNDO PIENSA EN MÍ
Yo se que no soy culpable,EN EL MUNDO PIENSA EN MÍ
Yo se que ahora soy feliz,EN EL MUNDO PIENSA EN MÍ
Yo se que quería que alguien,EN EL MUNDO PIENSA EN MÍ
Alguien en el mundo piensa en mi,EN EL MUNDO PIENSA EN MÍ
Yo se que soy inbancable,EN EL MUNDO PIENSA EN MÍ
Yo se que te hice reir,EN EL MUNDO PIENSA EN MÍ
Yo se soy insoportable,EN EL MUNDO PIENSA EN MÍ
Pero alguien en el mundo piensa en mi,EN EL MUNDO PIENSA EN MÍ
Nada que hacer,EN EL MUNDO PIENSA EN MÍ
Nada que ver,EN EL MUNDO PIENSA EN MÍ
Solo vemos las películas nena,EN EL MUNDO PIENSA EN MÍ
Nada que hacer nada que ver,EN EL MUNDO PIENSA EN MÍ
La vanguardia en Argentina,EN EL MUNDO PIENSA EN MÍ
Yo sé que soy imbancable,EN EL MUNDO PIENSA EN MÍ
yo sé que no soy feliz,EN EL MUNDO PIENSA EN MÍ
yo sé que soy un amable traidor,EN EL MUNDO PIENSA EN MÍ
pero alguien en el mundo piensa en mí,EN EL MUNDO PIENSA EN MÍ
Bien por mi!,EN EL MUNDO PIENSA EN MÍ
Alguien en el mundo piensa en mí,EN EL MUNDO PIENSA EN MÍ
piensa en mi,EN EL MUNDO PIENSA EN MÍ
piensa en mi,EN EL MUNDO PIENSA EN MÍ
piensa en mi,EN EL MUNDO PIENSA EN MÍ
(INSTRUMENTAL),CONCEPT
"Jugaste,",NO MORE
"mentiste,",NO MORE
"fallaste,",NO MORE
no viste quien soy,NO MORE
"Amaste,",NO MORE
"te fuiste,",NO MORE
"curaste,",NO MORE
pediste perdón,NO MORE
Alguna vez,NO MORE
algo tenía que pasar,NO MORE
(no sé si lo entenderás),NO MORE
yo siempre estuve aquí,NO MORE
no sé qué hiciste en mi,NO MORE
porque mi vida es,NO MORE
tan triste,NO MORE
yo se que,NO MORE
existe la voz (la voz),NO MORE
Pediste perdón (perdón),NO MORE
Mi vida es,NO MORE
tan triste,NO MORE
yo se que,NO MORE
"existe la voz, la voz",NO MORE
"""Decía simplemente",NO MORE
"que se había producido un incendio""",NO MORE
"""Al llegar los bomberos, encontraron",NO MORE
"a un hombre en una cama en llamas""",NO MORE
Hay en este lugar,8CUCHILLOS
mucho para dar,8CUCHILLOS
no te puedo mentir,8CUCHILLOS
porque sos tan fiel,8CUCHILLOS
me viste crecer,8CUCHILLOS
me viste nacer,8CUCHILLOS
y yo te vi reír,8CUCHILLOS
Cuando el cristal,8CUCHILLOS
se apague en el mal,8CUCHILLOS
"verás, que toda",8CUCHILLOS
esta canción,8CUCHILLOS
es alegría,8CUCHILLOS
"Hoy, hoy tal como ayer",8CUCHILLOS
desaparecer,8CUCHILLOS
es todos sonreír,8CUCHILLOS
De tanto darte amor,8CUCHILLOS
te hice feliz,8CUCHILLOS
cortando el aire,8CUCHILLOS
solo hasta sentir,8CUCHILLOS
que no había perdón,8CUCHILLOS
que no había razón,8CUCHILLOS
ya no puedo morir,8CUCHILLOS
Esa navaja gris,8CUCHILLOS
te cortó la voz,8CUCHILLOS
se hizo cuchillo,8CUCHILLOS
al fin,8CUCHILLOS
Instrumental.,9A1
(INSTRUMENTAL),9
Vivo a través,VACÍA
de una ilusión,VACÍA
vivo en una causa perdida,VACÍA
vivo a través,VACÍA
de una canción,VACÍA
así es todos los días,VACÍA
hay amor,VACÍA
hay dolor,VACÍA
todavía,VACÍA
"hoy, hoy",VACÍA
vivo en una casa,VACÍA
vivo en una casa,VACÍA
vivo en una casa vacía,VACÍA
si querés,VACÍA
tocar tocá,VACÍA
de eso depende la vida,VACÍA
si querés,VACÍA
amar amá,VACÍA
ese es tu derecho de vida,VACÍA
"Oh, yo todavía",VACÍA
"oh, mi amor",VACÍA
vivo en una casa,VACÍA
vivo en una casa,VACÍA
vivo en una casa vacía,VACÍA
(La vanguardia es así),VACÍA
Si querés,VACÍA
chupar chupá,VACÍA
queda un lugar todavía,VACÍA
si querés,VACÍA
chupar chupá,VACÍA
salaré mi amor,VACÍA
comeré tu amor,VACÍA
daré vueltas toda la vida,VACÍA
hoy,VACÍA
hoy,VACÍA
vivo en una casa,VACÍA
vivo en una casa,VACÍA
vivo en una casa,VACÍA
"(No, thanks)",VACÍA
Si querés,VACÍA
ganar ganá,VACÍA
nadie puede perder la vida,VACÍA
si querés,VACÍA
mirar mirá,VACÍA
esto tiene muchas salidas,VACÍA
hoy,VACÍA
todavía,VACÍA
hoy,VACÍA
vivo en una casa,VACÍA
vivo en una casa,VACÍA
vivo en una casa,VACÍA
"(La entrada es gratis,",VACÍA
la salida vemos),VACÍA
Dónde se,VACÍA
van a esconder,VACÍA
pueden desaparecer,VACÍA
casa vacía,VACÍA
casa vacía,VACÍA
casa vacía,VACÍA
casa vacía,VACÍA
Ni siquiera puedo entender,ENTENDER
"lo que hago a veces, nena",ENTENDER
pero sé que tu podrías,ENTENDER
entenderme a mi,ENTENDER
¿Quién te hace,ENTENDER
la comida? Yo,ENTENDER
Sé que es poco,ENTENDER
pero podrías entender,ENTENDER
que vine aquí en una misión,ENTENDER
quiero curar,ENTENDER
pero mis manos,ENTENDER
solo tocan amor,ENTENDER
Estaba en llamas cuando me acosté,ENTENDER
Estaba en llamas cuando me acosté,ENTENDER
Estaba en llamas cuando me acosté,ENTENDER
Estaba en llamas,ENTENDER
Estaba en llamas,ENTENDER
Yo no sabía pero me acosté,ENTENDER
"""Ya lo dijo Dios",ENTENDER
a los primeros habitantes,ENTENDER
de este planeta:,ENTENDER
"No coman de esa fruta,",ENTENDER
"les traerá problemas""",ENTENDER
"Querida, el resto",ENTENDER
ya lo sabemos,ENTENDER
de esto se trata,ENTENDER
Say No More,ENTENDER
Say no more!,ENTENDER
say no more!,ENTENDER
No digas nada (nada),ENTENDER
estaba en llamas,ENTENDER
Estaba en llamas cuando me acosté,ENTENDER
"""Volviendo al tema del hombre de la cama en llamas:",ENTENDER
¿tenía lagún problema?¿estaba loco?¿borracho tal vez?,ENTENDER
"No lo sabemos""",ENTENDER
Estaba en llamas cuando me acosté,ENTENDER
(INSTRUMENTAL),13INTUICIÓN
"""Estamos por invadir Corrientes""",VANGUARDIA ES ASÍ
"""Inconciente colectivo""",VANGUARDIA ES ASÍ
"""De parte¿?""",VANGUARDIA ES ASÍ
Cuando me mires a los ojos,VANGUARDIA ES ASÍ
y mi mirada esté en otro lugar,VANGUARDIA ES ASÍ
no te acerques a mi,VANGUARDIA ES ASÍ
porque sé que yo te voy a lastimar,VANGUARDIA ES ASÍ
Todas las mañanas son iguales,Y DESPROLIJO (PAPPO FT. CHARLY GARCÍA)
"lindas, novedosas y especiales",Y DESPROLIJO (PAPPO FT. CHARLY GARCÍA)
siguen reprochándome morales,Y DESPROLIJO (PAPPO FT. CHARLY GARCÍA)
todo lo que yo hago está mal,Y DESPROLIJO (PAPPO FT. CHARLY GARCÍA)
Son muchos pensamientos,Y DESPROLIJO (PAPPO FT. CHARLY GARCÍA)
para una sola cosa,Y DESPROLIJO (PAPPO FT. CHARLY GARCÍA)
estoy algo cansado de vivir,Y DESPROLIJO (PAPPO FT. CHARLY GARCÍA)
en realidad,Y DESPROLIJO (PAPPO FT. CHARLY GARCÍA)
Yo que soy un hombre desprolijo,Y DESPROLIJO (PAPPO FT. CHARLY GARCÍA)
no tengo conflictos con miser,Y DESPROLIJO (PAPPO FT. CHARLY GARCÍA)
porque en la apariencia no me fijo,Y DESPROLIJO (PAPPO FT. CHARLY GARCÍA)
piensan que así no puedo ser,Y DESPROLIJO (PAPPO FT. CHARLY GARCÍA)
No cambia nada estar un poco sucio,Y DESPROLIJO (PAPPO FT. CHARLY GARCÍA)
si mi cabeza es eficaz,Y DESPROLIJO (PAPPO FT. CHARLY GARCÍA)
Yo que soy un hombre desprolijo,Y DESPROLIJO (PAPPO FT. CHARLY GARCÍA)
no tengo conflictos con miser,Y DESPROLIJO (PAPPO FT. CHARLY GARCÍA)
porque en la apariencia no me fijo,Y DESPROLIJO (PAPPO FT. CHARLY GARCÍA)
piensan que así no puedo ser,Y DESPROLIJO (PAPPO FT. CHARLY GARCÍA)
Son muchos pensamientos,Y DESPROLIJO (PAPPO FT. CHARLY GARCÍA)
para una sola cosa,Y DESPROLIJO (PAPPO FT. CHARLY GARCÍA)
estoy algo cansado de vivir,Y DESPROLIJO (PAPPO FT. CHARLY GARCÍA)
en realidad,Y DESPROLIJO (PAPPO FT. CHARLY GARCÍA)
No cambia nada estar un poco sucio,Y DESPROLIJO (PAPPO FT. CHARLY GARCÍA)
si mi cabeza es eficaz,Y DESPROLIJO (PAPPO FT. CHARLY GARCÍA)
es eficaz.,Y DESPROLIJO (PAPPO FT. CHARLY GARCÍA)
